node_id,label
191429,24
191473,27
191518,24
191546,4
191552,20
191554,28
191590,16
191601,16
191603,16
191658,19
191672,16
191733,24
191738,16
191739,8
191740,27
191741,16
191742,25
191744,9
191745,39
191746,27
191747,5
191748,8
191749,16
191750,31
191751,24
191752,24
191753,28
191754,16
191755,31
191756,24
191757,5
191758,24
191759,24
191760,16
191761,16
191762,16
191763,16
191764,24
191765,24
191766,24
191767,16
191768,16
191769,16
191770,28
191771,24
191772,24
191773,16
191774,16
191775,30
191776,2
191777,26
191778,24
191779,28
191780,19
191781,24
191782,6
191783,16
191784,16
191785,16
191786,4
191787,16
191788,5
191789,16
191790,28
191791,30
191792,16
191793,34
191794,25
191795,16
191796,4
191797,24
191798,7
191799,30
191800,1
191801,24
191802,30
191803,24
191804,16
191805,16
191806,16
191807,16
191808,3
191809,26
191810,24
191811,2
191812,30
191813,31
191814,34
191815,13
191816,30
191817,24
191818,38
191819,16
191820,16
191821,24
191822,23
191823,24
191824,24
191825,24
191826,27
191827,30
191828,16
191829,6
191831,30
191838,30
191854,30
191856,24
191880,4
191887,28
191889,24
191893,23
191895,30
191903,28
191910,24
191911,30
191919,16
191942,16
191963,16
191977,30
191978,24
191979,24
191985,16
191993,37
191995,30
192004,16
192011,33
192016,24
192041,5
192042,20
192064,27
192079,24
192081,30
192082,16
192083,24
192084,16
192085,3
192086,27
192088,24
192089,30
192090,24
192091,30
192092,16
192093,27
192094,34
192095,4
192096,16
192097,23
192098,36
192099,16
192101,24
192102,7
192103,28
192106,24
192107,37
192108,24
192109,24
192110,2
192111,30
192112,10
192113,24
192114,16
192115,14
192116,24
192117,23
192118,16
192119,16
192120,24
192121,30
192122,31
192123,16
192124,33
192125,5
192126,16
192127,16
192128,5
192129,24
192130,4
192131,16
192132,16
192133,28
192134,16
192135,30
192136,24
192137,16
192138,16
192139,36
192140,16
192141,20
192142,16
192143,30
192144,24
192145,4
192146,24
192147,10
192148,34
192149,16
192150,1
192151,24
192153,16
192154,16
192155,16
192156,27
192157,24
192158,37
192159,30
192160,16
192161,30
192162,5
192163,28
192164,24
192165,34
192166,9
192167,24
192168,4
192170,16
192171,16
192172,30
192173,24
192174,2
192175,24
192176,4
192177,10
192178,34
192179,16
192180,26
192181,30
192182,27
192183,16
192184,24
192185,2
192186,24
192187,20
192188,16
192189,10
192190,10
192191,26
192192,10
192193,16
192194,30
192195,30
192196,24
192197,24
192198,30
192199,24
192200,16
192201,24
192202,10
192203,34
192204,28
192205,27
192206,16
192207,7
192208,38
192209,16
192210,24
192211,16
192212,13
192213,16
192214,24
192215,16
192216,16
192217,24
192218,28
192219,24
192220,24
192221,16
192222,16
192223,23
192224,16
192225,16
192226,16
192227,24
192228,24
192229,16
192230,24
192231,16
192232,24
192233,24
192234,25
192235,34
192236,28
192237,16
192238,24
192239,5
192240,2
192241,9
192242,28
192243,16
192244,24
192245,27
192246,31
192247,28
192248,30
192249,23
192250,36
192251,34
192252,13
192253,30
192254,28
192255,28
192256,5
192257,24
192258,4
192259,24
192260,24
192261,5
192262,16
192263,10
192264,28
192265,25
192266,19
192267,36
192268,16
192269,16
192270,37
192271,2
192272,16
192273,13
192274,30
192275,5
192276,8
192277,27
192278,16
192279,24
192280,10
192281,34
192282,30
192283,16
192284,16
192285,34
192286,30
192287,16
192289,24
192290,16
192291,20
192606,27
192720,26
192753,16
192782,16
192797,30
192805,16
192807,28
192811,16
192822,4
192824,16
192829,4
192841,24
192842,4
192846,30
192847,24
192851,20
192854,31
192855,30
192856,24
192857,5
192858,24
192859,31
192860,16
192861,24
192862,16
192863,16
192864,8
192865,8
192866,8
192867,30
192868,16
192869,15
192870,28
192871,37
192872,4
192873,9
192874,26
192875,26
192876,24
192877,5
192878,27
192879,32
192880,4
192881,1
192882,27
192883,28
192884,26
192885,27
192886,16
192887,16
192888,16
192889,8
192890,24
192891,16
192892,16
192893,8
192894,24
192895,16
192896,24
192897,30
192898,16
192899,28
192900,16
192901,16
192902,39
192903,16
192904,24
192905,16
192906,24
192907,24
192908,5
192909,30
192910,24
192911,10
192912,16
192913,16
192914,16
192915,16
192916,8
192917,30
192918,34
192919,24
192920,4
192921,31
192922,16
192923,5
192924,10
192925,16
192926,16
192928,36
192929,24
192930,16
192931,24
192932,28
192933,2
192934,30
192935,28
192936,36
192937,10
192938,30
192939,37
192940,30
192942,16
192943,24
192944,24
192945,24
192946,16
192947,28
192948,4
192949,4
192950,24
192951,10
192952,16
192953,30
192954,4
192955,24
192956,28
192957,24
192958,16
192959,16
192962,16
192972,25
192997,30
192998,24
193019,24
193021,16
193024,31
193039,5
193043,30
193063,20
193074,30
193075,28
193076,24
193080,16
193091,24
193095,26
193107,34
193120,26
193121,34
193125,10
193145,34
193169,30
193188,8
193189,30
193190,16
193199,16
193200,5
193201,16
193203,10
193204,16
193206,24
193207,34
193208,14
193209,13
193210,37
193211,24
193212,16
193213,9
193214,16
193215,34
193216,16
193220,10
193221,10
193223,24
193224,16
193225,30
193226,24
193227,30
193228,16
193229,16
193230,16
193231,23
193232,24
193233,4
193234,5
193235,30
193236,8
193237,24
193238,24
193239,3
193240,30
193241,16
193242,6
193243,30
193244,10
193245,30
193246,16
193247,10
193248,8
193249,16
193250,4
193251,30
193252,24
193253,16
193254,16
193255,16
193256,30
193257,27
193258,16
193259,34
193260,36
193261,30
193262,16
193263,27
193264,27
193265,27
193266,10
193267,8
193268,24
193269,23
193270,16
193271,24
193272,16
193273,27
193274,36
193275,27
193276,16
193277,26
193278,24
193279,28
193281,24
193282,34
193283,28
193284,36
193285,5
193286,24
193287,39
193288,24
193289,16
193290,26
193291,3
193292,16
193293,27
193294,16
193295,25
193296,24
193297,27
193298,16
193299,24
193300,16
193301,16
193302,16
193303,24
193304,2
193305,30
193306,8
193307,19
193308,28
193309,31
193310,16
193311,2
193312,27
193313,16
193314,28
193315,27
193316,4
193317,16
193318,16
193319,27
193320,36
193321,2
193322,13
193323,28
193324,34
193325,30
193326,16
193327,16
193328,30
193329,27
193330,16
193331,8
193332,16
193333,16
193334,34
193335,24
193336,2
193337,10
193338,24
193339,10
193340,8
193341,16
193342,16
193343,16
193344,24
193345,16
193346,16
193347,9
193348,16
193349,16
193350,8
193351,23
193352,24
193353,25
193354,28
193355,4
193356,27
193357,2
193358,30
193359,8
193360,30
193361,16
193362,24
193363,16
193364,24
193365,24
193366,16
193367,36
193368,16
193369,10
193370,16
193371,26
193372,16
193373,24
193374,28
193375,16
193376,28
193378,4
193379,8
193380,26
193381,30
193382,23
193383,28
193384,24
193385,18
193386,24
193387,13
193388,24
193389,24
193390,3
193391,16
193392,24
193393,28
193394,4
193395,16
193396,2
193397,10
193398,27
193399,24
193400,27
193401,10
193402,28
193403,30
193404,16
193405,4
193406,4
193407,16
193408,4
193409,5
193410,16
193411,16
193412,16
193413,16
193414,16
193718,16
193820,16
193824,16
193886,24
193911,26
193916,37
193953,16
193961,25
193966,16
193974,31
193996,30
193997,10
193998,19
193999,2
194000,16
194001,16
194002,28
194003,16
194004,27
194005,24
194006,24
194007,16
194008,28
194009,8
194012,24
194013,30
194014,28
194015,24
194016,16
194017,4
194018,24
194019,38
194020,24
194021,16
194022,16
194023,34
194024,16
194025,3
194026,36
194027,19
194028,19
194029,26
194030,39
194032,24
194033,23
194034,16
194035,16
194036,16
194037,3
194038,28
194039,28
194040,24
194041,16
194042,24
194043,16
194044,8
194045,10
194046,27
194047,5
194048,22
194049,19
194050,16
194051,27
194052,24
194053,16
194054,16
194055,24
194056,24
194057,24
194058,16
194059,16
194060,24
194061,5
194062,4
194063,24
194064,7
194065,24
194066,16
194067,26
194068,24
194069,24
194070,16
194071,24
194072,24
194073,23
194074,16
194075,24
194076,5
194077,24
194078,30
194079,8
194080,16
194081,24
194082,34
194083,16
194084,5
194085,16
194086,16
194087,28
194089,37
194090,16
194099,28
194123,10
194125,24
194133,16
194136,31
194166,36
194176,39
194185,28
194191,30
194195,24
194200,30
194211,24
194221,24
194239,24
194244,39
194249,30
194255,23
194261,33
194276,24
194297,16
194305,30
194306,30
194308,4
194309,24
194311,16
194313,16
194314,28
194315,34
194316,16
194317,2
194318,16
194319,24
194320,28
194321,26
194322,16
194323,13
194324,10
194325,10
194326,30
194328,30
194331,16
194332,10
194333,24
194334,10
194335,30
194336,7
194337,16
194338,6
194339,30
194340,24
194341,24
194342,16
194343,27
194344,4
194345,6
194346,10
194347,16
194348,30
194349,30
194350,24
194351,18
194352,30
194353,16
194354,37
194355,31
194356,16
194357,10
194358,24
194359,22
194360,16
194361,34
194362,4
194363,16
194364,5
194365,30
194366,27
194367,30
194368,16
194369,31
194370,24
194371,23
194372,16
194373,24
194374,16
194375,10
194376,8
194377,16
194378,10
194379,16
194380,24
194381,24
194382,11
194383,30
194384,24
194385,16
194386,24
194387,9
194388,30
194389,10
194390,30
194391,28
194392,4
194393,16
194394,24
194395,27
194396,30
194397,28
194398,10
194399,16
194400,30
194401,4
194402,30
194403,16
194404,24
194405,16
194406,16
194407,16
194408,4
194409,19
194410,24
194411,30
194412,28
194413,24
194414,24
194415,16
194416,24
194417,16
194418,24
194419,16
194420,24
194421,24
194422,30
194423,16
194424,4
194425,10
194426,31
194427,30
194428,10
194429,36
194430,4
194431,30
194432,30
194433,24
194434,16
194435,16
194436,24
194437,23
194438,24
194439,28
194440,24
194441,34
194442,24
194443,28
194444,26
194445,30
194446,28
194449,28
194450,24
194451,25
194453,13
194454,26
194455,16
194456,4
194457,16
194458,24
194459,5
194460,24
194461,31
194462,24
194463,16
194464,30
194465,24
194466,16
194467,30
194468,28
194469,28
194470,24
194471,38
194472,4
194473,23
194474,16
194475,16
194476,10
194477,28
194478,4
194479,31
194480,30
194481,10
194482,16
194483,30
194484,4
194485,30
194486,24
194487,16
194488,36
194489,3
194490,8
194491,8
194492,36
194493,16
194494,16
194495,36
194496,16
194497,16
194498,30
194499,30
194500,16
194501,27
194502,30
194503,16
194504,6
194505,16
194506,16
194507,4
194508,10
194509,34
194510,36
194511,24
194512,26
194513,16
194514,24
194859,16
194994,7
195001,28
195008,28
195078,30
195083,24
195084,16
195108,8
195110,16
195114,16
195131,16
195134,16
195136,10
195137,8
195138,13
195139,27
195141,10
195142,24
195143,4
195144,39
195145,30
195146,3
195147,16
195148,16
195149,16
195150,33
195151,16
195152,3
195153,4
195154,10
195155,28
195156,8
195157,24
195158,24
195159,14
195161,19
195162,13
195163,27
195164,28
195165,24
195166,24
195167,16
195168,37
195169,24
195170,24
195171,2
195172,16
195173,24
195174,16
195175,24
195176,27
195177,16
195178,27
195179,4
195180,16
195181,34
195182,27
195183,27
195184,10
195185,5
195186,30
195187,34
195188,27
195189,13
195190,28
195191,24
195192,16
195193,16
195194,8
195195,30
195196,8
195197,24
195198,8
195199,26
195200,24
195201,16
195202,16
195203,24
195204,37
195205,16
195206,13
195207,16
195208,30
195209,24
195210,24
195211,20
195212,24
195213,8
195214,39
195215,30
195231,16
195246,30
195250,16
195251,30
195280,16
195285,30
195310,10
195311,30
195312,16
195317,10
195327,16
195333,28
195339,30
195346,31
195370,5
195375,30
195406,25
195421,30
195427,24
195435,30
195439,25
195451,4
195454,19
195455,16
195456,24
195457,24
195458,28
195459,22
195460,16
195461,28
195462,4
195463,16
195464,16
195465,16
195466,34
195467,16
195468,31
195469,16
195470,34
195471,26
195472,31
195475,16
195476,24
195477,5
195480,24
195481,30
195482,16
195483,16
195484,24
195485,10
195486,34
195487,24
195488,24
195489,26
195490,22
195491,23
195492,34
195493,4
195494,24
195495,4
195496,16
195497,24
195498,16
195499,23
195500,16
195501,30
195502,30
195503,16
195504,10
195505,27
195506,8
195507,4
195508,24
195509,34
195510,16
195511,28
195512,31
195513,16
195514,14
195515,16
195516,30
195517,24
195518,16
195519,24
195520,2
195521,24
195522,16
195523,24
195524,16
195525,10
195526,16
195527,5
195528,28
195529,8
195530,16
195531,13
195532,24
195533,27
195534,24
195535,16
195536,13
195537,16
195538,30
195539,24
195540,4
195541,24
195542,30
195543,27
195544,30
195545,5
195546,16
195547,30
195548,13
195549,2
195550,30
195551,24
195552,23
195553,31
195554,30
195555,30
195556,16
195557,16
195558,10
195559,24
195560,27
195561,24
195562,38
195563,24
195564,27
195565,8
195566,16
195567,19
195568,10
195569,10
195570,24
195571,24
195572,16
195573,24
195574,16
195575,30
195576,10
195577,8
195578,10
195579,28
195580,30
195581,16
195582,36
195583,30
195584,34
195585,16
195586,16
195587,16
195588,16
195589,16
195590,28
195591,16
195592,27
195593,16
195594,24
195595,24
195596,16
195597,5
195598,16
195599,16
195600,19
195601,24
195602,4
195603,16
195604,31
195605,16
195606,28
195607,28
195608,27
195609,30
195610,24
195611,8
195612,16
195613,32
195614,26
195615,28
195616,24
195617,16
195618,30
195619,16
195620,30
195621,30
195622,30
195623,24
195624,24
195625,4
195626,24
195627,16
195628,16
195629,24
195630,30
195631,9
195632,24
195633,10
195634,28
195635,30
195636,16
195637,10
195638,4
195639,24
195640,10
195641,28
195642,30
195643,30
195644,30
195645,24
195646,13
195647,16
195648,28
195649,4
195650,4
195651,16
195652,30
195653,23
195654,16
195655,8
195656,16
195879,30
196103,4
196148,24
196158,16
196163,8
196164,16
196187,28
196195,27
196210,28
196214,16
196215,24
196216,18
196217,7
196218,16
196219,4
196220,24
196221,24
196222,28
196223,10
196224,30
196225,13
196227,30
196228,24
196229,16
196230,31
196231,28
196232,10
196233,27
196234,9
196235,16
196236,16
196237,28
196238,16
196239,24
196240,30
196241,28
196242,24
196243,24
196244,28
196245,28
196246,16
196247,16
196248,16
196249,16
196250,16
196251,10
196252,16
196253,27
196254,10
196255,16
196256,16
196257,24
196258,8
196259,4
196260,16
196261,34
196262,16
196263,16
196264,7
196265,28
196266,3
196268,27
196269,25
196270,13
196271,16
196272,16
196273,34
196274,24
196275,16
196276,16
196277,9
196278,4
196279,28
196280,34
196281,8
196282,34
196283,4
196284,16
196285,5
196286,24
196287,16
196288,16
196289,28
196290,16
196291,28
196292,24
196293,16
196294,19
196295,27
196296,24
196297,10
196298,16
196299,16
196300,16
196301,4
196302,24
196303,5
196304,16
196305,16
196306,16
196308,19
196309,16
196311,16
196312,24
196313,30
196316,30
196317,24
196327,30
196334,8
196335,10
196342,13
196345,34
196353,16
196361,30
196375,20
196394,28
196408,34
196424,16
196429,16
196431,30
196438,27
196458,15
196465,16
196471,8
196473,28
196479,6
196483,8
196484,36
196488,30
196508,16
196511,25
196526,34
196536,30
196538,31
196539,23
196540,16
196542,16
196543,4
196544,16
196545,16
196546,24
196547,26
196548,23
196549,16
196550,2
196551,27
196552,16
196553,34
196555,16
196556,30
196557,16
196558,16
196559,37
196560,30
196561,16
196562,18
196563,28
196564,30
196565,16
196566,28
196567,16
196568,30
196569,24
196570,16
196571,16
196572,20
196573,16
196574,30
196575,28
196576,8
196577,26
196578,16
196579,24
196580,8
196581,5
196582,30
196583,24
196584,16
196585,30
196586,20
196587,30
196588,24
196589,27
196590,24
196591,26
196592,30
196593,16
196594,27
196595,16
196596,16
196597,10
196598,16
196599,24
196600,4
196601,24
196602,19
196603,28
196604,27
196605,24
196606,20
196607,24
196608,34
196609,5
196610,30
196611,10
196612,1
196613,16
196614,24
196615,6
196616,2
196617,4
196618,28
196619,4
196620,16
196621,37
196622,26
196623,30
196624,27
196625,16
196626,13
196627,2
196628,23
196629,16
196630,16
196631,16
196632,24
196633,23
196634,16
196635,3
196636,28
196637,30
196638,24
196639,34
196640,16
196641,24
196642,13
196643,23
196644,16
196645,24
196647,16
196648,28
196649,24
196650,16
196651,24
196652,16
196653,28
196654,16
196655,16
196656,24
196657,5
196658,24
196659,16
196661,24
196662,23
196663,34
196664,16
196665,4
196666,24
196667,4
196668,24
196669,4
196670,24
196671,31
196672,30
196673,16
196674,16
196675,24
196677,16
196678,10
196679,24
196680,4
196681,1
196682,23
196683,28
196684,24
196685,10
196686,16
196687,16
196688,2
196689,27
196690,10
196691,5
196692,16
196693,24
196694,28
196695,8
196696,24
196697,16
196698,16
196699,9
196700,33
196701,24
196702,24
196703,16
196704,24
196705,36
196706,24
196707,30
196708,28
196709,10
196710,24
196711,24
196712,16
196713,27
196714,24
196715,24
196716,16
196717,16
196718,24
196719,4
196720,24
196721,5
196722,24
196723,24
196725,10
196726,16
196727,2
196728,16
196729,16
196730,10
196731,31
196732,16
196733,30
197036,30
197131,19
197204,16
197216,24
197267,24
197276,16
197277,16
197289,16
197291,26
197292,25
197293,16
197294,5
197295,27
197297,30
197298,4
197299,24
197300,24
197301,25
197302,28
197303,24
197304,6
197305,7
197306,16
197307,10
197308,30
197309,16
197310,24
197311,13
197312,16
197313,4
197314,37
197315,34
197316,27
197317,28
197318,16
197319,16
197320,4
197321,8
197322,26
197323,34
197324,16
197325,5
197326,16
197327,19
197328,16
197329,28
197330,24
197332,16
197333,28
197334,16
197336,28
197337,16
197338,16
197339,37
197340,16
197341,16
197343,27
197344,16
197345,2
197346,2
197347,37
197349,24
197350,2
197351,16
197352,16
197353,4
197354,30
197355,20
197356,24
197357,28
197358,24
197359,28
197360,30
197361,6
197362,8
197363,16
197364,24
197365,10
197366,30
197367,16
197369,4
197370,27
197371,4
197373,24
197374,24
197375,4
197376,19
197377,30
197378,24
197379,34
197380,34
197381,30
197382,30
197383,24
197384,24
197406,24
197412,16
197417,24
197428,24
197435,24
197439,8
197443,8
197447,4
197452,24
197486,28
197503,16
197506,31
197512,30
197523,10
197530,2
197553,28
197558,28
197564,30
197579,30
197583,30
197599,31
197605,27
197607,9
197620,5
197621,28
197622,16
197623,24
197624,16
197626,30
197627,31
197628,10
197629,16
197630,24
197631,19
197633,24
197634,24
197637,24
197640,20
197641,4
197642,16
197643,16
197644,23
197645,8
197646,26
197647,28
197648,10
197649,4
197650,30
197651,13
197652,16
197653,16
197654,30
197655,37
197656,24
197657,27
197658,16
197659,24
197660,4
197661,23
197662,24
197663,24
197664,16
197665,36
197666,24
197667,16
197668,27
197669,24
197670,27
197671,16
197672,30
197673,16
197674,16
197675,24
197676,25
197677,16
197678,5
197679,24
197680,24
197681,24
197682,16
197683,31
197684,24
197685,26
197686,10
197687,16
197688,10
197689,24
197690,4
197691,10
197692,24
197693,24
197694,10
197695,25
197696,24
197697,30
197698,28
197699,16
197700,24
197701,30
197702,16
197703,26
197704,34
197705,28
197706,16
197707,30
197708,27
197709,10
197710,24
197711,22
197712,34
197713,30
197714,16
197715,4
197716,37
197717,24
197718,24
197719,4
197720,24
197721,28
197722,36
197723,16
197724,28
197725,16
197726,22
197727,19
197728,5
197729,16
197730,30
197731,8
197732,4
197733,30
197734,24
197735,16
197736,30
197737,24
197738,4
197739,36
197740,30
197741,5
197742,34
197743,24
197744,15
197745,34
197746,32
197747,24
197748,28
197749,16
197750,16
197751,38
197752,31
197753,16
197754,24
197755,8
197756,6
197757,10
197758,28
197759,24
197760,5
197761,24
197762,4
197763,16
197764,24
197765,28
197766,2
197767,16
197768,8
197769,34
197770,37
197771,16
197772,24
197773,34
197774,30
197775,28
197776,8
197777,31
197778,5
197779,16
197780,24
197781,16
197782,22
197783,16
197784,30
197785,8
197786,27
197787,16
197788,16
197789,34
197790,24
197791,16
197792,24
197793,16
197794,16
197795,24
197796,24
197797,16
197798,31
197799,37
197800,10
197801,24
197802,24
197803,23
197804,4
197805,8
197806,24
197807,33
197808,24
197809,16
197810,38
197811,24
198058,24
198082,28
198214,10
198242,16
198362,25
198365,16
198372,23
198391,16
198394,5
198395,16
198396,16
198397,27
198398,28
198399,30
198400,28
198401,2
198402,16
198403,28
198404,16
198405,30
198406,28
198407,24
198408,16
198409,4
198410,16
198411,24
198412,30
198413,19
198414,28
198415,5
198416,28
198417,28
198418,8
198419,24
198421,8
198422,16
198423,26
198424,16
198425,28
198426,27
198427,24
198428,27
198429,16
198430,16
198431,5
198432,16
198433,5
198434,31
198435,16
198436,28
198437,16
198438,30
198439,24
198440,28
198441,27
198442,4
198443,16
198444,16
198445,28
198447,16
198448,4
198449,15
198450,33
198451,8
198452,27
198453,24
198454,30
198455,16
198456,34
198457,16
198458,16
198459,28
198460,4
198461,10
198462,4
198463,23
198464,24
198465,16
198466,24
198467,10
198468,16
198469,16
198470,4
198471,10
198472,24
198473,36
198474,36
198475,8
198476,24
198477,4
198478,34
198479,24
198480,24
198481,24
198482,19
198483,16
198485,16
198486,27
198487,10
198488,36
198489,11
198490,8
198491,24
198492,24
198493,10
198494,24
198495,5
198496,24
198497,30
198498,16
198499,30
198503,16
198510,5
198526,34
198536,4
198539,10
198542,16
198543,16
198546,24
198547,30
198573,24
198585,3
198593,30
198598,30
198607,37
198611,24
198629,24
198635,24
198640,26
198646,31
198648,16
198690,24
198710,30
198714,30
198718,16
198721,24
198726,30
198743,8
198756,16
198764,16
198766,30
198767,28
198768,26
198769,10
198770,16
198771,27
198772,30
198773,30
198774,16
198775,28
198776,4
198778,16
198779,13
198780,24
198781,24
198782,24
198783,16
198785,28
198786,16
198787,16
198788,31
198789,30
198791,16
198792,28
198793,23
198794,24
198795,37
198796,18
198797,5
198798,16
198799,5
198800,9
198801,30
198802,30
198803,30
198804,30
198805,27
198806,31
198807,16
198808,19
198809,28
198810,16
198811,30
198812,16
198813,24
198814,34
198815,30
198816,16
198817,5
198818,16
198819,24
198820,25
198821,9
198822,28
198823,18
198824,16
198825,24
198826,16
198827,24
198828,24
198829,24
198830,16
198831,16
198832,30
198833,23
198834,28
198836,26
198837,24
198838,16
198839,30
198840,30
198841,4
198842,24
198843,24
198844,24
198845,20
198846,37
198847,27
198848,1
198849,10
198850,24
198851,22
198852,24
198853,24
198854,16
198855,16
198856,30
198857,2
198858,8
198859,5
198860,10
198861,31
198862,30
198863,28
198865,34
198866,34
198867,8
198868,34
198869,16
198870,24
198871,8
198872,37
198873,30
198874,30
198875,28
198876,28
198877,24
198878,28
198879,16
198880,36
198881,16
198882,24
198883,27
198884,4
198885,10
198886,16
198887,24
198888,24
198889,27
198890,16
198891,24
198892,24
198893,8
198894,16
198895,16
198896,10
198898,13
198899,4
198901,8
198902,34
198903,30
198904,26
198905,30
198907,27
198908,28
198909,5
198910,16
198911,16
198912,24
198913,24
198915,16
198916,8
198917,24
198918,5
198919,8
198920,25
198921,4
198922,30
198923,10
198924,16
198925,24
198926,28
198927,1
198928,28
198929,16
198930,10
198931,28
198932,3
198933,16
198934,30
198935,23
198936,4
198937,16
198938,16
198939,26
198940,31
198941,24
198942,24
198943,34
198944,24
198945,16
198946,24
198947,27
198948,16
198949,30
198950,7
198951,16
198952,2
198953,16
198954,10
198955,28
198956,30
198957,24
198958,30
198959,3
198960,16
198961,30
198962,24
198963,24
198964,27
198965,34
198966,24
198967,24
198968,37
198969,4
198970,16
198971,27
198972,24
198973,30
198974,27
198975,24
198976,19
198978,27
198979,16
198980,27
198981,16
198982,16
198983,3
198984,30
198985,28
198986,18
198987,27
198988,24
198989,31
198990,24
198991,16
199393,37
199400,8
199458,28
199476,28
199508,36
199511,2
199516,23
199534,31
199542,4
199547,24
199589,16
199590,8
199591,28
199592,16
199593,8
199594,34
199595,36
199596,16
199597,16
199598,16
199599,28
199600,16
199601,16
199602,4
199603,4
199605,13
199606,37
199607,16
199608,27
199609,6
199611,24
199613,28
199614,24
199615,4
199616,24
199617,5
199618,28
199619,24
199620,16
199621,27
199622,10
199623,2
199624,28
199625,16
199626,24
199627,19
199628,26
199629,16
199630,30
199631,27
199632,30
199633,9
199634,31
199635,22
199636,34
199637,24
199638,27
199639,16
199640,16
199641,30
199642,4
199643,24
199644,16
199645,16
199646,24
199647,19
199649,16
199650,13
199651,16
199652,5
199653,34
199654,30
199655,24
199656,5
199657,4
199659,24
199660,4
199662,30
199663,31
199664,10
199665,16
199666,24
199667,4
199668,30
199669,28
199706,26
199747,16
199780,24
199787,16
199800,24
199806,24
199808,30
199821,30
199828,2
199833,27
199842,30
199853,27
199856,24
199864,24
199900,24
199917,6
199922,10
199923,5
199924,31
199926,28
199927,30
199928,24
199929,24
199930,34
199931,10
199934,5
199935,24
199936,2
199937,26
199938,24
199939,28
199941,10
199942,16
199943,16
199944,30
199945,10
199946,28
199947,14
199948,24
199950,13
199951,25
199952,26
199953,10
199954,34
199955,16
199956,34
199957,10
199958,8
199959,16
199960,16
199961,4
199962,34
199963,30
199964,16
199966,30
199967,4
199968,16
199969,30
199970,31
199971,30
199972,16
199973,24
199974,24
199975,34
199976,30
199977,30
199978,16
199979,16
199980,26
199981,30
199982,30
199983,30
199984,16
199985,24
199986,10
199987,24
199989,23
199990,1
199991,4
199992,24
199993,30
199994,24
199995,30
199996,30
199997,4
199998,28
199999,16
200000,31
200001,30
200002,24
200003,30
200004,8
200005,30
200006,5
200007,30
200008,24
200009,24
200010,9
200011,16
200012,16
200014,24
200015,10
200016,16
200017,24
200018,24
200019,24
200020,2
200021,24
200022,30
200023,36
200024,39
200025,24
200026,16
200027,25
200028,8
200029,26
200030,18
200031,4
200032,30
200033,16
200034,30
200035,16
200036,16
200037,34
200038,16
200039,10
200040,4
200041,16
200042,24
200043,9
200044,25
200045,24
200046,24
200047,4
200048,16
200049,16
200051,24
200052,24
200053,27
200054,16
200055,5
200056,24
200057,24
200058,30
200059,28
200060,34
200061,24
200063,34
200064,16
200065,6
200066,31
200067,30
200068,10
200069,24
200070,16
200071,28
200072,10
200073,10
200074,24
200075,28
200076,31
200077,34
200078,24
200079,28
200080,16
200081,24
200082,16
200083,34
200084,24
200085,23
200086,16
200087,4
200088,24
200089,24
200090,24
200091,15
200092,24
200093,24
200094,10
200095,26
200096,30
200097,30
200098,2
200099,30
200100,2
200101,5
200102,16
200103,25
200104,4
200105,30
200106,30
200107,28
200108,8
200109,0
200110,24
200111,16
200112,25
200113,27
200114,22
200115,27
200116,24
200117,26
200118,16
200119,37
200594,10
200612,28
200675,24
200679,16
200684,28
200691,16
200706,30
200719,16
200720,24
200721,10
200723,4
200725,27
200726,10
200727,5
200729,30
200730,31
200731,24
200732,7
200733,16
200734,34
200735,24
200736,16
200738,0
200739,24
200740,5
200741,28
200742,24
200743,9
200744,16
200745,28
200746,4
200747,33
200748,31
200749,16
200750,27
200751,38
200752,23
200753,10
200754,28
200755,27
200756,24
200757,4
200758,4
200759,28
200760,16
200761,13
200762,16
200763,8
200764,24
200765,36
200766,16
200767,4
200768,24
200769,28
200770,16
200771,4
200772,16
200773,16
200774,0
200775,16
200776,16
200777,30
200778,4
200779,24
200780,24
200781,16
200782,2
200783,36
200784,16
200785,16
200786,16
200787,24
200788,13
200789,24
200790,5
200791,6
200792,28
200793,27
200794,16
200795,36
200796,37
200797,30
200798,24
200799,16
200800,30
200802,24
200803,30
200804,13
200805,4
200806,24
200807,16
200808,24
200809,30
200810,16
200837,24
200841,16
200844,28
200867,27
200873,16
200879,10
200882,10
200889,16
200896,30
200900,30
200908,10
200945,16
200948,30
200961,16
200973,16
200998,2
201008,30
201014,4
201029,10
201053,30
201054,30
201055,2
201056,28
201057,16
201058,16
201059,30
201060,34
201061,30
201062,16
201063,16
201064,16
201065,34
201066,4
201067,16
201068,5
201069,5
201070,28
201071,4
201072,27
201073,27
201074,24
201078,27
201079,31
201080,10
201081,16
201082,34
201083,27
201084,24
201085,16
201086,16
201087,16
201088,28
201089,16
201090,13
201091,24
201092,13
201093,24
201094,26
201095,30
201096,34
201098,24
201099,28
201100,8
201101,16
201102,30
201103,30
201104,2
201105,5
201106,30
201107,16
201108,23
201109,16
201110,30
201111,31
201112,24
201113,10
201114,24
201115,16
201116,24
201117,23
201118,34
201119,16
201120,34
201121,4
201122,17
201123,26
201124,22
201125,26
201126,27
201127,16
201128,24
201129,30
201130,16
201131,34
201132,24
201133,30
201134,16
201135,24
201136,16
201137,4
201138,24
201139,16
201140,4
201141,30
201142,24
201143,23
201144,16
201145,30
201146,16
201147,36
201148,30
201149,34
201151,9
201152,24
201153,24
201154,16
201155,30
201156,24
201157,24
201158,25
201159,37
201160,23
201161,16
201162,24
201163,24
201164,16
201165,30
201166,24
201167,30
201168,24
201169,27
201170,13
201171,2
201172,30
201173,24
201174,23
201175,30
201176,24
201177,20
201178,28
201179,3
201180,4
201182,25
201183,26
201184,30
201185,16
201186,24
201187,24
201188,16
201189,5
201190,24
201191,8
201192,24
201193,16
201194,24
201195,25
201196,30
201197,34
201198,5
201199,23
201200,28
201201,27
201202,24
201203,24
201204,24
201205,8
201206,24
201207,5
201208,24
201209,16
201210,27
201211,24
201212,33
201213,16
201214,16
201215,34
201216,30
201217,25
201218,10
201219,37
201220,16
201221,5
201222,24
201223,30
201224,16
201225,28
201226,34
201227,24
201228,16
201229,16
201230,16
201231,23
201232,27
201233,24
201234,16
201235,30
201236,24
201237,24
201238,30
201239,36
201240,28
201241,24
201242,16
201243,24
201244,16
201245,4
201246,31
201247,10
201248,16
201249,16
201250,27
201586,28
201635,26
201675,10
201713,24
201727,28
201731,19
201751,26
201798,16
201838,28
201871,16
201900,31
201909,8
201920,16
201927,26
201928,26
201932,30
201933,28
201935,28
201936,24
201937,18
201938,28
201939,24
201940,3
201941,24
201942,30
201943,16
201944,1
201945,24
201946,24
201947,28
201948,16
201949,10
201950,24
201951,16
201952,16
201953,37
201954,13
201955,16
201956,4
201957,16
201958,13
201959,28
201960,10
201961,24
201962,28
201963,16
201964,30
201965,18
201966,4
201967,4
201968,36
201969,24
201970,24
201971,16
201972,16
201973,30
201974,16
201976,27
201977,24
201978,30
201979,37
201980,24
201981,16
201982,16
201983,8
201985,11
201986,26
201987,8
201988,16
201989,16
201990,16
201991,16
201992,28
201993,16
201994,30
201995,36
201996,30
201997,16
201998,10
201999,34
202000,10
202001,24
202002,5
202003,16
202004,8
202005,16
202006,10
202007,16
202008,2
202009,26
202010,23
202011,16
202012,30
202013,16
202014,34
202015,24
202016,19
202017,16
202018,8
202019,16
202020,24
202021,24
202022,24
202023,28
202024,2
202025,30
202026,30
202027,16
202028,24
202029,30
202037,18
202044,16
202097,30
202106,4
202107,8
202114,10
202123,19
202128,24
202136,16
202144,10
202206,16
202211,16
202233,16
202246,36
202249,36
202254,8
202258,31
202271,16
202283,16
202285,16
202286,24
202288,4
202289,34
202290,16
202291,16
202292,10
202293,16
202295,30
202296,28
202297,26
202298,23
202299,24
202300,28
202301,16
202302,5
202304,27
202306,31
202307,20
202308,27
202309,27
202310,25
202311,20
202313,24
202314,20
202315,27
202316,16
202317,16
202319,36
202320,16
202321,30
202322,16
202323,24
202324,13
202325,16
202326,28
202327,28
202328,24
202330,28
202331,30
202332,16
202333,16
202334,8
202335,14
202336,16
202337,8
202338,16
202339,24
202340,30
202341,30
202342,24
202343,30
202344,16
202345,24
202346,16
202347,24
202348,30
202349,27
202350,30
202351,28
202352,13
202353,5
202354,30
202355,5
202356,4
202357,16
202358,27
202359,24
202360,16
202361,10
202362,16
202363,16
202364,30
202365,30
202366,28
202367,24
202368,27
202369,34
202370,5
202371,27
202372,6
202373,16
202374,28
202375,24
202376,16
202377,16
202378,23
202379,13
202380,24
202381,28
202382,24
202383,24
202384,16
202385,30
202386,30
202387,27
202388,10
202389,27
202390,30
202391,16
202392,2
202393,24
202394,24
202395,24
202396,24
202397,24
202398,16
202399,24
202400,9
202401,26
202402,33
202403,24
202404,4
202405,16
202406,16
202407,24
202408,10
202409,24
202410,30
202411,30
202412,16
202413,16
202414,34
202416,30
202417,16
202418,24
202419,24
202420,16
202421,4
202422,24
202424,23
202425,28
202426,16
202427,10
202428,16
202429,14
202430,4
202431,24
202432,16
202433,5
202434,28
202435,31
202436,24
202437,27
202438,16
202439,24
202440,30
202441,28
202442,36
202443,37
202444,30
202445,30
202446,10
202447,16
202448,31
202449,33
202450,16
202451,37
202452,28
202453,16
202454,34
202455,16
202456,19
202457,37
202458,24
202459,23
202460,27
202461,16
202462,15
202463,30
202464,27
202465,24
202466,5
202467,14
202468,27
202469,16
202470,34
202471,16
202472,16
202473,30
202474,20
202475,24
202476,16
202477,24
202478,16
202479,28
202480,24
202481,16
202482,16
202483,3
202484,16
202485,16
202486,36
202487,38
202488,36
202489,23
202490,16
202831,34
202842,2
202851,31
202932,28
202940,28
202962,20
202966,19
202992,16
203046,18
203051,16
203083,16
203094,24
203096,23
203101,5
203102,36
203103,28
203104,16
203105,36
203106,26
203107,30
203108,27
203109,16
203110,28
203111,16
203112,13
203113,28
203114,16
203115,16
203116,24
203117,27
203118,30
203119,16
203120,26
203121,30
203122,16
203123,30
203124,16
203125,16
203126,30
203127,16
203128,34
203129,16
203130,5
203131,16
203132,16
203133,36
203134,10
203135,30
203136,10
203137,27
203139,16
203140,16
203141,24
203142,26
203143,16
203144,16
203145,16
203146,27
203147,16
203148,28
203149,3
203150,16
203151,24
203152,22
203153,13
203154,30
203155,27
203156,8
203157,16
203158,26
203159,16
203160,9
203161,5
203162,16
203163,24
203164,16
203166,27
203167,4
203168,6
203169,28
203170,8
203171,34
203172,26
203173,16
203174,16
203175,26
203176,16
203177,30
203178,4
203179,24
203180,16
203181,16
203182,16
203183,4
203184,8
203185,16
203186,10
203187,16
203188,4
203189,30
203190,24
203195,16
203203,16
203224,16
203230,24
203257,30
203261,24
203283,4
203288,10
203299,30
203307,24
203312,30
203318,30
203321,10
203325,16
203332,28
203338,27
203344,5
203350,39
203363,30
203376,16
203381,16
203410,30
203413,28
203414,4
203421,30
203433,30
203463,10
203466,25
203470,16
203471,28
203472,27
203474,16
203475,5
203477,28
203478,16
203480,28
203481,23
203482,10
203483,16
203484,30
203485,24
203486,16
203487,24
203488,25
203490,2
203491,23
203492,16
203493,27
203494,16
203496,10
203497,8
203500,16
203501,13
203502,24
203503,27
203504,16
203505,24
203506,24
203507,5
203508,30
203509,10
203510,24
203511,16
203512,16
203513,30
203514,16
203515,26
203516,16
203517,16
203518,30
203519,24
203520,31
203521,16
203522,4
203523,6
203524,28
203525,30
203526,16
203527,23
203528,16
203529,33
203530,30
203531,30
203533,24
203534,10
203535,30
203536,30
203538,16
203539,20
203540,30
203541,27
203542,10
203543,24
203544,20
203545,16
203546,26
203547,23
203548,4
203549,4
203550,16
203551,16
203552,24
203553,27
203554,16
203555,28
203556,16
203557,37
203558,28
203559,30
203560,16
203561,4
203563,30
203564,4
203565,9
203566,27
203567,34
203568,24
203569,16
203570,34
203571,5
203572,26
203573,4
203574,27
203575,31
203576,13
203577,24
203578,16
203579,24
203580,24
203581,33
203582,4
203583,26
203584,24
203585,28
203586,16
203587,24
203588,2
203589,30
203590,20
203591,24
203592,16
203593,9
203594,30
203595,20
203597,26
203598,27
203599,34
203600,28
203601,4
203602,16
203603,4
203604,4
203605,28
203606,4
203607,24
203608,27
203609,13
203610,26
203611,16
203612,16
203613,16
203614,16
203615,16
203616,28
203617,24
203618,31
203619,36
203620,16
203621,16
203622,16
203623,33
203624,28
203625,16
203626,16
203627,25
203628,38
203629,16
203630,32
203631,5
203632,2
203633,27
203635,16
203636,20
203637,16
203638,30
203639,4
203640,28
203641,26
203642,30
203643,26
203644,24
203645,16
203646,34
203647,30
203648,16
203649,24
203650,25
203651,16
203652,31
203653,25
203654,30
203655,16
203656,28
203657,13
203658,4
203659,24
203660,25
203661,16
203662,24
203663,36
203664,30
203665,16
203666,4
203667,24
203668,24
203669,24
203670,4
203671,22
203672,16
203673,22
203674,8
203675,24
203676,27
203677,34
203678,4
203679,31
203680,9
203681,16
203682,30
203683,16
203684,28
203685,19
203686,16
203687,10
203688,24
203689,30
203690,10
203691,9
203692,30
203693,26
203694,5
203695,4
203696,24
203697,16
203698,23
203699,24
203700,28
203701,10
203702,16
204059,24
204111,19
204163,10
204234,23
204245,36
204284,16
204298,25
204306,27
204341,30
204350,25
204351,13
204352,27
204353,28
204354,16
204355,26
204356,28
204357,30
204358,16
204360,34
204361,3
204362,24
204363,27
204364,27
204365,16
204366,19
204367,5
204368,34
204369,28
204370,27
204371,16
204372,27
204373,26
204374,19
204375,24
204376,24
204377,16
204378,27
204380,16
204381,16
204382,16
204383,16
204384,24
204385,16
204386,2
204387,4
204388,4
204389,27
204390,16
204391,36
204392,24
204393,16
204394,28
204395,19
204396,16
204397,16
204398,2
204399,36
204400,24
204401,34
204402,8
204403,16
204404,16
204405,8
204406,2
204407,16
204408,28
204409,24
204410,16
204411,28
204412,24
204413,36
204415,10
204416,30
204417,30
204418,16
204419,23
204420,4
204421,4
204422,30
204423,30
204424,30
204425,30
204427,24
204428,16
204429,16
204430,34
204431,10
204432,24
204433,24
204434,16
204435,27
204436,16
204437,27
204438,30
204439,10
204440,16
204441,28
204450,30
204459,10
204461,5
204476,24
204489,6
204501,16
204512,23
204531,30
204532,30
204549,16
204550,36
204559,25
204569,28
204578,8
204622,13
204627,24
204631,30
204632,30
204635,16
204647,4
204662,34
204663,24
204668,28
204672,24
204673,16
204681,16
204697,36
204704,16
204707,16
204708,34
204709,28
204710,9
204711,13
204712,5
204713,16
204714,4
204715,16
204716,24
204718,28
204719,28
204720,27
204721,24
204722,16
204723,39
204726,30
204727,24
204728,16
204729,4
204730,25
204731,9
204732,36
204733,6
204734,16
204735,28
204736,16
204737,30
204738,16
204739,27
204740,24
204741,15
204742,30
204743,4
204744,16
204745,28
204746,30
204747,30
204748,30
204749,4
204750,24
204751,30
204752,2
204753,5
204754,30
204755,27
204756,30
204757,34
204758,24
204759,30
204760,24
204761,34
204762,24
204763,20
204764,30
204765,28
204766,16
204767,27
204768,38
204769,24
204770,2
204771,24
204772,30
204774,19
204775,5
204776,30
204777,30
204778,3
204779,4
204780,34
204781,8
204782,16
204783,24
204784,16
204785,16
204786,4
204787,16
204788,28
204789,24
204790,16
204791,37
204792,24
204793,16
204794,4
204795,8
204796,30
204797,16
204798,28
204799,16
204800,4
204801,24
204802,24
204803,28
204804,16
204805,24
204806,16
204807,30
204808,16
204809,30
204810,4
204811,16
204812,16
204813,26
204814,16
204815,24
204816,36
204817,24
204818,16
204819,16
204820,36
204821,36
204822,30
204823,8
204824,16
204825,16
204826,4
204827,16
204828,26
204829,30
204830,26
204831,30
204832,16
204833,34
204834,5
204835,31
204836,24
204837,16
204838,24
204839,25
204840,24
204841,16
204842,24
204843,30
204844,16
204845,16
204846,16
204847,34
204848,31
204849,37
204850,8
204851,16
204852,24
204853,24
204854,34
204855,10
204856,31
204857,16
204858,4
204859,16
204860,10
204861,28
204862,27
204863,24
204864,37
204865,23
204866,24
204867,6
204868,28
204869,16
204870,28
204871,24
204872,36
204873,16
204874,24
204875,24
204876,30
204877,24
204878,37
204879,24
204880,30
204881,36
204882,24
204883,36
204884,5
204885,28
204886,24
204887,27
204888,24
204889,16
204890,24
204891,34
204892,10
204893,6
204894,36
204895,27
204896,16
204897,24
204898,30
204899,16
204900,10
204901,34
204902,16
204903,28
204904,16
204905,27
204906,24
204907,24
204908,30
204909,28
204910,27
204911,28
204912,2
204913,4
204914,4
204937,22
205230,4
205411,16
205412,16
205452,16
205469,16
205476,38
205499,16
205506,34
205517,16
205518,22
205521,8
205522,16
205523,30
205524,24
205525,16
205526,16
205527,16
205528,16
205529,10
205530,8
205531,24
205532,24
205533,28
205534,34
205536,24
205537,28
205538,24
205539,14
205540,27
205541,18
205542,28
205543,19
205544,24
205545,25
205546,4
205547,9
205548,16
205549,24
205550,24
205551,36
205552,16
205554,23
205555,27
205556,16
205557,30
205558,30
205559,8
205560,34
205561,24
205562,8
205563,24
205564,3
205565,24
205566,28
205567,28
205568,4
205569,30
205570,24
205571,30
205572,37
205573,2
205574,24
205575,16
205576,31
205577,37
205578,8
205579,24
205580,30
205581,31
205582,16
205583,31
205584,2
205585,4
205586,26
205588,16
205589,22
205590,20
205591,30
205592,22
205593,16
205594,24
205595,16
205596,24
205597,2
205598,16
205599,5
205600,24
205601,16
205603,5
205604,24
205605,26
205606,16
205607,24
205608,24
205609,37
205610,16
205611,28
205612,24
205613,16
205614,16
205615,27
205616,24
205617,30
205618,24
205619,28
205620,24
205621,30
205622,16
205623,30
205665,4
205676,16
205686,24
205688,8
205694,16
205706,16
205722,16
205723,23
205726,30
205738,4
205794,24
205812,4
205815,28
205830,37
205866,16
205876,31
205883,30
205887,24
205893,24
205901,1
205905,16
205906,10
205910,28
205911,6
205912,24
205913,30
205914,16
205915,8
205916,2
205917,13
205918,16
205920,30
205921,24
205922,24
205923,4
205924,16
205925,28
205926,16
205927,28
205928,24
205929,16
205930,16
205931,30
205932,24
205933,16
205934,24
205935,30
205937,30
205939,27
205940,27
205941,16
205942,5
205943,16
205944,5
205945,16
205947,30
205948,16
205949,37
205950,22
205951,28
205952,1
205953,16
205954,22
205955,24
205957,5
205958,27
205959,3
205961,4
205962,16
205963,8
205964,4
205965,24
205966,10
205967,16
205968,16
205969,31
205970,24
205971,16
205972,26
205973,16
205974,27
205975,28
205976,16
205977,30
205978,13
205979,10
205980,20
205981,24
205982,30
205983,16
205984,28
205985,34
205986,4
205987,24
205988,8
205989,10
205990,24
205991,16
205992,8
205993,16
205994,24
205995,22
205996,30
205997,0
205999,4
206000,16
206001,30
206002,30
206003,2
206004,16
206005,30
206006,26
206007,24
206008,16
206009,16
206010,16
206011,16
206012,24
206013,24
206014,16
206015,24
206016,24
206017,28
206018,16
206019,24
206020,27
206021,34
206022,24
206023,16
206024,24
206025,16
206026,30
206027,16
206028,25
206029,20
206030,26
206031,24
206032,30
206034,24
206035,24
206036,28
206037,16
206039,24
206040,24
206041,30
206042,10
206043,30
206044,16
206045,16
206046,16
206047,30
206048,4
206049,24
206050,24
206051,16
206052,34
206053,25
206054,10
206055,30
206056,28
206057,24
206058,16
206059,5
206060,16
206061,24
206062,27
206063,24
206064,26
206065,24
206066,24
206067,24
206068,13
206069,16
206070,8
206071,24
206072,30
206073,24
206074,30
206075,1
206076,24
206077,10
206078,24
206079,16
206080,16
206081,28
206082,30
206083,3
206084,4
206085,24
206086,10
206087,6
206088,16
206089,24
206090,36
206091,24
206092,5
206093,5
206094,30
206095,36
206096,24
206097,26
206098,24
206099,19
206100,24
206101,28
206102,27
206103,24
206104,5
206105,24
206106,16
206107,27
206108,16
206109,24
206110,5
206111,24
206112,28
206113,16
206114,16
206115,20
206116,27
206117,27
206118,13
206119,24
206120,24
206121,24
206122,23
206345,28
206441,23
206520,8
206570,28
206634,2
206659,24
206689,24
206690,16
206696,13
206697,16
206698,30
206699,24
206700,24
206701,24
206702,16
206703,16
206704,20
206705,24
206706,16
206707,16
206708,16
206709,24
206710,24
206711,16
206712,16
206713,30
206714,31
206715,16
206717,4
206718,16
206719,30
206720,31
206721,16
206722,26
206723,24
206724,16
206725,6
206726,27
206727,31
206728,28
206730,6
206731,24
206732,26
206733,27
206734,24
206735,16
206736,8
206737,16
206738,4
206739,32
206740,27
206741,28
206742,16
206743,6
206744,16
206745,27
206746,34
206747,10
206748,16
206749,24
206750,28
206751,36
206752,28
206753,16
206754,19
206755,16
206756,16
206757,23
206758,24
206759,30
206760,8
206761,16
206762,34
206763,16
206764,10
206765,24
206766,27
206767,28
206768,24
206769,36
206770,16
206771,16
206772,30
206773,5
206774,4
206775,30
206776,16
206777,30
206778,24
206779,28
206780,24
206781,26
206782,30
206783,30
206784,30
206785,24
206811,8
206813,5
206824,4
206825,28
206848,16
206856,36
206859,20
206862,34
206868,25
206885,28
206889,30
206900,10
206905,28
206911,10
206936,24
206943,24
206950,26
206954,27
207005,30
207043,16
207045,31
207046,4
207047,16
207048,24
207049,24
207051,30
207052,10
207053,30
207054,5
207055,39
207057,24
207058,28
207059,31
207060,30
207061,27
207062,30
207063,16
207065,16
207066,16
207067,28
207068,24
207069,16
207070,5
207071,27
207072,13
207074,34
207076,30
207077,16
207078,5
207081,16
207082,16
207083,4
207084,25
207085,8
207086,34
207087,5
207088,24
207089,16
207090,24
207091,4
207092,16
207093,16
207094,10
207095,24
207096,2
207097,26
207098,24
207099,16
207100,5
207101,24
207102,16
207103,24
207104,30
207105,10
207106,30
207107,24
207108,30
207109,16
207110,30
207111,30
207112,27
207113,16
207114,30
207115,24
207116,16
207117,24
207119,24
207120,24
207121,34
207122,3
207123,24
207124,19
207125,5
207126,8
207127,30
207128,22
207129,8
207130,27
207131,16
207132,4
207133,31
207134,16
207135,16
207136,28
207137,24
207138,27
207139,27
207140,24
207141,20
207142,24
207143,8
207144,24
207145,16
207146,4
207147,28
207148,24
207149,26
207150,24
207151,24
207152,30
207153,19
207154,27
207155,28
207156,30
207157,24
207158,16
207159,16
207160,9
207161,24
207162,30
207163,24
207164,24
207165,5
207166,24
207167,24
207168,16
207169,36
207170,24
207171,5
207172,16
207173,28
207174,16
207175,8
207176,30
207177,4
207178,36
207179,24
207180,24
207181,24
207182,36
207183,37
207184,16
207185,30
207186,28
207187,10
207188,25
207189,30
207190,24
207191,16
207192,16
207193,30
207194,24
207195,25
207196,16
207197,15
207198,10
207199,30
207200,24
207201,10
207202,37
207204,27
207205,30
207206,26
207207,24
207208,30
207209,24
207210,16
207211,8
207212,4
207213,8
207214,3
207215,26
207216,10
207217,24
207218,24
207219,28
207220,16
207221,27
207222,18
207223,16
207224,24
207225,4
207226,16
207227,10
207228,30
207229,10
207230,24
207231,24
207232,24
207233,16
207234,30
207235,24
207236,16
207237,30
207238,4
207239,24
207240,16
207241,4
207242,30
207243,24
207244,30
207245,4
207246,24
207247,30
207248,34
207249,16
207250,16
207251,34
207252,27
207253,13
207254,16
207255,24
207256,24
207257,24
207258,23
207259,28
207260,16
207261,37
207685,31
207691,8
207700,24
207705,16
207747,10
207791,8
207792,16
207800,24
207802,16
207815,26
207836,16
207843,8
207848,24
207849,28
207850,24
207851,16
207852,4
207853,13
207854,16
207855,24
207856,31
207857,24
207858,7
207859,26
207861,16
207862,37
207863,24
207865,34
207866,24
207867,31
207868,24
207869,16
207870,28
207871,16
207872,24
207873,5
207874,10
207875,16
207876,10
207877,24
207878,10
207879,16
207880,24
207881,2
207882,28
207883,28
207885,6
207886,16
207887,16
207888,10
207889,30
207890,16
207891,8
207892,24
207893,28
207894,24
207895,30
207896,5
207897,16
207898,25
207899,2
207900,16
207901,24
207903,26
207904,16
207905,16
207906,34
207907,16
207908,24
207909,16
207910,10
207911,5
207912,4
207913,28
207914,8
207915,16
207916,26
207917,10
207918,16
207919,16
207920,31
207921,4
207922,16
207923,24
207924,0
207925,16
207926,24
207927,28
207928,16
207929,28
207930,34
207931,10
207932,24
207933,34
207934,24
207935,24
207936,8
207937,24
207938,24
207939,36
207940,24
207941,30
207959,16
207970,34
207985,31
207986,25
207989,16
208010,39
208027,16
208050,38
208057,8
208060,34
208071,8
208081,24
208095,16
208102,30
208103,24
208117,25
208126,28
208128,16
208130,16
208167,24
208173,18
208181,24
208183,27
208205,2
208206,24
208207,24
208209,30
208210,37
208211,28
208212,34
208213,16
208214,24
208215,28
208216,16
208217,24
208218,16
208219,24
208220,16
208221,23
208222,24
208223,16
208225,16
208226,16
208227,10
208228,16
208229,24
208230,7
208231,24
208232,16
208233,23
208234,16
208235,27
208236,16
208237,39
208238,16
208239,16
208240,30
208241,27
208242,16
208243,16
208244,27
208245,19
208246,34
208247,30
208248,24
208249,4
208251,30
208252,30
208253,24
208254,34
208255,13
208256,16
208257,30
208258,16
208259,16
208260,16
208261,16
208262,22
208263,16
208264,27
208265,16
208266,30
208267,27
208268,10
208269,30
208270,30
208272,24
208273,26
208274,5
208275,16
208276,24
208277,16
208278,10
208279,24
208280,30
208281,4
208282,24
208283,24
208284,24
208285,30
208286,16
208287,24
208288,16
208289,24
208290,4
208291,26
208292,30
208293,9
208294,2
208295,16
208296,5
208297,24
208298,16
208299,16
208300,30
208301,16
208302,24
208303,30
208304,3
208305,5
208306,16
208307,8
208308,28
208309,31
208310,26
208311,24
208312,10
208313,24
208314,16
208315,25
208316,16
208317,24
208318,24
208319,16
208321,36
208322,24
208323,37
208325,5
208326,4
208327,24
208328,24
208329,27
208330,16
208331,5
208332,5
208333,30
208334,2
208335,8
208336,31
208337,10
208338,9
208339,24
208340,28
208341,16
208342,30
208344,16
208345,27
208346,23
208347,28
208348,16
208349,30
208350,24
208351,1
208352,22
208353,37
208354,16
208355,1
208356,10
208357,30
208358,28
208359,9
208360,30
208361,34
208362,16
208363,20
208364,28
208365,24
208366,34
208367,24
208368,24
208369,34
208370,24
208371,16
208372,16
208373,26
208374,30
208375,27
208376,23
208377,16
208378,26
208379,5
208380,30
208381,10
208382,26
208383,0
208384,5
208385,2
208386,38
208387,16
208388,30
208389,16
208390,24
208391,24
208868,16
208875,25
208915,34
208931,28
208956,28
208961,16
208981,30
208985,30
208987,2
208988,16
208989,23
208991,24
208992,24
208993,27
208994,16
208995,37
208996,5
208997,16
208998,4
208999,16
209000,24
209001,8
209002,28
209003,10
209005,16
209006,16
209008,16
209009,27
209010,4
209011,13
209012,20
209013,10
209014,16
209015,16
209016,10
209017,30
209018,34
209019,8
209020,4
209021,16
209022,34
209023,2
209024,26
209025,19
209026,30
209027,24
209028,10
209029,22
209030,37
209031,24
209032,16
209034,24
209035,34
209036,24
209037,16
209038,24
209039,24
209040,16
209041,5
209042,30
209043,8
209044,16
209045,10
209046,34
209047,24
209048,34
209049,24
209050,23
209051,16
209052,10
209053,23
209054,5
209055,30
209056,4
209057,28
209058,23
209059,24
209060,15
209061,30
209062,24
209063,24
209064,34
209065,16
209066,16
209067,30
209068,16
209069,24
209072,24
209081,16
209087,11
209094,30
209096,24
209097,16
209109,36
209114,30
209133,30
209136,16
209175,30
209176,16
209180,24
209185,26
209199,10
209214,36
209221,30
209228,36
209242,28
209255,36
209256,34
209260,8
209265,24
209268,24
209293,24
209294,8
209313,30
209316,24
209318,16
209319,16
209320,16
209321,24
209322,30
209323,16
209324,19
209325,24
209326,28
209327,18
209328,8
209329,8
209330,28
209332,26
209333,34
209334,24
209335,39
209336,26
209337,30
209338,16
209339,28
209340,16
209342,27
209343,30
209344,30
209345,16
209346,5
209347,10
209348,28
209349,30
209350,24
209351,31
209352,13
209353,16
209354,5
209355,27
209356,30
209357,30
209358,25
209359,30
209360,31
209361,24
209362,26
209363,10
209365,24
209366,16
209367,24
209368,10
209369,28
209370,27
209371,27
209372,5
209373,16
209374,28
209375,28
209376,30
209377,16
209378,24
209379,16
209380,30
209381,16
209382,10
209383,24
209384,24
209385,5
209386,16
209387,30
209388,16
209389,16
209390,24
209391,24
209392,16
209393,30
209394,28
209395,16
209396,24
209397,16
209398,15
209399,16
209400,24
209401,24
209402,6
209403,24
209404,16
209405,8
209406,34
209407,16
209408,16
209409,34
209410,28
209411,24
209412,16
209413,30
209414,30
209415,10
209416,30
209417,2
209418,24
209419,13
209420,30
209421,30
209422,28
209423,24
209424,36
209425,24
209426,28
209427,38
209428,24
209429,28
209430,24
209431,30
209432,24
209433,30
209434,13
209435,16
209436,16
209437,34
209438,4
209439,25
209440,24
209441,16
209442,24
209443,34
209444,3
209445,24
209446,16
209447,27
209448,30
209449,4
209450,3
209451,16
209452,24
209453,30
209454,8
209455,16
209456,24
209457,13
209458,24
209459,34
209460,10
209461,16
209463,28
209465,24
209466,24
209468,16
209469,23
209470,16
209471,19
209472,28
209473,28
209474,16
209475,28
209476,28
209477,28
209479,4
209480,16
209481,5
209482,10
209483,36
209484,10
209485,16
209486,24
209487,10
209488,16
209489,16
209490,24
209491,36
209492,30
209493,24
209494,4
209495,5
209496,26
209497,34
209498,10
209499,24
209500,9
209501,16
209502,24
209503,4
209504,24
209505,8
209506,16
209507,34
209508,10
209509,24
209510,16
209511,24
209512,16
209513,8
209514,16
209515,16
209516,28
209517,24
209518,4
209519,30
209520,16
209521,26
209522,27
209523,24
209524,24
209525,37
209526,10
209774,27
209840,13
209979,2
210034,22
210039,27
210046,16
210050,28
210057,24
210068,16
210086,24
210090,13
210091,16
210104,34
210105,30
210106,8
210107,24
210108,24
210109,16
210110,8
210111,24
210112,30
210113,16
210114,8
210115,28
210116,36
210117,24
210118,24
210119,10
210120,28
210121,28
210122,30
210123,30
210124,4
210125,16
210126,28
210127,16
210128,27
210129,27
210130,24
210131,30
210132,16
210133,16
210134,16
210135,27
210136,5
210137,24
210138,16
210139,16
210141,30
210142,16
210143,36
210144,2
210145,4
210146,8
210147,16
210148,16
210149,34
210150,4
210151,16
210152,27
210153,2
210154,26
210155,27
210156,8
210157,38
210158,16
210159,27
210160,27
210161,24
210162,24
210163,16
210164,24
210165,24
210166,28
210167,16
210168,24
210169,38
210170,16
210171,16
210172,30
210173,10
210174,24
210175,10
210176,4
210177,16
210178,10
210179,24
210180,24
210181,24
210182,30
210183,24
210190,36
210193,16
210229,18
210233,8
210234,16
210240,24
210245,16
210256,25
210263,30
210276,30
210298,30
210301,28
210311,4
210318,16
210330,8
210332,16
210358,36
210360,38
210368,24
210381,18
210399,30
210406,13
210414,16
210439,10
210442,8
210443,10
210445,34
210446,16
210447,24
210448,30
210449,16
210450,28
210451,16
210452,24
210453,8
210454,25
210455,22
210456,10
210457,19
210458,16
210459,24
210461,28
210462,24
210465,24
210466,31
210467,16
210468,24
210469,16
210470,24
210471,10
210473,26
210474,24
210475,30
210476,15
210477,16
210478,23
210479,16
210480,22
210481,37
210482,16
210483,16
210484,4
210485,16
210486,37
210487,30
210488,4
210489,16
210490,16
210491,30
210492,30
210493,28
210494,30
210496,4
210497,24
210498,30
210499,27
210500,24
210501,24
210502,24
210503,30
210504,16
210505,23
210506,24
210507,39
210508,24
210509,24
210510,36
210511,6
210512,26
210513,24
210514,2
210515,10
210516,24
210517,24
210518,27
210519,5
210520,16
210521,24
210522,24
210523,13
210524,34
210525,24
210526,28
210527,27
210528,24
210529,30
210530,27
210531,16
210532,30
210533,16
210534,16
210535,27
210536,24
210537,28
210538,34
210539,28
210540,16
210541,24
210542,30
210543,30
210544,5
210545,16
210546,24
210547,24
210548,1
210550,16
210551,16
210552,24
210553,27
210554,24
210555,24
210556,36
210557,16
210558,2
210559,16
210560,30
210561,16
210562,10
210563,16
210564,24
210565,4
210566,37
210567,27
210568,28
210569,16
210570,16
210571,16
210572,24
210573,10
210574,24
210575,16
210576,16
210577,24
210578,24
210579,5
210580,16
210581,13
210582,28
210583,26
210584,10
210585,24
210586,27
210587,10
210588,24
210589,1
210590,28
210591,10
210592,4
210593,16
210594,19
210595,16
210596,24
210597,4
210598,27
210599,23
210600,5
210601,16
210602,16
210603,26
210604,24
210605,16
210606,28
210607,37
210608,28
210609,25
210610,8
210611,8
210612,34
210613,24
210614,10
210615,4
210616,16
210617,24
210618,27
210619,24
210620,24
210621,31
210622,24
210623,24
210624,24
210625,28
210626,23
210627,28
210628,24
210629,24
210630,10
210631,16
210632,4
210633,24
210634,23
210635,16
210636,13
210637,23
210638,16
210639,24
210640,16
210641,26
210642,16
210643,13
210644,16
210645,4
210646,24
211037,4
211095,18
211168,16
211174,10
211250,27
211256,16
211262,16
211265,28
211267,2
211268,24
211269,24
211270,28
211271,28
211272,24
211273,28
211274,4
211275,26
211276,23
211277,16
211278,30
211279,37
211280,8
211281,5
211282,16
211285,28
211286,24
211287,5
211289,4
211290,24
211291,26
211293,26
211294,24
211295,16
211296,24
211297,28
211298,30
211299,34
211300,16
211301,36
211302,24
211303,24
211304,24
211305,16
211306,23
211307,24
211308,28
211309,10
211310,16
211311,16
211312,16
211313,27
211314,24
211315,28
211316,28
211317,5
211318,16
211319,4
211320,19
211321,36
211322,24
211323,24
211324,27
211325,24
211326,16
211327,16
211328,16
211330,16
211331,27
211332,28
211333,3
211334,1
211335,16
211337,16
211338,16
211339,16
211341,25
211342,22
211343,16
211344,34
211345,30
211346,28
211347,16
211348,10
211349,5
211350,16
211351,16
211352,24
211353,24
211354,30
211355,24
211356,10
211357,30
211358,16
211359,24
211360,16
211361,24
211362,24
211363,16
211364,24
211365,24
211366,30
211367,27
211368,24
211370,34
211371,16
211372,16
211373,8
211374,24
211375,24
211376,16
211377,30
211378,30
211379,30
211380,39
211391,18
211420,30
211436,34
211450,16
211457,16
211463,30
211476,24
211504,16
211508,34
211514,16
211522,16
211526,25
211578,23
211579,24
211580,16
211590,30
211595,25
211596,23
211597,13
211603,8
211608,3
211630,28
211631,16
211632,4
211633,4
211634,34
211635,5
211637,16
211638,23
211639,16
211640,4
211641,13
211642,4
211643,34
211644,30
211645,24
211646,16
211647,16
211648,31
211649,24
211650,16
211651,16
211652,10
211653,16
211655,30
211656,23
211657,31
211658,24
211659,20
211660,19
211661,16
211662,13
211664,16
211665,16
211666,16
211667,38
211668,24
211669,16
211670,16
211671,30
211672,16
211673,16
211674,16
211675,16
211676,30
211677,28
211678,24
211679,16
211680,30
211681,30
211682,24
211683,38
211684,24
211685,16
211686,16
211687,30
211688,28
211689,27
211690,30
211691,30
211692,30
211693,30
211694,24
211695,28
211696,5
211697,24
211698,24
211699,30
211700,16
211701,16
211702,24
211703,16
211704,24
211705,24
211706,16
211707,16
211708,34
211709,28
211710,16
211711,16
211712,24
211713,34
211714,16
211715,27
211716,10
211717,24
211718,24
211719,30
211720,30
211721,28
211722,24
211723,30
211724,27
211725,16
211726,4
211727,31
211728,24
211729,16
211730,16
211731,24
211732,30
211733,30
211734,34
211735,30
211736,24
211737,34
211738,16
211739,16
211740,10
211741,34
211742,24
211743,30
211744,28
211745,16
211746,24
211747,27
211748,8
211749,16
211750,30
211751,24
211752,16
211753,24
211754,16
211755,24
211756,27
211757,16
211758,28
211759,24
211760,16
211761,24
211762,3
211763,28
211764,16
211765,16
211766,24
211767,16
211768,16
211769,8
211770,31
211771,24
211772,24
211773,16
211774,10
211775,24
211776,16
211777,16
211778,27
211779,24
211780,16
211781,24
211782,24
211783,16
211784,2
211785,37
211786,16
211787,28
211788,24
211789,10
211790,26
211791,4
211792,4
211793,27
211794,16
211795,34
211796,10
211797,16
211798,30
211799,30
211800,16
211801,28
211802,24
211803,24
211804,10
211805,28
211806,16
211807,16
211808,16
211809,10
211810,30
211811,24
211812,16
211813,16
211814,30
211815,37
211816,16
211817,24
211818,30
211819,27
211820,31
211821,16
211822,16
211823,24
211824,24
211825,16
211826,10
211827,36
211828,31
211829,16
211830,16
211831,0
211832,28
211833,16
211834,16
211835,5
212233,9
212250,27
212301,8
212338,34
212350,8
212372,4
212392,16
212413,16
212418,2
212427,22
212434,24
212436,4
212438,28
212440,28
212441,31
212442,28
212443,30
212444,5
212445,27
212446,24
212447,6
212448,26
212449,34
212450,28
212451,28
212452,24
212453,24
212454,31
212455,24
212456,16
212457,30
212458,23
212459,28
212460,4
212461,24
212462,26
212463,19
212464,34
212465,16
212466,28
212467,13
212468,34
212469,16
212470,28
212471,0
212472,4
212473,34
212474,30
212477,24
212478,24
212479,28
212480,16
212483,36
212484,27
212485,4
212486,28
212487,28
212488,24
212489,5
212490,19
212491,34
212492,16
212493,16
212494,34
212495,4
212496,16
212497,30
212498,25
212499,28
212500,39
212501,2
212502,37
212503,16
212504,16
212505,16
212506,34
212507,16
212508,24
212509,24
212510,16
212511,30
212512,27
212513,24
212514,24
212515,23
212516,24
212517,16
212518,24
212519,20
212520,25
212521,24
212522,28
212523,16
212524,24
212525,30
212526,24
212528,20
212537,17
212547,16
212550,16
212551,27
212557,16
212559,3
212565,26
212575,30
212595,16
212603,30
212614,25
212623,30
212626,24
212629,23
212637,24
212643,30
212645,10
212652,5
212658,24
212663,4
212690,24
212691,28
212697,8
212713,16
212715,16
212724,24
212745,2
212753,24
212754,16
212758,24
212759,16
212765,16
212766,16
212767,30
212768,34
212770,5
212771,30
212772,24
212773,23
212774,4
212776,16
212777,26
212778,20
212779,24
212780,10
212781,31
212782,16
212783,28
212784,30
212786,27
212787,30
212788,28
212789,24
212790,34
212791,20
212792,16
212793,27
212794,8
212795,30
212796,36
212797,4
212798,16
212799,26
212800,4
212801,4
212802,36
212803,10
212804,10
212805,24
212806,16
212807,16
212808,16
212809,20
212810,24
212811,16
212812,20
212813,16
212814,24
212815,24
212816,16
212817,4
212818,16
212819,16
212820,24
212821,10
212822,16
212823,16
212824,24
212825,24
212826,5
212827,19
212828,31
212829,16
212830,24
212831,16
212832,16
212833,16
212834,24
212835,37
212836,16
212837,30
212838,28
212839,30
212840,24
212841,24
212842,5
212843,4
212844,8
212845,24
212846,24
212847,8
212849,2
212850,16
212851,3
212852,8
212853,8
212854,16
212855,30
212856,10
212857,16
212859,30
212860,16
212861,16
212862,16
212863,10
212864,4
212865,24
212866,16
212867,24
212868,26
212869,16
212870,34
212873,24
212874,16
212875,16
212876,16
212877,30
212878,24
212879,16
212880,4
212881,37
212882,16
212883,31
212884,30
212885,23
212886,30
212887,30
212888,16
212889,16
212890,5
212891,24
212892,16
212893,25
212894,24
212895,30
212896,24
212897,24
212898,16
212899,22
212900,24
212901,30
212902,30
212903,26
212904,16
212905,16
212906,25
212907,30
212908,24
212909,16
212910,36
212911,24
212912,6
212913,16
212914,16
212915,24
212916,16
212917,24
212918,16
212919,16
212920,28
212921,30
212922,30
212923,8
212924,13
212925,3
212926,10
212927,24
212928,30
212929,5
212930,16
212931,24
212932,16
212933,4
212934,27
212935,16
212936,9
212937,24
212938,24
212939,27
212940,4
212941,16
212942,16
212943,24
212944,4
212945,24
212946,10
212947,26
212948,5
212949,30
212950,28
212951,24
212952,16
212953,24
212954,24
212955,4
212956,24
212957,24
212958,7
212959,16
212960,30
212961,24
212962,10
212963,24
212964,16
212965,5
212966,16
212967,27
212968,24
212969,4
212970,23
212971,16
212972,4
212973,28
212974,30
213311,20
213399,13
213419,23
213448,18
213554,28
213561,30
213567,19
213568,34
213569,16
213570,16
213572,10
213574,16
213575,24
213576,2
213578,16
213579,4
213580,28
213581,34
213582,16
213583,24
213584,5
213585,24
213586,24
213587,5
213588,26
213589,28
213590,38
213591,16
213592,24
213593,24
213594,16
213595,24
213596,10
213597,10
213598,30
213599,16
213600,34
213601,16
213602,19
213603,24
213604,28
213605,25
213606,30
213607,4
213608,37
213609,15
213610,24
213611,10
213612,16
213613,24
213614,2
213615,30
213616,16
213617,6
213618,16
213619,23
213620,28
213622,2
213623,16
213624,4
213625,30
213626,28
213627,13
213628,4
213629,30
213630,28
213631,34
213632,24
213633,16
213634,16
213635,16
213636,28
213637,24
213638,30
213639,4
213640,2
213641,30
213642,28
213643,16
213644,25
213645,28
213646,2
213647,27
213648,30
213649,2
213650,25
213651,24
213652,19
213653,34
213654,23
213655,16
213656,10
213657,19
213658,24
213659,28
213660,8
213661,5
213662,30
213663,24
213664,16
213665,34
213666,30
213668,28
213670,16
213671,28
213672,8
213673,16
213674,24
213675,4
213676,24
213677,16
213678,16
213679,30
213680,24
213681,34
213682,16
213687,28
213689,16
213701,34
213706,36
213710,25
213735,31
213737,34
213754,24
213755,16
213757,24
213759,24
213760,16
213762,2
213769,19
213779,23
213781,30
213787,30
213795,10
213797,16
213809,16
213818,30
213821,24
213823,23
213831,31
213836,16
213845,30
213852,28
213862,16
213885,24
213921,20
213922,8
213923,30
213924,16
213925,30
213926,24
213927,27
213928,16
213929,34
213930,24
213931,16
213932,28
213933,34
213934,28
213935,25
213936,16
213937,5
213938,30
213939,18
213940,3
213941,3
213943,16
213944,30
213945,24
213946,37
213947,4
213948,24
213949,10
213950,4
213951,30
213952,16
213953,23
213954,16
213955,10
213956,2
213957,31
213958,4
213959,2
213960,23
213961,28
213962,23
213963,4
213964,0
213965,30
213966,13
213967,30
213968,16
213969,30
213970,30
213971,16
213972,30
213974,27
213975,30
213976,16
213977,28
213978,10
213979,5
213980,5
213981,28
213982,16
213983,24
213984,16
213985,13
213986,34
213987,4
213988,4
213989,24
213990,10
213991,4
213992,16
213993,27
213994,24
213995,24
213996,24
213997,30
213998,24
213999,16
214000,24
214001,10
214002,16
214003,16
214004,30
214005,28
214006,16
214007,27
214008,2
214009,22
214010,16
214011,16
214012,25
214013,26
214014,27
214015,27
214016,13
214017,30
214018,30
214019,26
214020,24
214021,30
214022,10
214023,16
214024,16
214025,22
214026,24
214027,5
214028,24
214029,23
214030,4
214031,4
214032,16
214033,4
214034,27
214035,28
214036,24
214037,5
214038,16
214039,24
214040,19
214041,24
214042,30
214043,16
214044,16
214045,10
214046,27
214047,2
214048,18
214049,24
214050,16
214051,16
214052,24
214053,30
214054,23
214055,27
214056,16
214057,0
214058,4
214059,28
214060,25
214061,30
214062,27
214063,16
214064,25
214065,28
214066,16
214067,18
214068,30
214069,16
214070,28
214071,30
214072,16
214073,16
214074,37
214075,23
214076,16
214077,16
214078,36
214079,24
214080,10
214081,24
214082,28
214083,24
214084,30
214085,26
214086,16
214087,2
214088,27
214089,13
214090,24
214091,23
214092,24
214093,28
214094,34
214095,8
214096,24
214097,24
214098,24
214099,16
214100,24
214101,36
214102,24
214103,16
214104,24
214105,28
214106,16
214108,24
214109,26
214110,24
214111,30
214112,5
214113,5
214114,34
214115,24
214116,16
214117,24
214118,16
214119,24
214120,16
214121,27
214122,24
214123,2
214479,28
214531,28
214579,25
214595,16
214619,28
214643,5
214648,38
214657,5
214659,27
214662,2
214669,8
214670,24
214671,16
214699,28
214709,16
214714,16
214715,4
214716,30
214717,30
214718,10
214719,16
214720,5
214721,28
214722,28
214723,24
214724,24
214725,30
214726,28
214727,25
214728,24
214729,30
214730,34
214731,8
214732,14
214733,24
214734,28
214735,10
214736,28
214737,13
214738,27
214739,16
214740,24
214741,24
214742,27
214743,13
214744,24
214745,10
214746,8
214747,30
214748,24
214749,27
214750,9
214751,30
214752,6
214753,16
214754,18
214755,28
214756,28
214757,30
214758,24
214759,10
214760,34
214761,16
214762,16
214763,8
214764,9
214765,26
214766,28
214767,16
214768,20
214769,30
214770,16
214771,27
214772,24
214773,4
214774,10
214775,16
214776,37
214777,2
214778,23
214779,16
214780,27
214781,19
214782,16
214783,8
214784,16
214785,30
214786,34
214787,24
214788,10
214789,30
214790,24
214791,24
214792,30
214793,0
214794,24
214795,16
214796,2
214797,31
214798,30
214799,24
214800,24
214801,24
214802,31
214803,24
214804,16
214805,24
214806,1
214807,24
214808,24
214809,30
214810,36
214811,4
214812,34
214814,8
214815,30
214819,4
214844,30
214849,30
214856,4
214862,30
214865,4
214872,20
214877,24
214886,3
214894,30
214920,24
214935,16
214938,30
214951,30
214955,18
214958,24
214961,24
214965,30
214991,2
214995,24
215005,4
215008,24
215022,24
215024,30
215036,30
215051,24
215055,24
215068,16
215069,25
215070,30
215073,30
215074,10
215075,24
215076,4
215077,16
215078,26
215079,30
215080,34
215081,27
215083,4
215084,16
215086,24
215087,26
215088,28
215089,16
215091,24
215093,16
215094,16
215095,16
215099,24
215100,6
215101,16
215103,24
215104,24
215105,25
215106,10
215107,16
215108,37
215109,16
215110,28
215111,27
215112,30
215113,24
215114,27
215115,16
215116,30
215117,16
215118,28
215119,24
215120,13
215121,24
215122,30
215123,8
215124,4
215125,28
215126,30
215127,10
215128,16
215129,25
215130,24
215131,4
215132,6
215133,24
215134,24
215135,10
215136,10
215137,5
215138,24
215139,16
215140,10
215141,16
215143,24
215144,24
215145,4
215146,4
215147,30
215148,24
215149,24
215150,16
215151,30
215152,34
215153,23
215154,24
215155,2
215156,16
215157,16
215158,26
215159,24
215160,30
215161,28
215162,4
215163,24
215164,24
215165,16
215166,16
215167,16
215168,5
215169,30
215170,28
215171,16
215172,24
215173,36
215174,24
215175,22
215176,10
215177,24
215178,24
215179,31
215180,24
215181,10
215182,24
215183,24
215184,16
215185,8
215186,24
215187,16
215188,16
215189,34
215190,16
215191,24
215192,9
215193,10
215195,2
215197,31
215198,27
215199,5
215200,16
215201,16
215202,37
215203,28
215204,24
215205,24
215206,24
215207,36
215208,24
215209,16
215210,16
215211,24
215212,27
215213,4
215214,27
215215,10
215216,38
215217,20
215218,13
215219,37
215220,16
215221,30
215222,16
215223,16
215224,24
215225,16
215226,24
215227,38
215228,4
215229,11
215230,24
215231,24
215232,28
215233,16
215234,3
215235,16
215236,30
215237,16
215238,5
215239,24
215240,5
215241,16
215242,30
215243,16
215244,34
215245,3
215246,8
215247,24
215248,31
215249,16
215250,24
215251,24
215252,16
215253,3
215254,26
215255,16
215256,3
215257,26
215258,16
215259,9
215260,16
215261,24
215703,16
215736,16
215818,28
215828,24
215843,4
215850,19
215861,10
215862,16
215884,24
215888,16
215889,8
215892,24
215895,16
215896,30
215897,25
215898,28
215900,16
215901,8
215902,24
215903,28
215904,30
215905,34
215906,16
215907,26
215908,16
215909,8
215910,19
215911,10
215912,9
215913,30
215914,28
215915,37
215916,28
215917,24
215918,5
215919,24
215920,16
215921,19
215922,16
215923,28
215924,19
215925,26
215926,24
215927,37
215928,27
215929,24
215930,4
215931,23
215932,28
215933,10
215934,16
215935,10
215936,16
215937,30
215938,2
215939,28
215940,16
215941,28
215942,30
215943,30
215944,30
215945,10
215946,16
215947,34
215948,16
215949,24
215950,16
215951,4
215952,16
215953,16
215955,16
215956,24
215957,16
215958,27
215959,30
215960,25
215961,27
215963,2
215964,9
215965,16
215966,16
215967,16
215968,24
215970,16
215971,24
215972,34
215973,16
215975,4
215976,10
215977,24
215978,16
215979,27
215980,16
215981,24
215982,10
215983,2
215984,30
215985,19
215986,36
215987,16
215988,24
215989,27
215990,24
215991,10
216007,30
216031,27
216036,2
216048,27
216053,24
216057,16
216058,5
216062,24
216069,5
216082,26
216104,2
216112,27
216129,3
216166,2
216174,24
216195,26
216230,3
216231,30
216232,20
216233,16
216234,30
216235,24
216236,23
216237,10
216238,16
216239,5
216240,30
216241,24
216242,24
216243,25
216244,36
216245,34
216247,27
216248,16
216249,16
216250,10
216251,4
216254,8
216255,27
216256,16
216257,30
216258,8
216259,24
216260,27
216261,30
216262,16
216263,25
216264,16
216265,16
216266,30
216267,34
216268,30
216269,4
216270,33
216271,28
216272,16
216273,25
216274,20
216275,2
216276,24
216277,20
216278,8
216279,16
216280,30
216281,2
216282,16
216283,4
216284,24
216285,30
216286,30
216287,16
216288,30
216289,24
216290,16
216291,10
216292,24
216293,16
216294,24
216295,28
216296,16
216297,16
216298,24
216299,16
216300,30
216301,30
216302,16
216303,30
216304,10
216305,4
216306,24
216307,34
216308,24
216309,24
216310,37
216311,10
216312,10
216313,24
216314,10
216315,3
216316,16
216317,16
216318,24
216319,27
216320,24
216321,24
216322,30
216323,28
216324,27
216325,23
216326,28
216327,5
216328,5
216329,24
216330,16
216331,2
216332,24
216333,24
216334,25
216335,23
216336,24
216337,25
216338,24
216339,26
216340,24
216341,24
216342,16
216343,16
216344,16
216345,27
216346,8
216347,30
216348,24
216349,34
216350,27
216351,26
216352,10
216353,16
216354,28
216355,16
216356,24
216357,10
216358,16
216359,24
216360,4
216361,16
216362,30
216363,24
216364,16
216365,16
216366,30
216367,24
216368,24
216369,16
216370,13
216371,30
216372,14
216373,16
216374,16
216375,24
216376,16
216377,23
216378,31
216379,23
216380,30
216381,27
216382,16
216383,2
216384,25
216385,16
216386,13
216387,30
216388,28
216389,23
216390,28
216392,16
216393,10
216394,16
216395,24
216396,16
216397,5
216398,26
216399,24
216400,30
216401,10
216402,5
216403,10
216404,24
216405,4
216406,4
216407,30
216408,16
216409,8
216410,24
216412,13
216413,30
216414,34
216415,16
216416,30
216417,16
216418,3
216419,9
216420,30
216421,24
216422,28
216423,4
216424,31
216425,30
216426,37
216427,5
216428,18
216429,24
216430,34
216431,24
216432,24
216433,27
216434,4
216435,24
216436,34
216437,16
216438,30
216439,16
216440,24
216441,37
216442,10
216443,5
216444,27
216445,30
216446,30
216447,24
216448,28
216449,22
216450,16
216706,31
216784,36
216840,30
216850,13
216867,27
216900,24
216917,28
216935,24
216960,26
216984,25
216996,18
217001,4
217005,28
217006,8
217007,16
217009,24
217010,37
217011,13
217012,5
217013,24
217014,28
217015,24
217016,16
217017,16
217018,16
217019,28
217020,4
217021,24
217022,28
217023,24
217024,28
217025,19
217026,5
217027,28
217028,27
217029,24
217030,16
217031,16
217032,16
217033,24
217034,34
217035,16
217036,16
217037,22
217038,2
217039,24
217040,28
217041,8
217042,27
217043,8
217044,4
217045,10
217046,30
217047,34
217049,23
217050,16
217051,16
217052,16
217053,16
217055,30
217056,25
217057,28
217058,30
217059,24
217060,16
217061,34
217062,20
217063,16
217064,28
217065,30
217066,24
217067,16
217068,34
217069,24
217070,27
217071,10
217072,34
217073,4
217074,24
217076,30
217077,24
217078,5
217079,24
217080,2
217081,24
217082,30
217083,24
217084,10
217085,30
217086,30
217087,16
217088,13
217089,24
217090,16
217091,24
217092,16
217093,27
217094,4
217095,16
217096,27
217097,24
217098,24
217099,30
217100,16
217123,28
217124,30
217137,16
217152,10
217153,24
217165,16
217168,24
217172,4
217184,16
217186,24
217190,24
217192,24
217221,24
217222,30
217228,10
217232,31
217240,5
217252,24
217261,16
217282,31
217286,4
217293,24
217301,24
217316,25
217327,24
217328,16
217329,24
217331,28
217332,26
217333,4
217334,39
217335,16
217337,24
217339,5
217340,16
217342,34
217343,24
217344,31
217345,30
217346,34
217347,30
217348,4
217349,28
217350,24
217351,16
217352,23
217353,34
217354,23
217355,30
217356,24
217358,16
217359,30
217360,28
217361,16
217362,37
217363,16
217364,16
217365,27
217366,27
217367,16
217368,30
217369,30
217370,30
217371,26
217372,16
217373,16
217374,24
217375,30
217376,2
217377,16
217378,16
217379,5
217380,30
217381,30
217383,5
217384,16
217385,30
217386,4
217387,24
217388,27
217389,16
217390,24
217391,16
217392,5
217393,2
217394,16
217395,16
217396,16
217397,26
217399,30
217400,34
217401,27
217402,24
217403,37
217404,16
217405,30
217406,24
217407,24
217408,30
217409,4
217410,26
217411,16
217412,30
217413,24
217414,8
217415,30
217416,24
217417,5
217418,24
217419,30
217420,16
217421,38
217422,16
217423,30
217424,27
217425,30
217426,24
217427,28
217428,37
217429,5
217430,20
217431,32
217432,16
217433,30
217434,24
217435,30
217436,28
217437,30
217438,24
217439,24
217440,28
217441,24
217442,16
217443,5
217444,26
217445,16
217446,30
217447,24
217448,4
217449,28
217450,16
217451,16
217452,24
217454,30
217455,36
217456,4
217457,34
217458,23
217459,16
217460,4
217461,30
217462,16
217463,39
217464,16
217465,30
217466,23
217467,13
217468,3
217469,16
217470,16
217471,27
217472,16
217473,30
217474,16
217475,16
217476,16
217477,13
217478,27
217479,24
217480,22
217481,16
217482,26
217483,30
217484,5
217485,16
217486,5
217487,25
217488,10
217489,27
217490,30
217491,36
217492,4
217493,8
217494,16
217495,16
217496,28
217497,24
217498,2
217500,24
217501,24
217502,10
217503,16
217504,24
217505,24
217506,16
217507,16
217508,10
217509,20
217510,16
217511,24
217512,28
217513,10
217514,24
217515,34
217516,16
217517,30
217518,4
217519,26
217520,16
217521,16
217522,9
217523,16
217524,24
217525,34
217526,28
217527,24
217528,13
217529,2
217530,16
217531,4
217532,16
217533,30
217534,16
217535,4
217536,24
217537,16
217538,20
217905,10
217954,24
218037,16
218049,16
218063,18
218065,10
218083,4
218105,37
218111,24
218115,3
218118,31
218120,28
218123,8
218124,24
218126,25
218127,8
218128,1
218129,4
218130,16
218131,24
218132,8
218133,30
218134,16
218135,22
218136,19
218137,26
218138,16
218139,30
218140,34
218141,30
218142,24
218143,23
218144,16
218145,24
218146,19
218147,37
218149,8
218150,30
218151,24
218152,27
218153,10
218154,27
218155,16
218156,10
218157,23
218158,34
218159,24
218161,28
218162,2
218163,33
218164,4
218165,10
218166,27
218167,16
218168,30
218169,16
218170,24
218171,38
218172,30
218173,0
218174,24
218175,24
218177,26
218178,16
218179,16
218180,9
218181,30
218182,28
218183,16
218184,24
218185,32
218186,16
218187,13
218188,23
218189,16
218190,30
218191,16
218192,24
218193,30
218194,16
218196,30
218197,6
218198,4
218199,16
218200,26
218201,34
218202,24
218203,30
218204,5
218205,16
218206,19
218207,16
218208,30
218209,23
218210,30
218211,16
218212,27
218213,24
218216,20
218217,16
218218,24
218219,28
218220,24
218221,4
218222,30
218223,19
218224,13
218225,30
218226,24
218227,31
218228,5
218229,9
218230,37
218231,34
218232,31
218233,28
218234,24
218235,24
218236,3
218237,24
218244,16
218247,27
218258,28
218263,16
218273,16
218274,16
218299,24
218302,4
218309,16
218312,24
218315,37
218332,24
218366,4
218409,16
218420,30
218437,34
218451,23
218466,24
218467,22
218468,16
218473,37
218491,31
218495,27
218512,30
218517,24
218518,24
218519,16
218520,31
218522,8
218523,10
218524,10
218525,26
218527,6
218528,4
218530,4
218531,30
218532,30
218533,24
218534,4
218535,4
218537,13
218538,16
218539,4
218540,20
218541,10
218542,13
218543,36
218544,16
218545,30
218546,10
218547,16
218548,4
218550,30
218551,23
218552,24
218554,24
218555,16
218556,16
218557,24
218558,10
218559,24
218560,33
218561,16
218562,30
218563,16
218564,16
218565,4
218566,10
218567,16
218568,16
218569,24
218570,28
218571,16
218572,30
218573,2
218574,16
218575,5
218576,30
218577,30
218578,24
218579,2
218580,30
218581,28
218582,30
218583,10
218584,4
218585,24
218586,16
218587,24
218588,23
218589,30
218591,3
218592,24
218593,36
218594,24
218595,13
218596,24
218597,26
218598,24
218599,16
218600,24
218601,36
218602,26
218603,34
218605,2
218606,34
218607,28
218608,26
218609,30
218610,10
218611,34
218612,16
218613,24
218614,16
218615,24
218616,34
218617,16
218618,16
218619,24
218620,24
218621,24
218622,30
218623,16
218624,24
218625,30
218626,30
218627,34
218628,24
218629,30
218630,28
218631,31
218632,16
218633,24
218634,27
218635,8
218636,24
218637,24
218638,28
218639,28
218640,16
218641,24
218642,5
218643,34
218644,16
218645,4
218646,16
218647,24
218648,16
218649,16
218650,24
218651,24
218652,24
218653,24
218654,30
218655,28
218656,24
218657,4
218658,28
218659,16
218660,4
218661,10
218662,9
218663,16
218664,24
218665,34
218666,16
218667,16
218668,4
218669,28
218670,30
218671,36
218672,5
218673,24
218674,4
218675,25
218676,16
218677,16
218678,4
218679,34
218680,16
218681,16
218682,37
218683,16
218684,0
218685,16
218686,27
218687,34
218688,28
218689,16
218690,23
218691,16
218692,4
218693,31
218694,31
218695,30
218696,24
218697,38
218698,10
218699,24
218700,30
218701,16
218702,10
218703,30
218704,16
218705,8
218706,4
218707,16
218708,24
218709,34
218710,24
218711,24
218712,24
218713,30
218714,24
218715,4
218716,30
218717,24
218718,19
218719,16
218720,24
218721,27
218722,16
218723,16
218724,16
218725,16
218726,27
218727,26
218728,4
218729,8
218730,24
219081,36
219110,25
219112,16
219185,16
219186,13
219215,0
219220,28
219243,8
219266,16
219274,32
219281,2
219306,24
219313,37
219314,28
219315,16
219316,5
219318,16
219319,24
219320,16
219321,16
219322,33
219323,24
219324,5
219325,24
219326,28
219327,24
219328,16
219329,28
219330,30
219331,4
219332,16
219333,25
219334,26
219335,24
219336,24
219337,27
219338,9
219339,16
219340,10
219341,24
219342,28
219343,16
219344,24
219345,24
219346,28
219347,30
219348,27
219350,16
219351,25
219352,6
219353,16
219354,8
219355,24
219356,27
219357,6
219358,16
219359,16
219360,16
219361,16
219362,16
219363,30
219364,9
219365,34
219366,24
219367,16
219368,8
219369,16
219370,8
219371,24
219372,16
219373,16
219374,16
219375,25
219376,16
219377,16
219378,19
219379,28
219380,16
219382,16
219383,9
219384,16
219385,30
219386,3
219388,10
219389,19
219390,16
219391,24
219392,16
219393,16
219394,34
219395,5
219396,16
219397,24
219398,28
219399,23
219400,2
219401,28
219402,26
219403,16
219404,30
219406,4
219407,5
219408,27
219410,19
219411,16
219412,10
219413,16
219414,24
219415,30
219416,20
219417,30
219442,30
219444,26
219445,28
219459,26
219465,28
219498,20
219499,3
219502,16
219505,10
219521,20
219543,19
219570,16
219584,30
219601,28
219608,16
219625,31
219633,30
219641,24
219657,24
219661,2
219662,30
219664,4
219665,2
219666,24
219668,27
219669,30
219670,25
219671,16
219672,8
219673,16
219674,24
219675,4
219677,16
219679,8
219680,8
219681,30
219682,24
219683,34
219684,27
219686,34
219687,4
219688,24
219689,24
219690,34
219691,5
219692,9
219693,18
219694,16
219695,16
219696,32
219697,4
219698,5
219699,16
219700,16
219701,16
219702,8
219703,31
219704,16
219705,10
219706,38
219707,5
219708,16
219709,25
219710,34
219711,22
219712,16
219713,30
219714,30
219715,9
219716,24
219717,30
219718,16
219719,34
219720,13
219721,5
219722,30
219723,30
219724,30
219725,27
219726,30
219727,27
219728,5
219729,38
219730,16
219731,24
219732,24
219733,31
219734,23
219735,24
219736,31
219737,16
219738,10
219739,24
219740,26
219741,16
219742,16
219743,1
219744,10
219745,16
219746,16
219747,34
219748,24
219749,23
219750,27
219751,16
219752,5
219753,10
219754,16
219755,24
219756,24
219757,9
219758,16
219759,4
219760,30
219761,6
219762,4
219763,30
219764,16
219765,2
219766,23
219767,30
219768,27
219769,4
219770,20
219772,30
219773,28
219774,16
219775,34
219776,24
219777,24
219778,34
219779,20
219780,8
219781,23
219782,19
219783,10
219784,4
219785,30
219786,30
219787,30
219788,16
219789,4
219790,24
219791,4
219792,24
219793,5
219794,16
219795,36
219796,16
219797,24
219798,16
219799,24
219800,13
219801,24
219802,16
219803,24
219804,36
219805,16
219806,28
219807,30
219808,27
219809,16
219810,16
219811,24
219812,30
219813,16
219814,37
219815,16
219816,24
219817,19
219818,34
219820,28
219821,24
219822,30
219823,39
219824,26
219825,24
219826,36
219827,24
219828,16
219829,16
219830,5
219831,36
219832,28
219833,31
219834,16
219835,16
219836,27
219837,24
219838,8
219839,24
219840,16
219841,16
219842,5
219843,24
219844,16
219845,24
219846,28
219847,34
219848,16
219849,28
219850,16
219851,27
219852,24
219853,16
219854,30
219855,30
219856,24
219857,5
219858,16
219859,13
219860,16
219861,16
219862,30
219863,16
219864,24
219865,16
219866,16
219867,24
219868,23
219869,28
219870,16
219871,16
219872,16
219873,16
219874,24
219875,16
220178,28
220187,36
220200,31
220223,16
220276,24
220298,0
220322,16
220335,16
220347,30
220351,34
220381,26
220406,16
220409,13
220424,4
220425,27
220431,19
220435,16
220445,24
220457,16
220463,16
220464,24
220465,30
220467,16
220468,4
220469,16
220470,24
220471,2
220472,16
220473,24
220475,24
220476,28
220477,28
220478,10
220479,19
220480,16
220481,4
220483,24
220484,18
220485,27
220486,16
220487,28
220488,19
220489,24
220490,26
220491,24
220493,27
220494,16
220495,30
220496,19
220497,14
220498,5
220499,16
220500,26
220501,5
220502,23
220503,16
220504,16
220505,26
220506,16
220508,26
220509,16
220510,16
220511,16
220512,28
220513,16
220514,26
220515,2
220516,24
220517,16
220518,30
220519,6
220520,24
220521,30
220522,16
220523,36
220524,20
220525,34
220526,30
220527,20
220528,19
220529,16
220530,5
220531,31
220532,16
220533,27
220534,27
220535,24
220536,10
220537,4
220538,5
220539,8
220540,24
220541,27
220542,16
220543,16
220544,30
220545,28
220546,30
220547,24
220548,24
220549,24
220550,10
220551,24
220552,10
220553,8
220554,16
220555,24
220561,24
220567,30
220585,5
220610,31
220627,30
220631,16
220632,8
220641,23
220646,24
220697,30
220700,24
220702,24
220710,8
220713,27
220725,34
220737,30
220785,8
220800,16
220820,16
220821,16
220822,10
220823,18
220825,8
220826,16
220828,4
220829,2
220830,25
220831,36
220832,30
220834,28
220835,23
220836,22
220837,16
220839,24
220840,5
220842,24
220843,16
220846,24
220847,24
220850,16
220851,25
220853,16
220854,28
220855,2
220856,34
220857,10
220858,4
220859,8
220860,30
220861,23
220862,24
220864,5
220865,5
220866,24
220867,18
220868,28
220869,24
220870,16
220871,30
220872,30
220873,30
220874,16
220875,16
220876,5
220877,27
220878,31
220879,30
220880,10
220881,30
220882,23
220883,30
220884,24
220885,10
220886,34
220887,16
220888,16
220889,16
220890,24
220891,2
220892,30
220893,31
220894,27
220895,16
220896,30
220897,16
220898,16
220899,30
220900,10
220901,30
220902,24
220903,16
220904,16
220905,34
220906,2
220907,23
220908,5
220909,24
220910,28
220911,34
220912,27
220913,25
220914,16
220915,16
220916,16
220917,27
220918,16
220919,30
220920,24
220921,30
220922,16
220923,16
220924,20
220925,16
220926,28
220927,28
220928,2
220929,2
220930,24
220931,16
220933,30
220934,16
220935,24
220936,24
220937,24
220938,24
220939,26
220940,16
220941,16
220942,27
220943,5
220944,14
220945,30
220946,28
220947,1
220948,27
220949,16
220950,24
220951,16
220952,26
220953,24
220954,26
220955,27
220956,16
220957,28
220958,4
220959,16
220960,30
220961,16
220962,24
220963,27
220964,16
220965,16
220966,16
220967,16
220968,16
220969,13
220970,16
220971,2
220972,38
220973,25
220974,16
220975,16
220976,31
220977,24
220978,6
220980,16
220981,28
220982,24
220983,24
220984,16
220985,24
220986,24
220987,16
220988,27
220989,10
220990,26
220991,34
220992,32
220993,24
220994,30
220995,5
220996,10
220997,27
220998,23
220999,6
221000,24
221001,10
221002,4
221003,16
221004,16
221005,5
221006,16
221007,27
221008,1
221009,24
221010,24
221011,24
221012,5
221013,18
221014,10
221015,24
221016,10
221017,16
221018,30
221019,19
221020,4
221021,30
221022,16
221023,4
221024,24
221025,36
221026,28
221027,24
221028,36
221029,30
221030,4
221031,4
221032,30
221033,4
221034,27
221035,24
221036,24
221037,24
221038,36
221039,24
221040,16
221041,24
221042,34
221043,16
221044,30
221045,24
221046,1
221435,16
221449,8
221483,24
221511,3
221548,27
221560,16
221566,4
221590,22
221624,4
221626,28
221631,24
221635,16
221636,24
221637,15
221638,28
221639,16
221640,22
221641,30
221642,16
221644,16
221645,5
221646,16
221648,34
221649,24
221650,10
221651,10
221652,24
221653,28
221654,24
221655,4
221656,30
221657,16
221658,24
221659,30
221660,24
221661,16
221662,27
221663,19
221664,34
221665,16
221666,27
221667,16
221668,2
221669,24
221670,24
221671,13
221672,30
221673,24
221674,24
221675,24
221676,10
221677,37
221678,27
221679,34
221680,30
221681,27
221682,24
221683,10
221684,24
221685,16
221686,27
221687,30
221688,30
221689,13
221690,16
221691,10
221693,16
221694,16
221695,16
221696,16
221697,16
221698,16
221699,27
221701,14
221702,19
221703,24
221704,30
221705,19
221706,4
221707,16
221708,25
221709,30
221710,27
221711,10
221712,16
221713,24
221714,5
221715,24
221716,24
221717,27
221718,30
221719,24
221720,24
221721,31
221722,10
221723,24
221724,16
221725,24
221726,24
221727,24
221728,27
221729,28
221730,26
221731,20
221732,26
221733,16
221734,24
221735,24
221736,24
221737,24
221738,10
221739,30
221740,16
221741,30
221742,26
221743,28
221744,31
221745,24
221747,30
221748,16
221749,23
221775,24
221781,28
221798,28
221809,36
221814,16
221815,5
221817,24
221824,24
221834,31
221835,30
221843,10
221850,31
221860,28
221883,24
221884,31
221892,8
221904,16
221909,6
221931,10
221941,19
221944,24
221945,10
221963,30
221988,16
221994,8
221995,16
221996,28
221997,31
221998,24
221999,24
222000,24
222001,13
222002,19
222003,27
222004,30
222005,22
222006,16
222007,28
222008,16
222009,37
222010,24
222011,24
222012,16
222013,16
222015,24
222016,5
222017,34
222018,30
222019,10
222020,30
222021,16
222022,28
222024,25
222025,16
222026,16
222027,36
222028,16
222029,31
222030,28
222031,26
222032,24
222033,31
222034,16
222035,16
222036,16
222037,30
222038,3
222039,5
222040,4
222041,24
222042,16
222043,30
222044,24
222045,30
222046,16
222047,16
222048,30
222049,38
222050,8
222051,30
222052,24
222053,34
222054,2
222055,24
222056,24
222057,4
222059,4
222060,24
222061,8
222062,16
222063,30
222064,28
222065,4
222066,4
222067,24
222068,4
222069,24
222070,30
222071,16
222072,16
222073,38
222074,30
222075,37
222076,16
222077,34
222078,16
222079,30
222080,16
222081,24
222082,24
222083,16
222084,28
222085,16
222086,27
222087,24
222088,10
222089,16
222091,30
222092,24
222093,36
222094,2
222095,16
222096,16
222097,26
222098,30
222099,24
222100,30
222101,34
222102,31
222103,24
222104,9
222105,13
222106,36
222107,28
222108,36
222109,16
222110,34
222111,16
222112,24
222113,37
222114,10
222115,34
222116,4
222117,24
222118,24
222119,26
222120,30
222121,24
222122,30
222123,24
222124,16
222125,16
222126,16
222127,13
222128,16
222129,26
222130,8
222131,30
222132,16
222133,16
222134,4
222135,16
222136,27
222137,30
222138,16
222139,24
222140,30
222141,24
222142,24
222143,16
222144,19
222146,16
222147,24
222148,10
222149,3
222150,28
222151,5
222152,24
222153,4
222154,24
222155,4
222157,27
222158,16
222159,4
222160,24
222161,10
222162,30
222163,5
222164,16
222165,24
222166,30
222167,27
222168,30
222169,4
222170,24
222171,34
222172,24
222173,16
222174,16
222175,24
222176,16
222177,3
222178,24
222179,16
222180,16
222181,10
222182,31
222183,26
222184,36
222185,33
222186,34
222187,10
222188,24
222189,27
222190,24
222191,24
222192,24
222193,5
222194,8
222195,34
222196,39
222197,30
222198,27
222199,3
222200,28
222201,16
222202,24
222203,9
222204,28
222205,24
222206,24
222557,19
222667,27
222680,20
222696,16
222726,28
222727,28
222750,16
222789,16
222792,31
222794,24
222801,28
222802,16
222816,4
222824,28
222830,4
222831,31
222832,5
222834,24
222835,28
222836,28
222837,9
222838,16
222839,10
222840,16
222841,16
222843,16
222844,28
222845,2
222846,16
222847,24
222848,34
222849,24
222850,18
222851,13
222852,30
222853,16
222854,24
222855,18
222856,24
222857,24
222858,27
222859,28
222860,10
222861,10
222862,16
222863,28
222864,16
222865,34
222866,16
222867,24
222868,19
222869,34
222870,25
222871,24
222872,24
222873,22
222874,16
222875,16
222876,25
222878,19
222879,16
222880,30
222881,23
222882,24
222883,16
222884,16
222885,31
222886,24
222887,16
222888,16
222889,19
222890,30
222891,16
222892,30
222893,31
222894,16
222895,24
222896,24
222897,24
222899,16
222900,4
222901,28
222902,24
222903,24
222904,31
222905,4
222906,26
222908,34
222909,16
222910,26
222911,24
222912,24
222913,24
222914,23
222915,16
222916,4
222917,24
222919,4
222920,18
222921,24
222922,16
222923,30
222924,16
222925,23
222927,24
222937,30
222939,2
222942,3
222946,30
222963,11
222989,30
223007,24
223012,16
223013,34
223015,10
223033,4
223057,28
223069,27
223098,24
223099,26
223105,30
223111,10
223127,24
223129,31
223139,30
223140,28
223158,13
223162,24
223163,30
223165,10
223166,24
223167,24
223168,37
223169,4
223170,16
223171,16
223172,2
223173,16
223174,16
223175,10
223176,18
223177,16
223178,28
223179,24
223180,10
223182,31
223183,16
223185,30
223186,30
223187,16
223188,16
223189,16
223190,5
223191,28
223192,16
223193,24
223194,23
223195,6
223196,5
223197,16
223198,28
223199,16
223200,5
223201,22
223202,36
223203,24
223204,31
223205,23
223206,16
223207,16
223208,28
223209,16
223210,16
223211,4
223212,30
223213,27
223214,30
223215,5
223216,24
223217,16
223218,31
223219,23
223220,38
223221,30
223222,28
223223,31
223224,34
223225,16
223226,30
223227,27
223228,28
223229,16
223230,31
223231,16
223232,24
223233,16
223234,24
223235,16
223236,34
223237,30
223238,24
223239,30
223240,24
223241,23
223242,24
223243,23
223244,30
223245,19
223246,28
223248,16
223249,24
223250,24
223251,31
223252,24
223253,13
223254,24
223255,18
223256,22
223257,30
223258,24
223259,28
223260,30
223261,34
223262,16
223263,30
223264,30
223265,30
223266,5
223267,24
223268,30
223269,24
223270,24
223271,5
223272,34
223273,16
223274,13
223275,30
223276,28
223277,24
223278,30
223279,24
223280,24
223281,30
223282,28
223283,16
223284,24
223285,24
223286,16
223287,16
223289,16
223290,16
223291,26
223292,16
223293,1
223294,24
223295,16
223296,16
223298,24
223299,34
223300,31
223301,5
223302,33
223303,28
223304,24
223305,16
223306,30
223307,19
223308,16
223309,34
223310,10
223311,16
223312,30
223313,10
223314,4
223315,4
223316,24
223317,27
223318,27
223319,16
223320,36
223321,4
223322,24
223323,4
223324,24
223325,24
223326,24
223327,24
223328,38
223329,31
223330,10
223331,31
223332,5
223333,30
223334,16
223335,16
223336,24
223337,27
223338,20
223339,24
223340,16
223341,24
223342,16
223343,16
223344,37
223345,24
223346,26
223347,28
223348,23
223349,30
223350,25
223352,24
223353,27
223354,30
223355,4
223356,24
223357,28
223358,16
223359,30
223360,8
223361,16
223362,26
223363,20
223364,24
223633,30
223769,20
223826,24
223829,8
223874,16
223896,32
223908,16
223934,26
223940,6
223941,16
223949,24
223950,8
223951,28
223952,30
223953,27
223954,16
223955,4
223956,25
223957,28
223958,3
223960,30
223961,24
223962,4
223963,26
223964,16
223965,25
223966,34
223967,30
223968,24
223969,37
223970,27
223971,16
223972,24
223973,16
223974,26
223975,24
223976,16
223977,24
223978,5
223979,39
223980,27
223981,28
223982,30
223983,28
223984,23
223985,34
223986,4
223987,25
223988,15
223989,16
223990,24
223991,16
223992,10
223993,4
223994,24
223995,28
223996,16
223997,10
223998,16
223999,24
224000,16
224001,4
224002,24
224003,3
224004,16
224005,32
224006,31
224007,8
224008,16
224009,16
224010,16
224011,24
224012,28
224013,4
224014,30
224015,24
224016,10
224017,8
224018,24
224019,4
224020,31
224021,24
224022,8
224023,24
224024,8
224025,31
224026,16
224027,30
224028,24
224029,30
224030,24
224031,30
224032,31
224034,24
224035,36
224036,16
224037,16
224038,19
224056,24
224074,30
224087,24
224101,28
224105,28
224112,2
224115,16
224139,24
224145,8
224146,24
224152,36
224158,4
224178,16
224181,25
224244,26
224247,24
224249,24
224251,5
224274,5
224293,34
224299,30
224300,14
224301,24
224302,22
224303,27
224304,16
224305,31
224306,8
224307,31
224308,4
224310,24
224311,16
224313,16
224314,30
224315,16
224316,28
224317,20
224318,24
224319,37
224321,16
224322,28
224324,16
224325,16
224326,16
224327,34
224328,16
224329,5
224330,16
224331,4
224332,24
224333,23
224334,24
224335,10
224336,5
224337,34
224338,5
224339,28
224340,16
224341,10
224343,16
224344,25
224345,16
224346,34
224347,16
224348,38
224349,16
224350,23
224351,30
224352,30
224353,4
224354,16
224355,3
224356,3
224357,27
224358,27
224359,16
224360,30
224361,27
224362,5
224363,16
224364,24
224365,16
224366,4
224367,24
224368,24
224369,25
224370,30
224371,16
224372,23
224373,16
224374,2
224375,27
224376,16
224377,30
224378,34
224379,30
224380,16
224381,25
224382,28
224383,30
224384,30
224385,24
224386,24
224387,30
224388,30
224389,3
224390,28
224391,16
224392,16
224393,24
224394,30
224395,30
224396,3
224397,24
224398,10
224399,22
224400,10
224401,24
224402,16
224403,31
224404,24
224405,16
224406,24
224407,9
224408,16
224409,16
224410,16
224411,9
224412,4
224413,16
224414,34
224415,16
224416,28
224417,31
224418,16
224420,30
224421,16
224422,27
224423,16
224424,2
224425,30
224426,24
224427,5
224428,27
224429,16
224430,24
224431,16
224432,4
224433,16
224434,8
224435,24
224437,4
224438,16
224439,27
224441,16
224442,16
224443,16
224444,24
224445,31
224446,30
224447,24
224448,27
224449,28
224450,16
224451,15
224452,30
224453,24
224454,28
224455,16
224456,24
224457,16
224458,30
224459,8
224460,24
224461,16
224462,16
224463,16
224464,31
224465,24
224466,30
224467,19
224468,24
224469,24
224470,16
224471,28
224472,24
224473,16
224474,24
224475,8
224476,4
224477,24
224478,5
224479,24
224480,24
224481,28
224482,16
224483,31
224484,24
224485,24
224486,4
224487,2
224488,22
224489,24
224490,24
224491,16
224492,24
224493,24
224494,37
224495,8
224496,9
224497,24
224498,26
224499,13
224500,16
224501,16
224502,16
224503,30
224504,10
224505,13
224506,27
224507,16
224508,27
224509,34
224510,16
224511,28
224512,37
224513,16
224514,24
224515,19
224516,24
224517,4
224518,24
224519,34
224520,16
224979,24
225007,19
225011,16
225027,34
225035,28
225057,28
225081,24
225110,16
225130,4
225131,4
225132,30
225133,16
225134,24
225135,24
225136,3
225137,22
225138,24
225139,5
225140,24
225141,4
225142,24
225143,16
225144,19
225145,24
225146,10
225147,26
225148,38
225149,13
225150,22
225151,30
225152,26
225153,16
225154,4
225156,24
225157,27
225158,24
225159,26
225160,24
225161,24
225162,28
225163,16
225164,2
225165,16
225166,24
225167,8
225168,24
225169,28
225170,16
225171,23
225172,16
225173,5
225174,16
225175,16
225176,6
225178,24
225179,16
225180,24
225181,25
225182,5
225183,6
225184,10
225186,24
225187,16
225188,30
225190,16
225191,28
225192,5
225193,28
225194,10
225195,16
225196,20
225197,16
225198,25
225199,5
225200,24
225201,10
225202,30
225203,28
225204,34
225205,16
225206,24
225207,16
225208,22
225209,16
225210,27
225211,27
225212,24
225213,28
225215,16
225216,5
225217,19
225218,24
225220,30
225221,30
225222,27
225223,10
225224,24
225225,4
225226,24
225227,24
225228,24
225229,8
225230,24
225231,24
225232,19
225233,30
225234,31
225235,16
225236,25
225245,2
225259,30
225260,24
225267,10
225277,27
225281,25
225290,24
225294,16
225298,24
225303,30
225308,10
225309,24
225310,16
225317,16
225328,16
225338,16
225339,37
225342,30
225343,16
225352,16
225358,16
225362,31
225394,8
225410,16
225426,30
225430,24
225446,19
225455,16
225479,2
225484,24
225491,5
225497,16
225500,22
225501,24
225502,24
225505,23
225506,31
225508,20
225510,10
225511,16
225512,34
225513,30
225514,24
225515,16
225516,24
225517,10
225518,14
225519,28
225520,24
225521,31
225522,30
225524,23
225525,22
225526,24
225527,23
225528,34
225529,27
225530,16
225531,39
225532,2
225533,38
225534,24
225535,30
225536,33
225537,30
225538,24
225539,23
225540,31
225541,16
225542,26
225543,16
225544,13
225545,5
225546,30
225547,26
225549,30
225550,24
225551,3
225552,16
225553,10
225554,2
225555,24
225556,30
225557,23
225558,3
225559,30
225560,16
225561,24
225562,16
225563,30
225564,16
225565,30
225566,24
225567,28
225568,27
225569,28
225570,24
225571,27
225572,16
225573,30
225574,28
225575,23
225576,24
225577,16
225578,34
225579,5
225580,8
225581,20
225582,37
225583,4
225584,34
225585,10
225587,24
225588,16
225589,16
225590,16
225591,24
225592,24
225593,30
225594,24
225595,9
225596,4
225597,27
225598,4
225599,23
225600,16
225601,34
225602,16
225603,30
225604,28
225605,30
225606,27
225607,30
225608,24
225609,16
225610,24
225611,24
225612,30
225613,24
225614,16
225615,30
225616,4
225617,24
225618,24
225619,24
225620,28
225621,16
225622,16
225623,4
225624,24
225625,28
225626,30
225627,4
225628,16
225629,10
225630,24
225631,16
225632,4
225633,30
225634,23
225635,24
225636,8
225637,15
225638,24
225639,16
225640,36
225641,31
225642,16
225643,13
225644,2
225645,5
225646,16
225648,16
225649,16
225650,24
225651,16
225652,25
225653,24
225654,16
225655,4
225656,16
225657,22
225658,24
225659,10
225660,38
225661,28
225662,24
225663,24
225664,24
225665,16
225666,24
225667,25
225668,2
225669,30
225670,16
225671,16
225672,2
225673,24
225674,16
225675,24
225676,2
225677,24
225678,36
225679,34
225680,24
225681,4
225682,24
225683,31
225684,24
225685,36
225686,24
225687,24
225688,10
225689,24
225690,37
225691,28
225692,16
225693,16
225694,27
225695,27
225696,16
225697,24
225698,4
225699,24
225700,19
225701,16
225702,30
225703,34
225704,13
225705,10
225706,23
225707,24
225935,27
226153,10
226170,24
226171,8
226200,24
226207,28
226226,15
226229,31
226255,16
226257,26
226258,24
226259,28
226260,31
226261,38
226263,5
226264,5
226265,5
226266,36
226267,36
226268,27
226269,16
226270,30
226271,28
226272,16
226273,24
226274,16
226275,30
226277,16
226278,13
226279,18
226280,28
226281,4
226282,30
226283,25
226284,34
226285,16
226286,37
226287,10
226288,2
226289,26
226290,10
226292,27
226293,27
226294,10
226295,28
226296,19
226297,24
226298,19
226299,37
226301,16
226302,24
226303,16
226304,27
226305,8
226306,8
226307,4
226308,9
226309,27
226310,30
226311,27
226312,16
226313,30
226314,24
226315,2
226316,10
226317,16
226318,24
226319,30
226320,24
226321,2
226322,23
226323,3
226324,8
226325,27
226326,16
226327,26
226328,28
226329,24
226330,27
226331,16
226332,5
226333,10
226334,8
226335,28
226336,24
226337,31
226338,28
226339,26
226340,24
226341,10
226342,5
226343,30
226344,24
226345,19
226346,16
226347,24
226348,24
226349,30
226350,24
226351,23
226352,30
226353,27
226354,3
226355,30
226356,24
226357,30
226358,24
226359,19
226360,30
226384,24
226404,4
226408,16
226417,16
226430,31
226453,30
226461,30
226463,28
226467,4
226468,26
226471,30
226487,30
226500,30
226507,16
226514,2
226520,16
226531,16
226535,10
226537,9
226555,20
226585,28
226612,16
226619,4
226629,16
226634,8
226640,8
226641,16
226642,16
226643,5
226644,27
226645,24
226646,31
226647,15
226648,16
226649,27
226651,28
226652,22
226653,3
226654,30
226655,24
226656,16
226657,16
226658,30
226659,24
226660,16
226661,24
226662,30
226663,16
226666,16
226667,16
226668,24
226669,32
226670,24
226671,16
226672,20
226673,16
226674,16
226675,30
226676,18
226677,38
226678,30
226679,24
226680,16
226681,24
226682,30
226683,31
226684,24
226686,5
226687,24
226688,24
226689,26
226690,30
226691,30
226692,16
226693,30
226694,16
226695,16
226696,16
226698,30
226699,24
226700,30
226701,16
226702,30
226703,24
226704,4
226705,36
226706,16
226707,16
226708,39
226709,38
226710,23
226711,10
226712,30
226713,30
226714,34
226715,9
226716,24
226717,8
226718,24
226719,8
226720,38
226721,28
226722,24
226723,18
226724,16
226725,24
226726,16
226727,26
226728,16
226729,18
226730,10
226731,24
226732,16
226733,3
226734,16
226735,28
226736,30
226737,10
226738,4
226739,37
226741,30
226742,16
226743,16
226744,24
226745,4
226746,30
226747,24
226748,24
226749,24
226750,24
226751,4
226752,24
226753,31
226754,36
226755,24
226756,23
226757,24
226758,28
226759,16
226760,28
226761,30
226762,28
226763,34
226764,30
226765,5
226766,16
226767,24
226768,24
226769,4
226770,23
226771,16
226772,28
226773,16
226774,16
226775,16
226776,30
226777,10
226778,28
226779,13
226780,16
226781,24
226782,27
226783,30
226784,24
226785,25
226786,28
226787,23
226789,24
226790,28
226791,23
226792,16
226793,16
226794,24
226795,36
226796,25
226797,24
226798,23
226800,10
226801,30
226802,30
226803,22
226804,10
226805,30
226806,25
226807,8
226808,34
226809,16
226810,30
226811,24
226812,24
226813,10
226814,24
226815,20
226816,30
226817,16
226818,33
226819,24
226820,16
226821,24
226822,24
226823,16
226824,31
226825,16
226826,27
226827,10
227030,5
227196,36
227240,24
227279,23
227289,16
227297,16
227322,16
227358,26
227364,28
227371,0
227372,16
227375,28
227376,24
227378,31
227380,24
227382,28
227383,24
227384,24
227385,27
227386,24
227387,27
227388,28
227389,24
227390,30
227391,16
227392,26
227393,28
227395,16
227396,10
227397,37
227398,16
227399,16
227400,16
227401,22
227403,24
227404,36
227405,24
227406,24
227407,37
227408,28
227409,34
227410,30
227411,22
227413,31
227414,36
227415,24
227416,24
227417,20
227418,37
227419,16
227420,19
227421,30
227422,16
227423,27
227424,13
227425,16
227426,5
227428,24
227429,4
227430,24
227431,27
227432,27
227433,30
227434,9
227435,30
227436,31
227437,25
227438,28
227439,4
227440,5
227441,34
227442,16
227443,24
227444,28
227445,16
227446,26
227447,16
227448,16
227449,24
227450,2
227451,24
227452,24
227453,24
227454,16
227455,28
227456,2
227457,2
227458,34
227459,4
227460,16
227461,28
227462,24
227463,16
227464,10
227465,24
227466,4
227467,30
227468,20
227469,30
227470,24
227471,16
227472,24
227473,16
227474,16
227475,5
227501,16
227525,24
227527,36
227542,30
227550,30
227555,24
227558,27
227559,27
227570,24
227574,22
227610,23
227620,30
227646,16
227661,24
227665,26
227682,24
227684,23
227696,16
227725,30
227730,16
227737,30
227738,8
227750,28
227762,31
227767,5
227768,28
227769,16
227770,39
227771,16
227772,28
227773,27
227774,23
227776,24
227777,16
227778,30
227779,27
227780,24
227781,3
227782,37
227783,16
227784,3
227785,25
227786,16
227788,30
227789,33
227791,27
227792,28
227793,24
227794,24
227795,24
227796,36
227797,18
227798,16
227799,16
227800,4
227801,18
227802,8
227803,24
227804,4
227805,16
227806,16
227807,28
227808,34
227809,6
227810,13
227811,16
227812,18
227813,38
227814,4
227816,25
227817,5
227818,30
227819,13
227820,20
227821,16
227822,4
227823,16
227824,31
227825,27
227826,24
227827,16
227828,6
227829,24
227830,16
227831,16
227832,24
227833,13
227834,16
227835,31
227836,28
227837,6
227838,26
227839,4
227841,10
227842,10
227843,19
227844,16
227845,9
227846,24
227847,24
227848,16
227849,34
227850,16
227851,2
227852,36
227853,8
227854,30
227856,16
227857,24
227858,28
227859,10
227860,30
227861,24
227862,27
227863,16
227864,16
227865,24
227866,24
227867,20
227868,34
227869,34
227870,16
227871,25
227872,24
227873,28
227874,16
227875,16
227876,30
227877,34
227878,16
227879,24
227880,24
227881,8
227882,24
227883,16
227884,27
227885,24
227886,15
227887,30
227888,30
227889,18
227890,16
227891,36
227892,24
227893,5
227895,24
227896,30
227897,30
227898,24
227899,27
227900,28
227901,24
227902,28
227903,30
227904,3
227905,16
227906,25
227907,24
227908,16
227909,34
227910,26
227912,5
227913,26
227914,4
227915,26
227916,28
227917,16
227918,28
227919,37
227920,1
227921,16
227922,16
227923,16
227924,30
227925,37
227926,24
227927,24
227928,10
227929,34
227930,4
227931,16
227932,2
227933,24
227934,16
227935,9
227936,13
227937,30
227938,26
227939,20
227940,24
227941,16
227942,10
227943,39
227944,8
227945,24
227946,34
227947,28
227948,16
227949,26
227950,27
227951,24
227952,24
227953,28
227954,28
227955,24
227956,23
227957,10
227958,28
227959,27
227960,28
227961,30
227962,16
227963,24
227964,16
227965,27
227966,16
227967,5
227968,16
227969,8
227970,16
228297,4
228302,23
228322,36
228431,38
228448,26
228522,30
228539,19
228565,24
228569,30
228594,28
228599,37
228600,28
228601,24
228603,26
228604,34
228605,30
228606,10
228607,4
228608,24
228609,28
228610,16
228611,26
228612,16
228613,13
228614,28
228615,16
228616,23
228617,16
228618,24
228619,24
228620,24
228621,3
228622,28
228623,20
228624,16
228625,24
228626,25
228627,16
228628,25
228629,9
228630,30
228631,31
228632,2
228633,16
228634,28
228635,24
228636,16
228637,30
228638,10
228640,8
228641,33
228642,30
228643,16
228644,30
228645,5
228646,16
228647,16
228648,37
228649,30
228650,16
228652,4
228653,30
228654,27
228655,18
228656,4
228657,16
228658,16
228659,36
228660,38
228661,16
228662,30
228663,16
228664,5
228665,16
228666,9
228667,16
228668,4
228669,30
228670,34
228671,30
228672,24
228673,24
228674,16
228675,3
228676,0
228677,24
228678,24
228679,24
228680,24
228681,4
228682,30
228683,37
228684,24
228685,16
228686,30
228687,30
228688,24
228689,30
228690,16
228691,19
228692,24
228693,23
228694,10
228695,16
228696,23
228697,30
228698,0
228699,24
228700,27
228701,16
228702,16
228717,22
228722,27
228735,16
228738,24
228757,24
228761,30
228774,16
228776,16
228802,16
228822,26
228866,16
228876,16
228884,16
228897,24
228899,24
228938,24
228945,30
228947,16
228976,24
228978,27
228979,24
228980,10
228981,28
228983,16
228984,24
228985,28
228986,30
228987,16
228988,24
228989,24
228990,2
228991,20
228992,10
228993,2
228994,34
228996,8
228997,31
228998,16
228999,30
229000,24
229001,10
229002,31
229003,28
229004,16
229005,25
229006,24
229007,16
229008,30
229009,24
229010,16
229011,24
229012,30
229013,16
229014,24
229015,16
229016,24
229017,30
229018,30
229019,30
229020,16
229021,16
229022,34
229023,26
229024,16
229025,30
229026,24
229027,36
229028,24
229029,16
229030,9
229031,30
229032,27
229033,22
229034,16
229035,30
229036,34
229037,24
229038,30
229039,24
229040,27
229041,34
229042,27
229043,16
229044,2
229045,13
229046,16
229047,27
229048,10
229049,27
229050,24
229051,27
229052,6
229053,26
229054,24
229055,13
229056,16
229057,9
229058,38
229059,34
229060,16
229061,16
229062,34
229063,16
229064,24
229065,27
229066,30
229067,24
229068,16
229069,24
229070,10
229071,30
229072,11
229073,30
229074,24
229075,24
229076,30
229077,26
229078,30
229079,8
229080,34
229081,24
229082,30
229083,30
229084,30
229085,24
229086,30
229087,30
229088,36
229089,9
229090,30
229091,24
229092,10
229093,30
229094,30
229095,16
229096,16
229097,10
229098,10
229099,13
229100,24
229101,24
229102,16
229103,30
229104,30
229105,16
229106,4
229107,16
229108,16
229109,26
229110,16
229111,26
229112,24
229113,30
229114,16
229115,16
229116,30
229117,10
229118,2
229119,16
229120,5
229121,16
229122,16
229123,24
229124,2
229125,27
229126,16
229127,16
229128,19
229129,28
229130,16
229131,25
229132,2
229133,6
229134,1
229135,28
229136,24
229137,24
229138,28
229139,16
229140,16
229141,4
229142,24
229143,10
229144,16
229145,9
229146,27
229147,16
229148,24
229149,14
229150,31
229151,24
229152,28
229153,16
229154,15
229155,34
229156,16
229157,34
229158,9
229159,4
229160,24
229161,16
229162,36
229163,30
229164,5
229165,24
229166,10
229167,24
229168,10
229169,16
229170,4
229171,16
229172,8
229173,30
229174,30
229175,31
229176,30
229177,5
229178,16
229179,26
229180,24
229181,24
229182,27
229183,31
229184,16
229185,30
229186,27
229187,2
229188,27
229189,4
229190,16
229191,27
229192,16
229193,16
229194,16
229638,16
229733,4
229740,16
229745,5
229747,30
229748,10
229749,5
229751,24
229752,16
229753,24
229754,28
229755,4
229756,28
229757,5
229758,5
229759,16
229760,24
229761,16
229762,16
229763,16
229764,30
229765,24
229766,16
229767,2
229768,36
229769,30
229770,16
229771,30
229772,8
229773,16
229774,26
229775,4
229776,16
229777,30
229778,16
229779,16
229780,30
229781,5
229782,24
229783,24
229784,24
229785,30
229786,13
229787,10
229788,34
229789,16
229790,24
229791,24
229792,16
229793,16
229794,16
229795,16
229796,30
229797,0
229798,16
229799,24
229800,16
229801,9
229802,24
229803,33
229804,24
229805,28
229806,16
229807,31
229808,24
229809,28
229810,24
229811,9
229812,27
229813,30
229814,24
229816,16
229817,24
229818,24
229819,30
229820,19
229821,24
229822,30
229823,2
229824,9
229825,16
229826,19
229827,16
229828,31
229829,16
229830,4
229831,16
229832,24
229833,24
229834,30
229835,24
229836,24
229837,30
229841,16
229868,34
229893,24
229895,16
229897,16
229919,2
229921,16
229952,24
229966,37
229977,28
229993,28
229996,16
230007,30
230034,4
230039,4
230066,2
230070,16
230078,30
230088,31
230095,4
230098,31
230106,6
230114,16
230118,28
230119,10
230120,28
230123,30
230124,16
230125,31
230127,15
230128,27
230129,30
230130,5
230131,28
230132,2
230133,8
230135,28
230136,30
230137,28
230138,5
230139,23
230140,16
230141,24
230142,16
230143,26
230145,36
230147,16
230148,16
230149,16
230150,16
230151,4
230152,24
230153,16
230154,10
230155,28
230156,28
230157,16
230158,20
230159,28
230161,24
230163,16
230164,16
230165,24
230166,16
230168,5
230169,24
230170,16
230171,10
230172,9
230173,33
230174,34
230175,27
230176,16
230177,22
230178,24
230179,10
230180,24
230181,30
230182,16
230183,8
230184,24
230185,16
230186,23
230187,30
230188,16
230189,27
230190,4
230191,24
230192,4
230194,24
230195,16
230196,31
230197,36
230198,3
230200,30
230201,26
230202,10
230203,24
230204,30
230205,31
230206,30
230207,27
230208,24
230209,4
230210,28
230211,31
230212,31
230213,30
230214,27
230215,16
230216,24
230217,24
230218,23
230219,16
230220,28
230221,23
230222,24
230223,30
230224,16
230225,24
230226,34
230227,16
230228,27
230230,24
230232,24
230233,10
230234,16
230235,30
230236,16
230237,16
230238,24
230239,24
230240,16
230241,16
230242,27
230243,16
230244,24
230245,22
230246,16
230247,16
230248,16
230249,24
230250,16
230251,4
230252,30
230253,10
230254,30
230255,10
230256,16
230257,28
230258,24
230259,30
230260,23
230261,24
230262,16
230263,16
230264,16
230265,30
230266,2
230267,9
230268,26
230269,16
230271,25
230272,23
230273,16
230274,28
230275,30
230276,24
230277,16
230278,30
230279,24
230280,25
230281,10
230282,18
230283,16
230284,23
230285,28
230286,24
230287,34
230288,24
230289,36
230290,24
230291,34
230292,24
230293,37
230294,25
230295,24
230296,24
230297,24
230298,24
230299,16
230300,30
230301,24
230302,5
230303,24
230304,16
230305,4
230306,16
230307,16
230308,24
230309,13
230310,24
230311,31
230312,30
230313,24
230314,16
230315,27
230316,16
230317,16
230318,28
230319,22
230320,16
230575,30
230747,27
230754,16
230762,5
230768,26
230790,24
230796,4
230803,28
230813,16
230814,14
230824,24
230835,36
230845,10
230867,30
230874,24
230876,26
230879,28
230882,24
230884,24
230885,10
230886,16
230888,33
230889,24
230890,24
230891,24
230892,28
230893,30
230894,28
230895,30
230896,10
230897,24
230899,30
230900,16
230901,3
230902,10
230903,4
230904,16
230905,34
230906,4
230907,24
230908,30
230911,16
230913,8
230914,24
230915,19
230916,24
230917,30
230918,3
230919,16
230920,34
230921,36
230922,30
230923,20
230924,4
230926,16
230927,19
230928,16
230929,6
230930,16
230931,16
230932,16
230933,16
230934,30
230935,4
230936,34
230937,24
230938,31
230939,24
230940,13
230941,30
230942,28
230943,16
230944,25
230945,16
230946,16
230947,34
230948,16
230949,24
230951,39
230952,16
230953,24
230954,16
230955,16
230956,26
230957,16
230958,16
230959,24
230960,16
230961,4
230962,10
230963,28
230964,24
230965,28
230966,24
230967,24
230968,30
230969,24
230970,16
230971,28
230972,24
230973,30
230974,30
230975,5
230976,28
230977,5
230978,24
230979,24
230980,30
230981,4
230982,30
230983,24
230984,16
230985,30
230986,1
230987,31
230988,27
230989,30
230990,30
230991,16
230992,30
230993,4
230994,16
230995,30
230996,16
231007,16
231019,28
231025,16
231033,24
231034,30
231067,4
231071,31
231076,24
231078,24
231119,16
231122,16
231123,24
231128,28
231160,16
231182,24
231186,16
231189,24
231213,10
231216,34
231222,5
231232,30
231246,24
231261,25
231273,24
231274,4
231278,5
231279,24
231281,16
231282,24
231283,18
231285,36
231286,24
231287,24
231289,16
231291,30
231292,16
231293,16
231294,24
231295,4
231296,16
231297,10
231298,13
231299,30
231301,24
231302,16
231304,2
231305,16
231306,16
231307,16
231308,24
231309,6
231310,4
231311,37
231312,24
231313,30
231314,24
231315,2
231316,16
231317,3
231318,16
231319,22
231320,28
231321,16
231322,16
231323,27
231324,16
231325,26
231326,16
231327,24
231328,4
231329,8
231330,34
231331,24
231332,16
231333,30
231334,30
231335,16
231336,16
231337,5
231338,16
231339,30
231340,24
231341,16
231342,24
231343,30
231344,30
231345,25
231346,4
231347,4
231348,28
231349,24
231350,30
231351,30
231352,24
231353,28
231354,9
231355,36
231356,28
231357,28
231358,34
231359,3
231360,16
231361,24
231362,30
231363,31
231364,14
231365,16
231366,13
231367,30
231368,28
231369,28
231370,5
231371,28
231372,16
231373,30
231374,30
231375,24
231376,24
231377,24
231378,16
231379,16
231380,16
231381,24
231382,16
231383,30
231384,28
231385,34
231386,24
231387,24
231388,30
231389,28
231390,30
231391,9
231392,30
231393,8
231394,25
231395,34
231396,16
231397,24
231398,7
231400,23
231401,23
231402,26
231403,24
231404,26
231405,16
231406,28
231407,16
231408,27
231409,16
231410,16
231411,14
231412,16
231413,24
231414,24
231416,16
231417,24
231418,5
231420,16
231421,16
231422,16
231423,16
231424,10
231425,16
231426,16
231427,20
231428,16
231429,10
231430,24
231431,28
231432,16
231433,39
231434,28
231435,1
231436,30
231437,19
231438,24
231439,24
231440,28
231441,26
231442,19
231443,24
231444,37
231445,2
231446,37
231447,26
231448,28
231450,16
231451,16
231452,30
231453,31
231454,23
231455,16
231456,30
231457,31
231458,27
231459,24
231460,34
231461,16
231462,30
231463,24
231464,3
231465,19
231466,31
231467,16
231468,24
231469,16
231470,30
231471,24
231472,8
231473,37
231474,28
231475,16
231476,18
231477,16
231478,36
231479,16
231480,30
231481,37
231482,37
231483,28
231484,38
231485,16
231486,16
231487,16
231488,30
231489,24
231490,28
231491,9
231492,16
231493,16
231494,24
231495,2
231496,24
231497,16
231498,16
231499,16
231955,27
231984,4
232014,39
232022,16
232023,3
232032,26
232039,38
232042,18
232045,26
232063,4
232069,28
232086,16
232090,0
232098,16
232099,16
232100,16
232101,20
232105,38
232106,34
232107,16
232108,24
232109,4
232110,28
232111,30
232112,30
232113,28
232114,26
232115,4
232117,28
232118,4
232119,34
232120,28
232121,4
232122,27
232123,19
232124,24
232125,16
232126,34
232127,34
232128,24
232129,16
232130,16
232131,30
232133,24
232134,30
232135,16
232136,36
232137,36
232138,5
232139,16
232140,16
232141,28
232142,30
232143,30
232144,16
232145,16
232146,18
232147,24
232148,24
232149,30
232150,24
232151,16
232152,25
232153,8
232154,16
232155,34
232156,24
232157,16
232158,27
232159,16
232160,28
232161,31
232162,16
232163,34
232164,16
232165,5
232166,16
232167,16
232168,30
232169,30
232170,16
232171,30
232172,27
232173,27
232179,24
232180,13
232199,23
232214,16
232236,16
232264,23
232280,26
232283,3
232289,8
232301,24
232305,16
232310,16
232311,24
232327,30
232347,24
232349,24
232350,24
232371,23
232375,30
232382,28
232399,16
232401,36
232402,24
232409,15
232412,8
232413,8
232414,24
232415,24
232416,24
232417,34
232418,16
232419,16
232420,30
232421,24
232422,37
232423,16
232424,30
232426,37
232427,16
232428,16
232429,34
232430,39
232431,30
232432,2
232436,30
232437,37
232438,16
232439,24
232441,23
232442,16
232443,24
232444,5
232445,16
232446,16
232447,16
232448,16
232449,31
232451,4
232452,16
232453,16
232454,16
232455,8
232456,30
232457,16
232458,16
232459,24
232460,39
232461,10
232463,4
232464,8
232465,30
232466,24
232467,24
232468,24
232469,30
232470,16
232471,30
232472,36
232473,30
232474,30
232475,8
232476,34
232477,31
232478,30
232479,13
232480,5
232481,34
232482,10
232483,24
232484,16
232485,24
232486,24
232487,30
232488,3
232489,27
232490,30
232491,16
232492,30
232493,30
232494,30
232495,30
232496,27
232497,19
232498,16
232499,16
232500,28
232501,24
232502,30
232503,24
232504,36
232506,16
232507,30
232508,34
232509,16
232510,16
232511,24
232512,8
232513,30
232514,24
232515,24
232516,24
232517,30
232518,28
232519,25
232520,24
232521,24
232522,24
232523,4
232524,16
232525,32
232526,30
232527,30
232528,30
232529,37
232530,32
232531,24
232532,24
232533,23
232534,16
232535,24
232536,16
232537,5
232538,24
232539,16
232540,16
232541,27
232542,26
232543,24
232544,10
232545,16
232546,30
232547,30
232548,2
232549,5
232550,16
232551,27
232552,34
232553,16
232554,30
232555,16
232556,30
232557,16
232558,30
232559,24
232560,25
232561,8
232562,24
232563,34
232564,16
232565,30
232566,16
232567,24
232568,25
232569,24
232570,5
232571,16
232572,16
232574,16
232575,4
232576,24
232577,28
232578,16
232579,36
232580,31
232581,24
232582,23
232583,10
232584,24
232585,24
232586,24
232587,31
232588,28
232589,16
232590,16
232591,24
232592,24
232593,25
232594,26
232595,30
232596,24
232597,24
232598,5
232599,28
232600,30
232601,24
232602,8
232603,10
232604,28
232605,26
232606,28
232607,28
232608,36
232609,24
232610,24
232611,4
232612,30
232613,24
232614,16
232615,16
232616,16
232617,28
232618,28
232619,24
232620,28
232621,16
232622,2
232623,8
232624,16
232625,13
232626,24
232627,30
232628,26
232629,8
232630,9
232631,27
232632,16
232633,4
232978,26
232989,3
233082,5
233133,16
233223,30
233228,4
233237,37
233238,38
233247,24
233248,20
233249,16
233250,16
233251,16
233252,34
233254,16
233256,16
233257,30
233258,28
233259,28
233260,16
233261,16
233263,16
233264,28
233265,28
233266,37
233267,16
233268,30
233270,24
233271,24
233272,27
233273,24
233274,28
233275,24
233276,28
233277,16
233278,24
233279,8
233280,30
233281,26
233282,24
233283,37
233284,38
233285,24
233286,24
233287,16
233288,9
233289,34
233290,27
233291,2
233292,16
233293,24
233294,16
233295,16
233296,16
233297,24
233298,27
233299,16
233300,24
233301,16
233303,24
233304,19
233305,16
233307,16
233308,16
233309,24
233310,34
233311,4
233312,24
233313,16
233314,30
233315,2
233316,16
233317,26
233318,34
233319,16
233320,16
233321,16
233322,5
233323,5
233324,28
233325,16
233326,13
233327,16
233328,3
233329,2
233330,16
233331,24
233332,16
233333,28
233334,24
233335,30
233336,4
233337,16
233338,34
233339,34
233340,34
233341,10
233342,24
233343,31
233344,34
233345,24
233346,30
233347,30
233348,16
233349,24
233350,5
233351,16
233352,16
233353,16
233354,24
233355,8
233356,30
233358,25
233359,30
233360,24
233361,34
233362,14
233402,5
233415,34
233416,16
233425,30
233428,24
233429,30
233469,31
233491,24
233526,8
233533,24
233537,30
233540,36
233552,28
233587,16
233619,16
233620,24
233630,30
233632,24
233634,16
233645,2
233647,22
233648,16
233649,33
233650,16
233651,2
233652,28
233653,10
233655,26
233656,25
233657,5
233658,30
233659,9
233660,28
233661,4
233663,16
233666,30
233667,16
233668,34
233670,16
233671,24
233672,26
233673,6
233674,26
233675,24
233678,16
233679,28
233681,6
233682,4
233683,16
233684,16
233685,16
233686,16
233687,30
233688,16
233689,39
233690,38
233691,27
233692,28
233693,37
233694,16
233695,30
233696,28
233697,24
233698,16
233699,34
233700,22
233701,4
233702,5
233703,24
233704,25
233705,30
233706,30
233707,5
233708,19
233709,16
233710,30
233711,16
233712,5
233713,30
233714,16
233715,28
233716,30
233717,30
233718,30
233719,30
233720,27
233721,10
233722,8
233723,10
233724,27
233725,20
233726,16
233727,24
233728,16
233729,24
233730,22
233731,4
233732,23
233733,16
233734,30
233735,10
233736,16
233737,24
233738,2
233739,16
233740,16
233741,24
233742,24
233743,27
233744,24
233745,24
233746,28
233747,38
233748,28
233749,24
233750,30
233751,26
233752,2
233753,16
233754,30
233755,26
233756,5
233757,30
233758,30
233759,30
233760,16
233761,10
233763,16
233764,23
233765,28
233766,24
233767,13
233768,24
233769,16
233770,24
233771,3
233772,27
233773,34
233774,16
233775,16
233776,30
233778,24
233779,34
233780,18
233781,26
233782,16
233783,24
233784,30
233785,30
233786,10
233787,24
233788,9
233789,24
233790,25
233791,28
233792,24
233793,28
233794,16
233795,28
233796,24
233797,37
233798,8
233799,28
233800,30
233801,10
233802,10
233803,24
233804,30
233805,25
233806,23
233807,27
233808,30
233809,16
233810,24
233811,24
233812,24
233813,0
233814,16
233815,28
233816,24
233817,5
233818,13
233819,24
233820,24
233821,28
233822,16
233823,4
233824,28
233825,24
233826,24
233827,2
233828,24
233829,26
233830,16
233831,24
233832,30
233833,26
233834,24
233835,16
233836,16
233837,16
233838,26
233839,16
233840,16
233841,34
233842,8
233843,30
233844,5
233845,16
233846,16
233847,16
233848,16
233849,24
234118,16
234198,27
234319,37
234337,19
234357,27
234367,30
234384,16
234387,34
234404,24
234408,10
234412,16
234413,24
234414,28
234415,28
234416,8
234417,16
234418,16
234419,30
234420,9
234421,30
234422,23
234423,37
234424,24
234425,24
234426,28
234429,16
234430,26
234431,16
234432,30
234433,37
234434,30
234435,4
234436,9
234437,16
234438,25
234439,24
234440,24
234441,16
234442,19
234443,31
234444,16
234445,16
234446,24
234447,10
234448,26
234449,24
234450,24
234451,4
234452,28
234453,25
234454,4
234455,37
234456,27
234457,24
234458,16
234459,16
234460,16
234461,28
234462,2
234463,4
234464,6
234465,30
234466,16
234467,16
234468,28
234469,2
234470,28
234471,16
234472,33
234473,16
234474,16
234475,16
234476,34
234477,24
234478,16
234479,16
234480,31
234481,37
234482,16
234483,30
234484,24
234485,27
234486,28
234487,16
234488,16
234489,16
234490,16
234491,30
234492,24
234493,26
234494,4
234495,31
234496,30
234497,23
234498,24
234499,24
234500,10
234501,24
234502,30
234503,27
234504,16
234505,26
234506,27
234507,24
234508,10
234509,30
234510,30
234511,16
234534,24
234536,16
234537,24
234548,24
234593,16
234597,26
234610,23
234677,30
234678,24
234681,27
234685,5
234694,28
234706,8
234708,24
234719,18
234721,20
234731,5
234735,36
234751,27
234757,34
234758,2
234759,5
234760,27
234761,30
234762,8
234763,9
234764,28
234765,34
234766,8
234767,13
234769,24
234770,39
234771,31
234772,9
234773,9
234774,22
234775,16
234776,28
234777,16
234778,16
234779,34
234780,27
234781,8
234782,16
234783,28
234784,10
234785,16
234786,16
234787,16
234788,26
234789,24
234790,22
234791,16
234792,24
234794,30
234795,31
234796,30
234797,24
234798,16
234799,34
234800,24
234801,4
234802,24
234803,30
234804,19
234805,19
234806,30
234807,16
234808,30
234809,25
234810,4
234811,34
234812,24
234813,16
234814,28
234815,5
234816,28
234817,26
234818,16
234819,30
234820,16
234821,24
234822,24
234823,16
234824,13
234825,31
234826,31
234827,16
234828,30
234829,24
234830,24
234831,16
234832,6
234833,16
234834,4
234835,4
234836,5
234837,24
234838,24
234839,5
234840,24
234841,34
234842,16
234843,16
234844,31
234845,28
234846,16
234847,2
234848,34
234849,31
234850,26
234851,16
234852,16
234853,24
234854,5
234855,30
234856,16
234857,33
234858,16
234859,5
234860,28
234861,28
234862,24
234863,16
234864,36
234865,24
234866,16
234867,24
234868,24
234869,16
234870,19
234871,22
234872,10
234874,30
234875,24
234876,30
234877,34
234878,28
234879,30
234880,24
234881,4
234882,24
234883,34
234884,10
234885,25
234886,16
234887,16
234888,30
234890,16
234891,30
234892,24
234893,28
234894,19
234895,24
234896,13
234897,4
234898,4
234899,16
234900,24
234901,34
234902,30
234903,28
234904,5
234905,23
234906,27
234907,30
234908,4
234909,24
234910,16
234911,26
234912,10
234913,10
234914,28
234915,31
234916,38
234917,24
234918,24
234919,28
234920,24
234921,2
234922,24
234923,22
234924,36
234925,16
234926,25
234927,27
234928,16
234929,8
234930,24
234931,16
234932,16
234933,8
234934,30
234935,24
234936,27
234937,24
234938,24
234939,23
234940,16
234941,24
234942,24
234943,24
234944,24
234945,24
234946,24
234947,13
234948,24
234949,36
234950,24
234951,24
234952,16
234953,30
234954,23
234955,16
234956,36
234957,27
234958,16
234959,26
234960,16
234961,24
234962,24
234963,37
235383,30
235447,24
235449,24
235469,4
235473,1
235492,20
235504,16
235509,4
235510,34
235517,4
235526,27
235566,16
235569,30
235570,27
235571,31
235572,16
235573,24
235574,23
235575,30
235576,5
235577,27
235578,24
235579,16
235581,4
235582,19
235583,25
235585,34
235586,24
235587,28
235588,24
235589,26
235590,16
235591,30
235592,24
235593,24
235594,28
235595,28
235596,24
235597,30
235598,24
235599,16
235600,16
235601,20
235602,20
235603,28
235604,24
235605,30
235606,36
235607,30
235608,27
235609,16
235610,16
235611,16
235612,16
235613,16
235614,16
235615,24
235616,27
235617,23
235618,39
235620,23
235621,36
235622,24
235623,24
235624,19
235625,16
235626,16
235627,13
235628,24
235629,24
235630,28
235631,16
235632,24
235633,16
235634,16
235635,5
235636,27
235637,25
235639,4
235640,13
235641,28
235642,16
235643,16
235644,33
235645,34
235646,36
235647,23
235648,16
235649,13
235650,36
235651,16
235652,16
235653,16
235654,27
235655,23
235656,27
235657,16
235658,24
235659,24
235660,24
235661,16
235662,24
235663,24
235664,10
235665,24
235666,16
235667,37
235668,16
235669,16
235670,8
235671,26
235672,27
235673,34
235674,5
235675,24
235676,34
235677,5
235678,24
235679,28
235680,30
235681,30
235682,4
235683,30
235690,16
235714,24
235732,24
235748,3
235750,16
235755,26
235760,30
235762,19
235767,16
235792,2
235801,24
235812,22
235818,30
235826,36
235849,10
235870,25
235882,24
235910,30
235914,16
235915,18
235916,5
235917,8
235919,24
235920,16
235922,24
235923,30
235924,16
235925,34
235927,16
235928,16
235929,23
235931,24
235932,28
235933,16
235934,16
235935,16
235937,28
235938,37
235939,16
235940,24
235941,36
235942,26
235943,26
235944,3
235945,27
235946,28
235947,16
235948,13
235949,24
235950,24
235951,26
235952,16
235953,16
235954,30
235955,30
235956,16
235957,27
235958,9
235959,30
235960,28
235961,16
235962,16
235963,26
235964,16
235965,16
235966,16
235967,16
235968,31
235969,6
235970,19
235971,30
235972,16
235973,24
235974,16
235975,34
235976,16
235977,36
235978,5
235979,10
235980,16
235981,4
235982,9
235983,28
235984,24
235985,27
235986,24
235987,36
235988,4
235989,24
235990,34
235991,30
235992,10
235993,28
235994,30
235995,27
235996,30
235997,23
235998,27
235999,16
236000,24
236001,28
236002,26
236003,25
236004,2
236005,24
236006,16
236007,24
236008,28
236009,30
236010,28
236011,27
236012,16
236013,16
236014,34
236015,31
236016,30
236017,5
236018,30
236020,4
236021,16
236022,30
236023,30
236024,30
236025,24
236026,33
236027,16
236028,28
236029,30
236030,24
236031,30
236032,24
236033,32
236034,24
236035,23
236036,19
236037,26
236038,31
236040,24
236041,24
236042,24
236043,23
236044,38
236045,30
236046,16
236047,5
236048,24
236049,24
236050,30
236051,24
236052,24
236053,16
236054,28
236055,16
236056,28
236057,8
236058,34
236059,36
236060,8
236061,16
236062,24
236063,27
236064,16
236065,10
236066,10
236067,25
236068,16
236069,34
236070,24
236071,16
236072,28
236073,16
236074,26
236075,16
236076,6
236077,30
236078,24
236079,1
236080,24
236081,34
236082,24
236083,34
236084,16
236085,1
236086,24
236087,24
236088,24
236089,19
236090,27
236091,10
236092,30
236093,16
236095,24
236096,24
236097,24
236098,4
236099,27
236100,22
236101,16
236102,24
236103,13
236104,16
236105,5
236106,27
236107,30
236108,24
236109,24
236110,16
236111,24
236112,24
236113,30
236114,10
236115,10
236116,24
236117,16
236118,16
236119,26
236120,28
236121,24
236527,2
236534,4
236569,24
236644,16
236671,16
236686,16
236713,8
236730,24
236736,30
236737,5
236739,28
236740,26
236741,24
236742,5
236743,34
236744,16
236745,4
236747,28
236748,24
236749,24
236750,10
236751,24
236752,28
236753,5
236754,38
236755,16
236756,28
236757,24
236758,16
236759,24
236760,10
236761,4
236762,27
236764,16
236765,30
236766,16
236767,8
236768,28
236769,4
236770,37
236771,24
236772,16
236773,24
236774,28
236775,31
236776,28
236777,30
236778,16
236779,24
236780,9
236781,34
236782,30
236783,24
236784,24
236785,8
236786,24
236787,36
236788,28
236789,34
236790,19
236791,30
236792,24
236793,28
236794,4
236795,28
236796,16
236797,5
236798,4
236799,28
236800,24
236801,5
236802,16
236803,30
236804,16
236805,30
236806,26
236807,30
236808,27
236809,24
236810,16
236811,28
236812,25
236813,30
236814,24
236815,36
236816,16
236817,30
236818,23
236819,19
236820,13
236821,24
236822,30
236823,20
236824,10
236825,16
236861,24
236863,4
236881,16
236882,37
236888,13
236891,20
236896,24
236908,31
236945,2
236965,36
236980,28
236991,16
236999,10
237022,16
237043,16
237051,24
237052,16
237080,30
237102,34
237103,28
237106,36
237107,34
237108,10
237109,28
237110,1
237111,24
237112,30
237113,16
237114,5
237115,24
237116,26
237117,16
237118,28
237119,30
237120,16
237121,27
237122,6
237123,23
237124,24
237125,30
237126,16
237127,34
237128,30
237129,16
237130,30
237132,16
237133,16
237134,24
237135,30
237136,24
237137,24
237138,30
237139,30
237140,30
237141,16
237142,10
237143,23
237144,16
237146,16
237147,16
237148,24
237149,10
237150,24
237151,30
237152,30
237153,30
237154,24
237155,10
237156,34
237157,24
237158,16
237159,16
237160,16
237161,16
237162,27
237163,4
237164,30
237165,4
237166,31
237167,30
237168,16
237169,26
237170,4
237171,4
237172,34
237173,16
237174,4
237175,28
237176,24
237177,8
237178,30
237179,5
237180,26
237181,30
237182,30
237183,24
237184,16
237185,16
237186,30
237187,24
237188,16
237189,16
237190,2
237191,24
237192,27
237193,27
237194,34
237195,24
237196,31
237197,27
237198,24
237199,9
237200,5
237201,10
237202,13
237203,24
237204,30
237205,16
237206,23
237207,3
237208,24
237209,24
237210,24
237211,24
237212,24
237213,24
237214,30
237215,27
237216,5
237217,16
237218,30
237219,24
237220,16
237222,27
237223,30
237224,24
237225,24
237226,24
237227,23
237228,24
237229,24
237230,13
237231,16
237232,2
237233,37
237234,28
237235,25
237236,4
237237,19
237238,16
237239,16
237240,24
237241,16
237242,28
237243,16
237244,16
237245,16
237246,24
237247,16
237248,4
237249,28
237250,20
237251,24
237252,16
237253,24
237254,2
237255,24
237256,24
237257,16
237258,27
237259,24
237260,24
237261,9
237262,16
237263,30
237264,16
237265,16
237266,39
237267,24
237268,34
237269,16
237270,24
237271,24
237272,10
237273,16
237274,30
237275,30
237276,24
237277,30
237278,28
237279,28
237280,10
237281,20
237282,3
237283,24
237284,28
237285,24
237286,30
237287,20
237288,24
237289,27
237290,16
237291,27
237292,24
237293,22
237294,28
237295,24
237296,24
237568,7
237605,13
237622,16
237655,28
237722,16
237772,0
237777,5
237791,28
237796,16
237797,16
237802,13
237819,8
237840,16
237844,28
237845,8
237852,26
237856,16
237861,4
237862,16
237863,34
237864,5
237865,8
237866,16
237867,24
237868,22
237869,24
237870,34
237871,27
237872,16
237873,24
237874,24
237875,8
237876,31
237877,24
237878,24
237879,28
237880,24
237881,24
237882,24
237883,10
237884,24
237885,16
237886,24
237887,10
237888,16
237889,27
237890,24
237891,5
237892,36
237893,19
237894,16
237895,16
237896,16
237897,24
237898,16
237899,14
237900,4
237901,8
237902,28
237904,4
237905,24
237906,30
237907,16
237908,27
237909,16
237910,16
237911,30
237912,16
237913,24
237914,13
237915,28
237916,19
237917,16
237918,30
237920,16
237921,31
237922,34
237923,11
237924,16
237925,16
237926,16
237927,13
237928,27
237929,16
237930,4
237931,24
237932,28
237933,16
237934,28
237935,24
237936,16
237937,16
237938,30
237939,28
237940,31
237941,31
237942,16
237943,8
237944,26
237945,16
237946,30
237947,16
237948,28
237949,24
237950,28
237952,30
237953,10
237954,4
237955,13
237956,16
237957,16
237958,16
237959,16
237960,9
237961,24
237962,30
237963,16
237964,31
237965,4
237966,31
237967,3
237968,10
237969,16
237970,24
237971,28
237972,24
237973,36
237974,16
237975,8
237976,30
237980,36
237999,24
238021,26
238033,13
238045,8
238052,19
238057,27
238073,38
238080,30
238099,26
238107,24
238112,24
238125,8
238144,24
238146,24
238153,24
238163,24
238174,16
238178,37
238180,24
238185,16
238187,24
238196,26
238202,30
238210,19
238236,24
238237,2
238238,16
238239,4
238240,4
238241,16
238242,27
238244,10
238245,36
238247,24
238248,16
238249,27
238250,24
238251,16
238252,16
238253,4
238254,30
238255,16
238256,24
238257,10
238258,4
238259,16
238260,23
238261,30
238262,16
238263,5
238264,30
238265,28
238266,16
238267,16
238268,23
238269,16
238270,16
238271,34
238272,16
238273,16
238274,10
238275,30
238276,16
238277,24
238278,30
238279,16
238280,24
238281,24
238282,5
238283,24
238284,5
238285,16
238286,30
238287,30
238288,4
238290,34
238291,16
238292,23
238293,10
238294,4
238295,10
238296,16
238297,24
238298,3
238299,34
238300,10
238301,30
238302,0
238303,16
238304,33
238305,30
238306,24
238307,26
238308,27
238310,30
238311,28
238312,30
238313,24
238314,3
238315,16
238316,24
238317,24
238318,16
238319,24
238320,30
238321,24
238322,23
238323,5
238324,10
238325,16
238326,16
238327,27
238328,30
238329,23
238330,28
238331,26
238332,16
238333,24
238334,4
238335,30
238336,30
238337,10
238338,28
238339,24
238340,16
238341,37
238342,30
238343,8
238344,2
238345,34
238346,8
238347,16
238348,16
238349,28
238350,30
238351,30
238352,15
238353,24
238354,24
238355,19
238356,24
238357,30
238358,16
238359,24
238360,16
238361,16
238362,16
238363,5
238364,28
238365,28
238366,16
238367,16
238368,24
238369,16
238370,24
238371,16
238372,16
238373,24
238374,16
238375,24
238376,10
238377,16
238378,27
238379,16
238380,23
238381,34
238382,16
238383,30
238384,25
238385,28
238386,25
238387,24
238388,16
238389,31
238390,30
238391,16
238392,2
238393,28
238394,24
238395,30
238396,28
238397,10
238398,16
238399,31
238400,26
238402,24
238403,9
238404,30
238405,27
238406,24
238407,10
238408,26
238409,4
238410,26
238411,34
238412,19
238413,16
238414,4
238415,24
238416,27
238417,16
238418,4
238419,24
238420,4
238421,10
238422,8
238423,24
238424,24
238425,8
238426,30
238427,16
238428,24
238429,34
238430,28
238431,27
238432,4
238433,16
238434,28
238435,16
238436,34
238437,24
238438,24
238439,30
238440,16
238441,24
238442,16
238443,4
238444,24
238445,37
238446,16
238447,24
238448,16
238449,16
238932,16
238939,30
238999,24
239005,28
239013,25
239020,24
239022,28
239029,28
239030,4
239031,16
239034,24
239041,30
239045,37
239046,28
239050,30
239051,16
239052,28
239053,16
239054,16
239055,13
239056,10
239057,16
239058,16
239059,10
239061,27
239062,28
239063,24
239064,24
239065,33
239066,24
239067,24
239068,4
239069,28
239070,24
239071,10
239072,16
239073,4
239074,34
239075,16
239076,24
239077,16
239078,24
239079,27
239080,16
239081,16
239083,10
239084,16
239085,24
239086,24
239087,16
239088,10
239089,16
239090,16
239091,30
239093,28
239094,16
239095,27
239096,30
239097,33
239098,16
239099,30
239100,28
239101,24
239102,19
239103,16
239104,16
239105,16
239106,27
239107,28
239108,2
239109,26
239110,24
239111,28
239112,24
239113,28
239114,23
239115,31
239116,16
239117,4
239118,24
239119,23
239120,16
239121,8
239122,26
239123,24
239124,36
239125,4
239126,13
239127,24
239128,27
239129,24
239130,16
239132,16
239133,24
239134,24
239135,24
239136,16
239137,26
239138,24
239139,13
239140,31
239141,30
239142,24
239143,16
239144,24
239145,30
239146,24
239147,30
239148,30
239156,26
239164,30
239165,16
239166,4
239189,0
239205,28
239222,19
239234,16
239252,4
239253,24
239266,24
239295,16
239307,24
239322,16
239332,24
239340,10
239355,24
239363,8
239368,28
239371,16
239374,30
239388,24
239391,30
239401,26
239416,24
239417,8
239418,24
239419,30
239420,31
239421,31
239423,24
239424,3
239425,24
239426,16
239427,24
239428,16
239429,5
239430,34
239432,30
239433,10
239434,24
239435,26
239436,16
239437,20
239438,16
239439,37
239440,34
239441,16
239442,23
239444,4
239445,16
239446,30
239447,37
239448,16
239449,24
239450,30
239451,16
239452,4
239453,16
239454,26
239455,16
239456,16
239457,16
239458,5
239459,2
239460,24
239461,16
239462,24
239463,24
239464,30
239465,24
239466,27
239467,24
239468,27
239469,27
239470,24
239471,4
239472,30
239473,10
239474,25
239475,23
239476,30
239477,16
239478,16
239479,5
239480,30
239481,16
239482,36
239483,16
239484,36
239485,24
239487,27
239488,10
239490,4
239491,24
239492,30
239493,16
239494,30
239495,16
239496,24
239497,28
239498,16
239499,30
239500,2
239501,28
239502,30
239503,28
239504,2
239505,24
239506,16
239507,28
239508,34
239509,24
239510,10
239512,34
239513,30
239514,24
239515,25
239517,16
239518,30
239519,30
239520,2
239521,4
239522,27
239523,16
239524,28
239525,5
239526,24
239527,24
239528,5
239529,32
239530,24
239531,16
239532,16
239533,16
239534,16
239536,4
239537,16
239538,37
239539,16
239540,28
239541,28
239542,30
239543,30
239544,19
239545,2
239546,24
239547,23
239548,30
239549,2
239550,8
239551,24
239552,28
239553,4
239554,24
239555,4
239556,28
239557,31
239558,16
239559,28
239560,24
239561,28
239562,3
239563,26
239564,26
239565,28
239566,31
239567,16
239568,24
239569,19
239570,27
239571,30
239572,34
239573,30
239574,24
239575,5
239576,23
239577,13
239578,10
239579,16
239580,28
239581,24
239582,30
239583,30
239584,8
239585,14
239586,24
239587,16
239588,24
239589,24
239590,8
239591,16
239592,34
239593,10
239594,24
239595,16
239596,24
239597,16
239598,16
239599,16
239600,16
239601,16
239602,27
239603,10
239604,24
239605,27
239606,10
239607,16
239608,16
239609,24
239610,16
239611,26
239612,16
239613,16
239614,10
239615,22
239980,7
240021,16
240069,13
240089,28
240103,24
240126,26
240145,3
240167,28
240175,16
240178,10
240180,16
240185,16
240186,23
240187,18
240188,16
240189,28
240190,22
240191,25
240192,30
240193,16
240194,4
240195,24
240196,28
240197,30
240198,8
240199,26
240200,24
240201,16
240202,19
240203,16
240204,27
240205,27
240206,27
240207,24
240208,27
240209,30
240210,28
240211,6
240212,8
240213,15
240214,16
240215,16
240216,10
240217,24
240218,27
240219,27
240220,24
240221,16
240222,34
240223,30
240224,16
240225,26
240226,8
240227,16
240228,24
240229,16
240230,25
240231,24
240232,16
240233,30
240234,2
240235,28
240236,26
240237,30
240238,4
240239,16
240240,30
240242,16
240243,24
240244,16
240245,28
240246,34
240247,20
240248,32
240249,16
240250,34
240251,20
240252,9
240253,28
240254,24
240255,24
240256,20
240257,38
240258,24
240259,4
240260,4
240261,30
240262,4
240263,30
240264,36
240265,34
240266,6
240267,24
240268,24
240269,24
240270,24
240271,30
240272,34
240273,24
240274,30
240292,30
240299,24
240303,26
240322,16
240324,24
240327,16
240332,24
240339,24
240346,28
240375,30
240379,26
240383,24
240388,5
240391,30
240397,16
240398,27
240407,37
240423,16
240427,30
240435,30
240437,27
240443,34
240456,6
240474,30
240488,4
240501,30
240506,16
240507,24
240508,30
240520,16
240528,9
240529,16
240530,16
240531,28
240532,8
240533,8
240534,16
240535,24
240536,31
240537,10
240538,27
240539,27
240540,36
240541,24
240542,0
240543,2
240544,34
240545,16
240546,28
240547,23
240548,16
240549,15
240550,31
240551,30
240553,27
240554,16
240555,16
240556,27
240557,16
240558,24
240559,27
240560,16
240561,34
240562,28
240563,16
240564,16
240565,16
240566,20
240567,24
240568,26
240569,16
240570,16
240571,23
240572,28
240573,7
240574,16
240575,16
240576,30
240577,16
240578,38
240579,16
240580,27
240581,16
240582,30
240583,24
240584,5
240585,34
240586,27
240587,27
240588,10
240589,30
240590,30
240591,16
240592,16
240593,16
240594,24
240595,16
240596,24
240597,9
240598,24
240599,24
240600,5
240601,28
240602,10
240603,9
240604,34
240605,27
240606,28
240607,24
240608,16
240609,37
240610,30
240611,16
240612,16
240613,30
240614,10
240615,24
240616,24
240617,2
240618,24
240619,30
240620,24
240621,5
240622,23
240623,24
240624,27
240625,24
240626,28
240627,24
240628,30
240629,16
240630,30
240631,16
240632,30
240633,24
240634,30
240635,31
240636,30
240637,31
240638,34
240639,24
240640,30
240641,20
240642,36
240643,24
240644,16
240645,10
240646,27
240647,27
240648,30
240649,16
240650,26
240651,28
240652,30
240653,27
240654,4
240655,24
240656,30
240657,4
240658,36
240659,16
240660,16
240661,28
240662,28
240663,24
240664,24
240665,24
240666,10
240667,24
240668,23
240670,16
240671,16
240672,22
240673,24
240674,24
240675,10
240676,16
240677,24
240678,30
240679,24
240680,24
240681,24
240682,28
240683,4
240684,4
240685,4
240686,16
240687,16
240688,23
240689,24
240690,31
240691,22
240692,24
240693,30
240694,24
240695,16
240696,28
240697,23
240698,13
240699,30
240700,5
240701,31
240702,3
240703,6
240704,24
240705,16
240706,9
240707,16
240708,28
240709,2
240710,4
240711,36
240712,16
240713,20
240714,24
240715,34
240716,16
240717,2
240718,34
240719,30
240720,4
240721,24
240722,28
240723,4
240724,16
240725,16
240726,24
240727,34
240728,24
240729,27
240730,16
240731,16
240732,24
240733,28
240734,23
240735,24
241053,16
241090,2
241126,24
241139,24
241167,2
241190,8
241210,16
241238,38
241246,24
241253,28
241261,8
241266,16
241271,28
241284,4
241298,24
241306,36
241307,8
241308,13
241310,18
241311,13
241312,16
241313,5
241314,16
241315,31
241316,16
241317,27
241318,24
241319,16
241320,31
241321,16
241322,30
241323,10
241324,28
241325,24
241326,16
241327,10
241328,13
241329,16
241330,28
241331,16
241332,10
241333,27
241334,19
241336,24
241337,28
241338,24
241339,28
241341,30
241342,20
241343,28
241344,24
241345,16
241346,27
241347,27
241348,16
241350,26
241352,24
241353,16
241354,30
241355,16
241356,1
241357,8
241358,30
241359,4
241360,16
241361,16
241362,28
241363,34
241364,16
241365,24
241366,30
241367,16
241368,24
241369,28
241370,16
241371,28
241372,24
241374,24
241375,16
241376,16
241377,24
241378,24
241379,16
241380,20
241381,24
241382,22
241383,5
241384,16
241385,34
241386,14
241387,37
241388,30
241389,30
241390,16
241391,30
241392,5
241393,16
241394,4
241395,13
241396,16
241397,28
241398,30
241399,23
241400,3
241401,16
241402,16
241403,24
241408,24
241450,27
241468,8
241475,18
241489,24
241495,16
241499,27
241506,8
241515,26
241525,10
241531,16
241540,31
241552,24
241555,30
241563,39
241568,16
241574,16
241595,30
241600,30
241604,26
241607,4
241610,16
241619,16
241632,30
241644,24
241649,16
241657,16
241661,16
241662,37
241663,16
241664,2
241665,22
241666,24
241667,28
241668,9
241669,18
241670,24
241671,4
241672,20
241673,4
241674,37
241677,10
241678,27
241679,28
241680,28
241681,28
241683,30
241684,27
241685,30
241686,30
241687,27
241690,25
241691,31
241692,2
241693,28
241694,30
241695,4
241696,16
241697,10
241698,5
241699,27
241700,36
241701,16
241702,23
241703,24
241704,16
241705,30
241706,28
241707,25
241708,16
241709,16
241710,2
241711,30
241712,16
241713,16
241714,36
241715,31
241716,4
241717,28
241718,2
241719,16
241721,30
241722,24
241723,9
241724,4
241725,26
241726,30
241727,16
241728,30
241729,2
241730,26
241731,30
241732,24
241733,31
241734,30
241735,24
241736,24
241737,30
241738,10
241739,16
241740,24
241741,24
241742,24
241743,24
241744,16
241745,16
241746,16
241747,24
241748,31
241749,30
241750,19
241751,24
241752,24
241753,24
241754,22
241755,24
241756,2
241757,24
241758,30
241759,26
241760,37
241761,16
241762,24
241763,16
241764,16
241765,16
241766,16
241767,27
241768,2
241769,37
241770,30
241771,24
241772,30
241773,28
241774,10
241775,10
241776,16
241777,16
241778,37
241779,16
241780,4
241781,30
241782,24
241783,30
241784,30
241785,24
241786,16
241787,16
241788,16
241789,34
241790,13
241791,16
241792,24
241793,16
241794,36
241795,4
241796,16
241797,24
241798,26
241799,34
241800,16
241801,27
241802,16
241803,34
241804,24
241805,31
241806,31
241807,16
241808,24
241810,13
241811,4
241812,16
241813,16
241814,16
241815,34
241816,24
241817,16
241818,27
241819,24
241820,24
241821,27
241822,30
241823,16
241824,24
241825,4
241826,27
241827,23
241828,2
241829,30
241830,24
241831,10
241832,4
241833,28
241834,27
241835,30
241836,24
241837,24
241838,28
241839,30
241840,16
241841,16
241842,24
241843,30
241844,10
241845,23
241846,13
241847,16
241848,24
241849,28
241850,24
241851,24
241852,31
241853,27
241854,30
241855,34
241856,24
241857,24
241858,23
241859,16
241860,24
241861,2
241862,16
241863,24
241864,20
241865,24
241866,16
241867,26
241868,16
241869,16
241870,16
241871,20
241872,16
241873,6
241874,27
241875,16
241876,27
241877,24
241965,28
242054,20
242212,28
242339,19
242394,5
242397,16
242421,16
242422,16
242428,13
242432,28
242459,16
242464,30
242467,16
242470,4
242471,28
242472,16
242473,28
242474,24
242477,3
242478,24
242479,4
242480,24
242481,16
242482,24
242483,16
242484,16
242485,1
242486,28
242487,36
242488,27
242489,30
242490,24
242491,8
242492,26
242493,8
242494,31
242495,16
242496,16
242497,34
242498,27
242499,8
242500,28
242501,24
242502,8
242503,24
242504,16
242505,16
242506,32
242507,16
242508,31
242509,16
242510,27
242511,28
242513,24
242514,16
242515,10
242516,16
242517,16
242518,36
242519,16
242520,10
242521,30
242522,28
242523,24
242524,38
242525,39
242526,30
242527,20
242528,19
242530,13
242531,4
242532,25
242533,16
242534,36
242535,26
242537,24
242539,14
242540,34
242541,30
242542,16
242543,28
242544,34
242545,24
242546,16
242547,26
242548,34
242549,24
242550,28
242552,16
242553,10
242554,30
242555,8
242556,28
242557,24
242558,36
242559,28
242560,24
242561,30
242562,24
242563,24
242564,5
242565,27
242566,30
242567,24
242568,30
242569,30
242570,16
242592,37
242593,24
242599,24
242615,36
242616,9
242617,16
242619,30
242644,34
242665,5
242675,16
242678,24
242691,24
242705,19
242709,37
242719,36
242727,2
242731,24
242735,27
242741,30
242751,34
242760,16
242806,23
242809,34
242810,28
242811,25
242813,30
242814,16
242816,16
242818,28
242819,30
242820,16
242821,16
242822,16
242823,34
242824,16
242825,6
242827,8
242828,24
242831,16
242832,16
242834,16
242835,16
242836,10
242837,24
242838,16
242839,6
242840,30
242841,6
242842,16
242843,8
242844,26
242845,16
242846,10
242847,16
242848,30
242849,34
242850,16
242851,16
242852,6
242853,16
242854,30
242855,39
242856,16
242857,5
242858,16
242859,16
242860,30
242861,27
242862,24
242863,30
242864,16
242865,16
242866,30
242867,24
242868,16
242869,23
242870,28
242871,16
242872,31
242873,16
242874,16
242875,18
242876,27
242877,36
242878,37
242879,16
242880,16
242881,24
242882,7
242883,26
242884,24
242885,16
242886,27
242887,4
242888,4
242889,27
242890,24
242891,24
242892,16
242893,10
242894,16
242895,30
242896,30
242897,24
242898,24
242899,16
242900,24
242901,10
242902,16
242903,24
242904,24
242905,24
242906,16
242907,30
242908,24
242909,18
242910,3
242911,30
242912,16
242913,30
242914,16
242915,27
242916,28
242917,24
242918,28
242919,27
242920,4
242921,16
242922,28
242923,16
242924,30
242925,31
242926,24
242927,30
242928,24
242929,37
242930,24
242931,24
242932,16
242933,24
242934,27
242935,24
242936,8
242937,24
242938,16
242939,4
242940,16
242941,30
242942,24
242943,16
242945,27
242946,5
242947,23
242948,4
242949,24
242950,25
242951,16
242952,39
242953,9
242954,24
242955,16
242956,26
242957,24
242958,37
242959,16
242960,24
242961,28
242962,19
242963,10
242964,16
242965,28
242966,16
242967,24
242968,24
242969,30
242970,30
242971,26
242972,16
242973,24
242974,16
242975,24
242976,10
242977,30
242978,26
242979,16
242980,5
242981,34
242982,16
242983,30
242984,32
242985,24
242986,24
242987,24
242988,37
242989,16
242990,23
242991,24
242992,16
242993,16
242994,24
242995,23
242996,5
242997,26
242998,13
242999,16
243000,16
243001,28
243002,4
243003,24
243004,16
243005,16
243006,30
243007,24
243008,16
243009,16
243010,19
243011,16
243012,26
243074,27
243288,16
243325,30
243335,10
243379,4
243429,19
243485,24
243498,24
243501,7
243548,24
243552,8
243617,10
243618,16
243628,24
243629,24
243630,8
243631,28
243632,24
243634,31
243635,28
243636,23
243638,23
243639,16
243640,4
243641,30
243642,24
243643,5
243644,16
243645,9
243646,27
243647,34
243648,5
243649,24
243651,16
243652,2
243653,10
243654,24
243655,34
243656,16
243657,19
243658,24
243659,36
243660,8
243661,16
243662,10
243663,30
243665,28
243666,16
243667,26
243668,5
243669,26
243670,28
243671,16
243672,34
243673,30
243674,24
243675,16
243676,5
243677,16
243679,27
243680,36
243681,23
243682,16
243683,8
243684,24
243685,24
243686,37
243687,24
243688,26
243689,4
243690,16
243691,28
243692,16
243693,24
243694,16
243695,24
243696,30
243697,24
243698,5
243699,16
243700,16
243701,16
243702,24
243703,2
243704,28
243706,24
243707,19
243708,16
243709,24
243710,23
243711,24
243712,24
243713,24
243714,10
243715,16
243716,16
243717,24
243718,30
243719,16
243720,10
243731,30
243739,26
243771,16
243773,16
243782,24
243788,25
243796,8
243818,16
243820,30
243822,16
243834,19
243867,28
243870,38
243871,37
243873,10
243875,38
243896,24
243907,24
243929,27
243934,13
243945,27
243963,30
243964,16
243965,16
243966,24
243967,27
243969,16
243970,30
243971,4
243972,16
243973,16
243974,30
243975,16
243976,16
243977,30
243978,16
243979,10
243980,5
243981,34
243982,24
243983,36
243984,16
243985,23
243986,30
243987,37
243988,16
243989,24
243990,6
243991,30
243992,16
243993,16
243994,10
243995,16
243996,28
243997,30
243998,8
243999,30
244000,30
244001,4
244002,5
244003,24
244004,16
244005,27
244006,26
244007,4
244008,30
244009,13
244010,24
244011,27
244012,16
244013,25
244014,27
244015,30
244016,30
244017,16
244018,30
244019,24
244020,24
244021,34
244022,4
244023,24
244024,31
244025,30
244026,24
244027,24
244028,30
244029,30
244030,16
244031,16
244032,27
244033,16
244034,7
244035,24
244036,27
244037,26
244038,30
244039,30
244040,24
244041,26
244042,30
244043,16
244044,10
244045,13
244046,4
244047,16
244048,30
244049,27
244050,24
244051,27
244052,23
244053,38
244054,25
244055,16
244056,9
244057,24
244058,30
244059,30
244060,24
244061,24
244062,38
244063,8
244064,16
244065,16
244066,34
244068,16
244069,24
244070,10
244071,25
244072,27
244073,24
244074,28
244075,30
244076,36
244077,30
244078,39
244079,2
244080,30
244081,16
244082,36
244083,16
244084,24
244085,2
244086,6
244087,4
244088,23
244089,34
244090,30
244091,16
244092,24
244093,16
244094,16
244095,16
244096,4
244097,30
244098,39
244099,16
244100,20
244101,28
244102,31
244103,24
244104,16
244105,26
244106,24
244107,16
244108,27
244109,24
244110,30
244111,14
244112,24
244113,16
244114,24
244115,24
244116,34
244117,34
244118,6
244119,24
244120,28
244121,30
244122,28
244123,34
244124,3
244125,28
244126,33
244127,16
244128,16
244129,24
244130,16
244131,26
244132,4
244133,24
244134,10
244135,20
244136,20
244137,28
244138,16
244139,31
244140,16
244141,24
244142,16
244143,16
244144,16
244145,4
244146,15
244147,27
244148,26
244149,24
244150,4
244151,19
244152,16
244153,30
244154,13
244155,20
244156,24
244157,30
244158,16
244159,24
244160,24
244161,27
244162,24
244163,24
244164,16
244165,34
244166,24
244167,16
244168,16
244169,24
244170,16
244483,31
244512,24
244587,31
244653,27
244656,26
244673,27
244697,16
244702,16
244712,26
244724,4
244730,24
244732,2
244745,31
244748,30
244752,16
244753,16
244754,8
244761,28
244764,30
244765,30
244767,16
244768,10
244769,28
244770,5
244771,4
244773,36
244774,9
244775,28
244776,24
244777,13
244778,20
244779,24
244780,16
244781,16
244782,10
244783,19
244784,16
244785,31
244786,16
244787,19
244788,24
244789,24
244790,24
244791,34
244792,24
244793,28
244794,16
244795,23
244796,27
244797,8
244798,30
244799,28
244800,16
244801,30
244802,31
244803,30
244804,16
244805,16
244806,18
244807,27
244808,4
244809,28
244810,25
244811,16
244812,23
244813,30
244814,24
244815,16
244816,16
244817,39
244818,4
244819,16
244820,16
244821,28
244822,24
244823,24
244824,10
244825,16
244826,28
244827,16
244828,23
244829,24
244830,30
244831,16
244832,24
244833,24
244834,16
244835,24
244836,26
244837,24
244838,24
244839,19
244840,30
244841,27
244842,6
244843,27
244844,30
244845,24
244846,24
244847,16
244848,24
244849,24
244850,30
244851,30
244852,30
244853,36
244854,16
244855,30
244856,6
244857,13
244860,34
244862,13
244866,24
244885,30
244886,24
244900,24
244921,10
244952,23
244978,24
244991,27
244995,16
245000,16
245039,16
245051,26
245052,24
245058,10
245073,24
245086,16
245088,24
245097,24
245100,36
245101,4
245102,23
245103,2
245105,30
245106,30
245107,30
245109,28
245110,37
245111,27
245112,13
245113,27
245114,27
245116,24
245117,24
245120,24
245121,36
245122,30
245123,22
245124,16
245125,30
245126,25
245127,22
245128,25
245129,16
245130,37
245131,26
245132,16
245133,24
245134,24
245135,30
245136,30
245137,20
245138,8
245139,24
245141,13
245142,28
245143,16
245144,3
245145,24
245146,34
245147,16
245148,30
245149,30
245150,22
245151,5
245152,34
245153,31
245154,30
245155,23
245156,30
245157,24
245158,28
245159,16
245160,16
245161,30
245162,5
245163,16
245164,28
245165,30
245166,30
245167,13
245168,5
245169,24
245170,24
245171,24
245172,31
245173,16
245174,30
245175,22
245176,16
245177,27
245178,4
245179,24
245180,8
245181,16
245182,9
245183,24
245184,24
245185,24
245186,6
245187,34
245188,16
245189,24
245191,27
245192,30
245193,24
245194,28
245195,23
245196,27
245197,36
245198,30
245199,16
245200,30
245201,34
245202,6
245203,5
245204,22
245205,16
245206,4
245207,30
245208,25
245209,24
245210,9
245211,10
245212,28
245213,16
245214,24
245215,16
245216,16
245217,24
245218,28
245219,15
245220,36
245221,24
245222,16
245223,24
245224,16
245225,19
245226,30
245227,5
245229,26
245230,27
245231,4
245232,28
245233,33
245234,16
245235,2
245236,16
245237,10
245239,30
245240,16
245241,10
245242,20
245243,16
245244,16
245245,24
245246,16
245247,8
245248,16
245249,24
245250,4
245251,24
245252,8
245253,14
245254,16
245255,25
245256,24
245257,16
245259,16
245260,31
245261,24
245262,16
245263,34
245264,24
245265,3
245266,24
245267,24
245268,4
245269,37
245270,28
245271,18
245272,28
245273,16
245274,24
245275,16
245276,38
245277,16
245278,24
245279,24
245280,27
245281,24
245282,24
245283,22
245284,24
245285,27
245286,30
245287,16
245288,24
245289,30
245290,8
245291,28
245292,20
245293,16
245294,34
245295,26
245296,16
245297,34
245298,20
245299,16
245300,16
245301,30
245302,34
245303,24
245304,36
245305,34
245306,4
245307,16
245308,16
245467,19
245623,36
245733,24
245765,16
245775,19
245795,16
245798,36
245820,16
245824,8
245851,28
245855,34
245867,4
245878,16
245882,18
245884,28
245886,16
245887,27
245888,5
245889,30
245890,26
245891,28
245892,24
245893,1
245895,0
245896,4
245898,24
245899,16
245900,10
245901,16
245902,16
245903,10
245904,28
245905,19
245906,10
245907,24
245908,16
245909,24
245910,5
245912,16
245913,8
245914,16
245915,10
245916,19
245917,36
245918,16
245919,30
245920,16
245921,24
245922,24
245923,28
245924,16
245925,5
245926,16
245927,10
245928,10
245929,4
245930,10
245931,3
245932,27
245934,23
245935,27
245936,16
245937,16
245938,13
245939,30
245940,30
245941,25
245942,24
245943,16
245944,5
245945,16
245946,16
245947,24
245948,34
245949,30
245950,24
245951,16
245952,24
245953,38
245954,31
245955,16
245956,24
245957,28
245958,27
245959,38
245960,4
245961,26
245962,28
245963,16
245964,4
245965,30
245966,28
245967,10
245968,16
245969,24
245971,30
245972,30
245973,30
245974,16
245975,30
245976,27
245977,5
245978,23
245979,24
245980,23
245981,26
245982,30
245983,24
245984,24
245985,28
245986,31
245988,24
245989,26
245990,31
245991,24
245992,24
245993,30
245994,30
245995,4
245996,24
245997,16
245998,16
245999,16
246024,30
246032,27
246033,30
246036,30
246063,10
246083,8
246107,16
246117,28
246125,31
246148,8
246149,16
246150,36
246151,16
246153,10
246159,16
246198,37
246211,5
246215,4
246229,16
246231,5
246233,30
246234,30
246236,24
246237,26
246238,28
246239,25
246240,24
246241,27
246243,24
246244,30
246245,27
246246,16
246247,16
246248,37
246249,5
246250,31
246251,10
246252,13
246253,10
246254,37
246255,30
246258,16
246259,23
246260,16
246261,10
246262,24
246263,16
246264,27
246265,4
246266,24
246267,23
246268,30
246269,24
246270,16
246271,34
246272,30
246273,26
246274,30
246275,30
246276,24
246277,30
246278,30
246279,34
246280,10
246282,24
246283,3
246284,30
246285,16
246286,25
246287,24
246288,30
246289,30
246290,24
246291,24
246292,27
246293,24
246294,30
246295,16
246296,16
246297,4
246298,23
246299,30
246300,25
246301,30
246302,5
246303,28
246304,10
246305,28
246306,16
246307,16
246308,24
246309,8
246310,30
246311,24
246312,2
246313,30
246314,24
246315,30
246316,30
246317,30
246318,27
246319,9
246320,10
246321,24
246322,24
246323,24
246324,4
246325,28
246326,31
246327,30
246328,26
246329,24
246330,30
246331,24
246332,16
246333,4
246334,30
246335,24
246336,16
246337,27
246338,24
246339,30
246340,24
246341,30
246342,3
246343,24
246344,5
246345,16
246346,24
246347,25
246348,24
246349,24
246350,28
246351,10
246352,10
246353,25
246354,28
246355,16
246356,4
246357,23
246358,16
246359,30
246360,30
246361,30
246362,24
246363,30
246364,5
246365,30
246366,16
246367,16
246369,30
246370,20
246371,5
246372,34
246373,30
246374,30
246375,2
246376,34
246377,28
246378,2
246379,16
246380,10
246381,16
246382,16
246383,4
246384,24
246385,16
246386,2
246387,4
246388,16
246389,16
246390,30
246391,28
246392,16
246393,4
246394,24
246395,38
246396,24
246397,10
246398,13
246399,16
246400,5
246401,24
246402,27
246403,24
246404,16
246405,28
246406,10
246407,16
246408,24
246409,24
246410,24
246411,5
246412,16
246413,16
246414,27
246415,24
246416,16
246813,2
246864,16
246906,26
246915,28
246920,16
246957,5
246972,26
246981,16
246991,28
246994,30
247001,8
247004,24
247005,16
247006,5
247007,16
247008,16
247009,6
247010,16
247011,30
247012,16
247013,2
247014,5
247015,16
247016,13
247017,34
247018,31
247019,10
247020,16
247021,16
247022,4
247023,34
247024,2
247025,10
247026,9
247027,16
247028,24
247029,28
247030,30
247031,28
247032,16
247033,5
247034,2
247035,13
247036,4
247037,16
247038,4
247039,24
247040,4
247041,13
247043,38
247044,24
247045,16
247046,28
247047,16
247048,8
247049,24
247050,26
247051,26
247052,31
247053,23
247054,27
247055,31
247057,27
247058,16
247059,16
247060,30
247061,28
247062,16
247063,34
247064,26
247065,16
247066,5
247068,25
247069,34
247070,16
247071,34
247072,16
247073,4
247074,13
247075,27
247076,28
247077,2
247078,16
247079,16
247080,31
247081,24
247082,19
247083,16
247084,16
247086,4
247087,19
247088,5
247089,24
247090,16
247091,24
247092,24
247093,4
247094,27
247095,16
247096,24
247097,36
247098,24
247099,10
247100,16
247101,27
247102,30
247103,16
247104,24
247105,16
247109,16
247117,28
247140,24
247155,24
247166,27
247171,30
247173,36
247191,24
247196,24
247199,4
247233,27
247249,4
247267,37
247270,30
247275,24
247287,34
247290,2
247291,13
247304,10
247313,30
247314,30
247325,30
247327,26
247329,26
247340,10
247342,4
247351,31
247357,9
247359,24
247360,30
247361,25
247362,25
247363,8
247364,8
247365,16
247366,4
247367,30
247368,31
247369,16
247370,16
247371,24
247372,9
247373,16
247374,27
247376,24
247379,25
247380,28
247381,20
247383,16
247385,30
247386,16
247388,30
247389,31
247390,31
247391,28
247392,15
247393,24
247394,16
247395,16
247396,31
247397,24
247399,16
247400,28
247401,31
247402,30
247403,16
247404,30
247405,16
247406,16
247407,24
247408,4
247409,4
247410,16
247411,28
247412,30
247413,24
247414,16
247415,36
247416,24
247417,26
247418,16
247419,24
247420,27
247421,24
247422,31
247423,16
247424,24
247425,28
247426,16
247427,26
247428,16
247429,10
247430,30
247431,4
247432,5
247433,27
247434,28
247435,4
247436,16
247437,31
247438,16
247439,16
247440,10
247441,16
247442,4
247443,16
247444,28
247445,24
247446,24
247447,24
247448,2
247449,30
247450,24
247451,27
247452,30
247453,34
247454,4
247455,26
247456,24
247457,4
247459,16
247460,26
247461,8
247462,28
247463,26
247464,28
247465,26
247466,24
247467,16
247468,16
247469,24
247470,24
247471,24
247472,36
247473,28
247474,36
247475,9
247476,30
247477,16
247478,24
247479,2
247480,18
247481,30
247482,24
247483,18
247484,30
247485,24
247486,24
247487,36
247488,10
247489,34
247490,8
247491,24
247492,36
247493,30
247494,27
247495,34
247496,27
247497,27
247498,30
247499,10
247500,27
247501,30
247502,30
247503,24
247504,24
247505,24
247506,16
247507,10
247508,8
247509,23
247510,16
247511,16
247512,24
247513,28
247514,16
247515,16
247516,30
247517,16
247518,34
247519,30
247520,24
247521,24
247522,4
247523,28
247524,24
247525,30
247526,37
247527,16
247528,10
247529,24
247530,28
247531,23
247532,30
247533,24
247534,3
247535,24
247536,16
247537,16
247538,30
247539,24
247540,30
247541,34
247542,27
247543,16
247544,16
247545,30
247546,24
247547,16
247548,5
247549,28
247550,24
247551,24
247552,24
247553,10
247554,24
247555,26
247556,34
247557,24
247558,34
247559,16
247560,24
247561,28
247562,19
247563,4
247564,30
247565,28
247566,24
247567,30
247568,33
247569,16
247570,16
247571,4
247572,8
247573,24
247574,4
247575,16
247576,16
247577,30
247578,30
247950,36
248011,15
248045,5
248084,27
248094,16
248100,28
248105,19
248115,7
248141,16
248161,30
248163,10
248169,26
248170,3
248172,24
248178,24
248179,16
248180,5
248181,16
248182,24
248183,16
248184,19
248185,24
248186,24
248187,24
248188,26
248189,16
248191,24
248192,4
248193,16
248194,5
248195,28
248196,16
248197,26
248198,16
248199,26
248200,24
248201,16
248202,4
248203,30
248204,16
248205,24
248206,13
248207,5
248208,27
248209,27
248210,16
248211,30
248212,39
248213,28
248214,25
248215,30
248216,24
248217,16
248218,23
248219,30
248220,16
248221,36
248223,13
248224,24
248225,27
248226,16
248227,24
248228,30
248229,16
248230,16
248231,24
248232,18
248233,37
248234,8
248235,24
248236,16
248237,16
248238,16
248239,25
248240,16
248241,24
248242,24
248243,4
248244,24
248245,24
248246,16
248247,28
248248,24
248249,36
248250,25
248251,30
248252,16
248253,37
248254,28
248255,5
248256,16
248257,28
248258,24
248259,27
248260,34
248261,13
248262,15
248263,16
248264,24
248265,9
248266,31
248267,24
248268,8
248269,16
248270,16
248271,16
248272,24
248273,24
248274,23
248275,24
248276,36
248277,24
248278,24
248279,30
248280,23
248281,24
248282,24
248283,24
248284,30
248299,26
248304,8
248307,4
248309,30
248319,16
248322,16
248336,24
248345,24
248364,30
248367,26
248383,5
248394,30
248402,16
248410,8
248437,4
248438,16
248460,16
248467,24
248484,24
248488,16
248490,30
248491,30
248493,37
248498,34
248511,28
248529,4
248530,5
248531,24
248532,34
248533,16
248534,23
248536,16
248537,37
248538,24
248539,28
248540,30
248541,16
248542,16
248543,36
248544,16
248545,16
248548,16
248549,10
248550,24
248551,34
248552,10
248553,16
248554,20
248555,16
248556,16
248557,31
248558,20
248559,30
248560,23
248561,18
248562,30
248563,26
248564,16
248565,16
248566,16
248567,30
248568,10
248569,6
248570,30
248571,26
248572,36
248573,4
248574,16
248575,24
248576,24
248577,4
248578,20
248579,24
248580,24
248581,10
248582,24
248583,10
248584,30
248585,9
248586,30
248587,30
248588,30
248589,28
248590,5
248591,28
248592,5
248593,28
248594,10
248595,34
248596,30
248597,27
248598,31
248599,16
248600,30
248601,30
248602,28
248603,36
248604,24
248605,24
248606,5
248607,24
248608,34
248609,5
248610,16
248611,5
248612,4
248613,24
248614,24
248615,30
248616,16
248617,16
248618,24
248619,16
248620,24
248621,26
248622,31
248623,34
248624,24
248625,30
248626,16
248627,30
248628,16
248629,24
248630,30
248631,24
248632,24
248633,16
248634,28
248635,24
248636,16
248637,30
248638,16
248639,30
248640,24
248641,30
248642,26
248643,24
248644,5
248645,5
248646,24
248647,26
248648,26
248649,20
248650,10
248651,34
248652,16
248653,26
248654,16
248655,37
248656,16
248657,30
248658,34
248659,31
248660,28
248661,28
248662,16
248663,24
248664,5
248665,24
248666,24
248667,24
248668,16
248669,19
248670,4
248671,30
248672,37
248673,16
248674,24
248675,10
248676,4
248677,16
248678,24
248679,0
248680,10
248681,26
248682,37
248683,5
248684,27
248685,24
248686,30
248687,24
248688,34
248689,24
248690,30
248691,26
248692,8
248693,31
248694,6
248695,16
248696,16
248697,28
248698,16
248699,28
248700,34
248701,28
248702,10
248703,8
248704,4
248705,18
248706,24
248707,24
248708,26
248709,5
248710,24
248711,16
248712,27
248713,24
248714,26
248715,24
248716,24
248717,24
248718,24
248719,10
248720,5
248721,28
248722,5
248723,24
248724,10
248725,16
248726,24
248727,16
248728,24
248729,24
248730,10
248731,28
248732,20
248733,20
248734,2
248735,25
248736,24
248737,28
248738,10
248739,24
248740,34
248741,16
248742,24
248743,24
248744,16
248745,20
248746,30
248747,27
248748,30
248749,30
249101,16
249129,10
249181,26
249198,24
249204,16
249218,7
249239,10
249277,16
249278,8
249281,16
249296,16
249297,14
249311,24
249313,28
249324,24
249333,24
249335,28
249336,16
249337,37
249338,5
249339,28
249340,16
249341,24
249342,24
249343,24
249344,16
249345,10
249346,24
249347,24
249349,5
249350,24
249351,16
249352,24
249353,30
249354,24
249355,24
249356,16
249357,30
249358,34
249359,24
249360,4
249361,24
249362,27
249363,10
249365,16
249366,27
249367,33
249368,24
249369,19
249370,5
249371,5
249372,16
249373,16
249374,16
249375,16
249376,28
249377,23
249378,24
249379,16
249380,19
249381,36
249382,26
249383,23
249384,30
249385,24
249386,24
249387,10
249388,15
249389,34
249390,9
249391,24
249392,24
249393,2
249394,24
249395,16
249396,16
249397,34
249398,16
249399,16
249400,16
249401,27
249402,8
249403,24
249404,4
249405,16
249406,6
249407,30
249408,16
249409,5
249410,24
249411,23
249412,30
249413,28
249414,5
249415,16
249416,10
249417,4
249418,2
249419,13
249420,13
249421,34
249422,24
249423,28
249424,16
249425,24
249426,30
249428,16
249441,30
249444,28
249445,24
249467,34
249468,30
249482,10
249489,30
249518,16
249522,16
249531,30
249560,24
249569,24
249570,27
249611,24
249613,19
249616,16
249627,24
249632,24
249662,28
249690,16
249695,16
249701,10
249703,2
249704,7
249705,16
249706,38
249707,24
249708,24
249709,24
249711,28
249712,24
249713,16
249714,16
249715,30
249716,30
249717,5
249718,16
249719,16
249720,27
249721,28
249722,16
249723,22
249724,30
249725,4
249726,24
249727,25
249728,28
249729,4
249730,22
249731,38
249732,30
249733,16
249734,28
249735,2
249736,13
249738,16
249739,26
249740,10
249741,16
249742,30
249743,30
249744,36
249745,24
249746,16
249747,4
249748,5
249749,16
249750,10
249751,8
249752,16
249753,0
249754,36
249755,16
249756,27
249757,24
249758,16
249759,16
249760,30
249761,24
249762,30
249763,16
249764,16
249765,30
249766,24
249767,30
249768,16
249769,16
249770,5
249771,24
249772,28
249773,4
249774,24
249775,4
249776,27
249777,16
249778,16
249779,24
249780,26
249781,16
249782,26
249783,28
249784,28
249785,27
249786,24
249787,26
249788,24
249789,13
249790,16
249791,16
249792,24
249793,5
249794,24
249795,24
249796,8
249797,16
249798,24
249799,16
249800,30
249801,24
249802,24
249803,8
249804,16
249805,16
249806,10
249807,24
249808,24
249809,16
249810,24
249811,16
249812,24
249813,30
249814,27
249815,2
249816,24
249817,16
249818,30
249819,30
249820,16
249821,30
249822,3
249823,31
249824,24
249825,34
249826,16
249827,30
249828,24
249829,4
249830,26
249831,24
249832,16
249833,26
249834,10
249835,30
249836,30
249837,23
249838,16
249839,10
249840,24
249841,16
249842,16
249843,5
249844,2
249845,16
249846,24
249847,24
249848,23
249849,16
249850,10
249851,16
249852,24
249853,2
249854,27
249855,30
249856,24
249857,25
249858,16
249859,28
249860,4
249861,10
249862,28
249863,10
249864,27
249865,4
249866,16
249867,24
249868,16
249869,13
249870,24
249871,26
249872,24
249873,27
249874,4
249875,13
249876,10
249877,24
249878,24
249879,24
249880,24
249881,24
249882,16
249883,30
249884,8
249885,16
249886,23
249887,28
249888,24
249889,28
249890,24
249891,30
249892,16
249893,16
249894,24
249895,16
249896,24
249897,30
249898,27
249899,24
249900,31
249901,27
249902,27
249903,16
249904,10
249905,9
249906,37
249907,18
249908,4
249909,31
249910,24
249911,8
250206,3
250212,30
250221,30
250307,4
250364,27
250370,36
250381,1
250411,27
250428,28
250448,3
250454,24
250460,16
250461,24
250462,5
250463,24
250464,8
250465,0
250466,5
250468,24
250469,4
250470,16
250471,18
250472,16
250473,24
250474,34
250475,2
250476,27
250477,16
250478,28
250479,23
250480,16
250481,28
250482,24
250483,28
250484,34
250485,4
250486,16
250487,27
250488,28
250489,16
250490,28
250491,16
250492,28
250493,4
250494,16
250495,24
250496,16
250497,10
250498,22
250499,26
250500,10
250501,24
250502,16
250503,2
250504,16
250505,34
250506,27
250507,16
250508,28
250509,10
250510,28
250511,4
250512,16
250513,16
250514,2
250515,24
250516,30
250517,16
250518,28
250519,16
250520,8
250521,28
250522,39
250523,13
250524,27
250525,4
250526,16
250527,37
250528,5
250529,37
250530,24
250531,28
250532,4
250533,16
250534,16
250535,36
250536,27
250537,26
250538,24
250539,25
250540,16
250541,16
250542,5
250543,16
250544,16
250545,16
250546,24
250548,30
250549,26
250550,10
250551,24
250552,30
250553,24
250554,23
250555,31
250556,24
250557,16
250558,36
250559,24
250568,16
250579,16
250584,30
250589,30
250592,30
250605,28
250625,16
250635,16
250636,16
250644,24
250645,36
250657,30
250670,26
250681,23
250687,16
250694,4
250700,26
250716,24
250728,3
250736,34
250738,28
250751,24
250798,24
250801,16
250804,22
250809,4
250835,16
250838,30
250840,16
250851,16
250852,2
250853,16
250854,13
250856,30
250858,24
250859,30
250860,16
250861,5
250862,24
250863,28
250864,28
250865,16
250866,24
250867,36
250868,24
250869,28
250870,16
250871,16
250873,4
250874,24
250876,16
250878,16
250879,24
250880,16
250881,24
250882,5
250883,16
250884,31
250885,28
250886,30
250887,16
250888,24
250889,28
250890,30
250891,27
250892,26
250893,24
250894,34
250895,24
250896,26
250897,28
250898,34
250899,16
250900,5
250901,16
250902,30
250903,28
250904,24
250905,24
250906,4
250908,8
250909,27
250910,24
250911,24
250912,5
250913,8
250914,28
250915,34
250916,16
250917,30
250918,28
250919,24
250920,16
250921,16
250922,30
250923,24
250924,24
250925,16
250927,16
250928,18
250929,23
250930,4
250931,30
250932,16
250933,24
250934,10
250935,24
250936,23
250937,31
250938,24
250939,23
250940,24
250941,4
250942,24
250943,2
250944,24
250945,16
250946,30
250947,24
250948,20
250949,30
250950,30
250951,24
250952,8
250953,28
250954,8
250955,34
250956,30
250957,26
250958,19
250959,26
250960,16
250961,8
250962,28
250963,30
250964,16
250965,16
250966,22
250967,16
250968,10
250969,30
250970,24
250971,16
250972,16
250973,28
250974,23
250975,24
250976,39
250977,16
250978,16
250979,16
250980,24
250981,28
250982,23
250983,16
250984,24
250985,24
250986,28
250987,3
250988,16
250989,24
250990,16
250991,1
250992,30
250993,16
250994,16
250995,24
250996,24
250997,16
250998,24
250999,23
251000,10
251001,10
251002,28
251003,16
251004,28
251005,16
251006,16
251007,27
251008,10
251009,34
251010,16
251011,8
251012,27
251013,38
251014,16
251015,27
251016,19
251017,26
251018,5
251019,24
251020,24
251021,30
251022,16
251023,26
251024,30
251025,24
251026,8
251027,28
251028,19
251029,16
251030,24
251031,27
251032,10
251033,24
251034,24
251035,16
251036,23
251037,24
251038,24
251039,16
251040,2
251041,27
251042,5
251043,19
251044,24
251045,24
251046,16
251047,28
251048,28
251049,16
251050,16
251051,28
251052,27
251053,24
251054,28
251055,20
251056,30
251057,24
251058,16
251059,24
251060,37
251061,26
251062,30
251063,16
251064,27
251065,24
251593,34
251625,16
251628,24
251640,24
251643,16
251660,2
251670,27
251672,30
251675,8
251679,13
251681,24
251683,24
251684,0
251687,2
251688,16
251689,28
251690,36
251691,30
251692,24
251693,4
251694,8
251695,25
251696,24
251697,27
251698,24
251699,30
251700,24
251701,2
251702,25
251703,10
251704,24
251705,24
251706,30
251707,24
251708,16
251709,5
251710,27
251711,16
251712,16
251713,28
251714,28
251715,16
251716,27
251717,19
251718,24
251719,4
251720,24
251721,24
251722,16
251723,30
251724,16
251725,20
251726,24
251727,4
251728,31
251729,28
251730,28
251731,24
251733,2
251734,28
251735,24
251736,31
251737,10
251738,26
251739,28
251740,2
251741,14
251742,24
251743,8
251745,5
251746,16
251747,16
251748,24
251749,8
251750,24
251751,16
251752,38
251753,30
251754,24
251755,24
251756,24
251757,30
251758,30
251759,30
251760,16
251761,16
251762,30
251763,27
251764,24
251775,37
251776,4
251779,24
251794,24
251805,20
251813,24
251838,31
251842,16
251844,16
251858,24
251866,16
251880,15
251895,30
251927,19
251950,16
251957,8
251959,23
251985,27
251987,10
251988,16
251991,30
251993,28
251995,20
251999,24
252005,28
252014,30
252032,16
252033,23
252034,10
252035,20
252036,16
252037,16
252039,26
252041,34
252042,16
252044,24
252045,20
252046,30
252047,30
252049,6
252050,20
252051,9
252053,26
252054,16
252057,30
252058,4
252059,37
252062,24
252063,24
252064,30
252065,28
252066,31
252067,26
252069,16
252070,24
252071,4
252072,24
252073,28
252074,24
252075,30
252076,27
252077,10
252078,24
252079,5
252080,24
252081,37
252082,16
252083,24
252084,16
252085,16
252086,16
252087,37
252088,16
252089,38
252090,16
252091,23
252092,27
252094,16
252095,24
252096,24
252097,24
252098,30
252099,5
252100,24
252101,10
252102,30
252103,30
252104,24
252105,27
252106,27
252107,30
252108,2
252109,16
252110,16
252111,27
252112,24
252113,16
252114,13
252115,24
252116,10
252117,24
252118,31
252119,24
252120,16
252121,16
252122,16
252123,24
252124,28
252125,10
252126,5
252127,5
252128,26
252129,16
252130,4
252131,16
252132,10
252133,25
252134,24
252135,30
252136,5
252137,16
252138,24
252139,2
252140,2
252141,4
252142,4
252143,16
252144,24
252145,24
252146,30
252147,1
252148,32
252149,24
252150,4
252151,8
252152,24
252153,37
252154,24
252155,30
252156,16
252157,16
252158,26
252159,28
252160,16
252161,16
252162,19
252163,38
252164,8
252165,4
252166,28
252168,16
252169,24
252170,16
252171,16
252172,16
252173,27
252174,24
252175,2
252176,16
252177,16
252178,28
252179,31
252180,24
252181,16
252182,24
252183,16
252184,37
252185,16
252186,28
252187,30
252188,16
252189,16
252190,2
252191,10
252192,24
252193,27
252194,36
252195,24
252196,10
252197,26
252198,4
252199,30
252200,28
252201,16
252202,16
252203,10
252204,24
252205,28
252206,27
252207,24
252208,24
252209,24
252210,24
252211,16
252212,27
252213,30
252214,24
252215,24
252216,8
252217,3
252218,28
252219,10
252220,24
252221,5
252222,24
252223,31
252224,5
252225,9
252226,27
252227,1
252228,16
252229,28
252230,30
252231,27
252232,24
252233,24
252234,24
252235,30
252236,16
252237,24
252238,24
252239,24
252240,10
252562,24
252580,10
252677,6
252678,23
252696,23
252698,16
252700,26
252714,27
252724,24
252728,16
252740,4
252743,16
252765,26
252791,16
252797,28
252822,16
252828,4
252836,10
252837,13
252838,30
252839,26
252840,38
252842,22
252843,24
252844,16
252845,25
252846,26
252847,25
252848,10
252849,16
252850,24
252851,28
252852,28
252853,9
252854,24
252855,28
252856,27
252857,37
252858,28
252859,19
252861,4
252862,37
252863,4
252864,20
252865,30
252866,10
252867,28
252868,16
252869,28
252870,16
252871,16
252872,16
252873,16
252874,30
252875,27
252876,10
252877,14
252878,24
252879,4
252880,26
252881,28
252882,16
252883,28
252885,24
252886,16
252887,38
252888,5
252889,16
252890,16
252891,11
252892,27
252893,24
252896,30
252897,27
252898,34
252899,24
252900,24
252901,16
252902,33
252903,16
252904,31
252905,34
252906,16
252907,24
252908,31
252909,5
252910,24
252911,24
252912,16
252913,16
252914,16
252915,24
252916,34
252917,16
252918,16
252919,16
252920,24
252921,20
252922,30
252923,16
252924,24
252925,16
252926,30
252927,37
252928,28
252932,18
252936,10
252959,16
252972,24
253004,24
253011,31
253012,24
253047,30
253051,5
253058,4
253073,16
253083,16
253089,24
253101,16
253103,26
253113,16
253118,24
253140,30
253141,16
253144,16
253155,30
253164,30
253167,28
253169,24
253170,5
253171,30
253172,27
253173,4
253174,24
253176,30
253177,2
253178,24
253179,8
253180,10
253181,28
253182,34
253183,30
253184,31
253186,10
253187,24
253188,24
253189,24
253190,16
253191,10
253192,10
253193,22
253195,28
253198,16
253199,10
253200,16
253201,30
253202,30
253203,16
253204,31
253205,5
253206,24
253207,2
253208,37
253209,16
253210,28
253211,30
253212,2
253213,2
253214,31
253215,16
253216,24
253217,30
253218,5
253219,30
253220,31
253221,8
253222,16
253223,27
253224,30
253225,16
253226,27
253227,16
253228,24
253229,16
253230,5
253231,30
253232,28
253233,10
253234,27
253235,10
253236,23
253237,24
253238,23
253239,36
253240,30
253241,24
253242,16
253243,16
253244,24
253245,27
253246,30
253247,16
253248,24
253249,28
253250,4
253251,8
253252,28
253253,26
253254,16
253255,30
253256,16
253257,26
253258,25
253259,30
253260,26
253261,24
253262,24
253263,16
253264,24
253265,25
253266,30
253267,36
253268,30
253269,2
253270,27
253271,28
253272,24
253273,28
253274,16
253275,13
253276,30
253277,30
253278,16
253279,24
253280,16
253281,4
253282,24
253283,16
253284,16
253285,5
253286,10
253287,16
253288,36
253289,26
253290,24
253291,2
253292,10
253293,18
253294,20
253295,16
253296,16
253297,16
253298,16
253299,16
253300,24
253301,10
253302,8
253303,31
253304,30
253305,28
253306,16
253307,30
253310,4
253311,24
253312,16
253313,30
253314,24
253315,24
253316,10
253317,16
253318,3
253319,16
253320,24
253321,28
253322,30
253323,5
253324,20
253325,8
253326,34
253327,4
253328,10
253329,13
253330,30
253331,19
253332,9
253333,16
253334,24
253335,10
253336,27
253337,30
253338,16
253339,24
253340,16
253341,24
253342,24
253343,24
253344,24
253345,8
253346,24
253347,16
253348,31
253349,24
253350,24
253351,10
253352,16
253353,36
253354,24
253355,16
253356,20
253357,19
253358,22
253359,24
253360,27
253361,24
253362,16
253363,16
253364,4
253365,16
253366,16
253705,26
253715,16
253765,24
253849,24
253853,14
253855,18
253867,16
253898,24
253901,23
253903,16
253917,24
253923,16
253928,24
253931,5
253932,24
253933,10
253934,16
253935,30
253936,8
253937,28
253938,28
253939,36
253940,25
253941,23
253942,5
253943,26
253944,16
253945,28
253947,28
253948,28
253949,10
253950,27
253951,11
253952,24
253953,28
253954,24
253955,24
253956,2
253957,27
253958,16
253959,25
253960,24
253961,24
253962,31
253963,34
253964,30
253965,24
253966,8
253967,19
253968,30
253969,16
253970,4
253971,16
253972,16
253974,24
253975,30
253976,27
253977,16
253978,16
253979,16
253980,7
253982,30
253983,30
253984,24
253985,0
253986,16
253987,16
253988,18
253989,27
253990,30
253991,16
253992,10
253993,28
253994,39
253995,16
253996,5
253997,4
253998,16
253999,24
254000,27
254001,16
254002,16
254003,16
254005,34
254006,28
254007,16
254008,24
254009,24
254010,16
254011,36
254012,31
254013,16
254014,24
254015,30
254016,16
254017,26
254018,30
254051,10
254068,31
254072,16
254100,16
254101,16
254103,16
254105,30
254106,16
254117,24
254138,30
254139,16
254147,24
254159,27
254165,23
254197,4
254207,24
254212,30
254233,28
254237,16
254244,24
254253,24
254281,24
254295,1
254300,24
254303,24
254305,4
254306,4
254307,26
254308,34
254309,24
254310,16
254311,16
254312,39
254313,31
254314,31
254316,10
254318,24
254319,16
254320,4
254321,24
254322,2
254323,27
254324,30
254325,24
254326,10
254327,28
254330,28
254332,16
254333,16
254334,30
254335,16
254336,24
254337,16
254338,9
254339,16
254340,16
254341,30
254342,20
254343,16
254344,16
254345,16
254346,28
254347,10
254348,30
254349,31
254350,26
254351,13
254352,30
254353,30
254354,10
254355,16
254356,27
254357,26
254358,30
254359,24
254360,30
254361,4
254362,25
254363,4
254364,30
254365,16
254366,10
254367,16
254368,34
254369,16
254370,27
254371,24
254372,34
254373,30
254374,4
254375,24
254376,30
254377,16
254378,34
254379,16
254380,30
254381,24
254382,25
254383,13
254384,27
254385,31
254386,37
254387,22
254388,24
254389,27
254390,16
254391,26
254392,1
254393,16
254394,9
254395,24
254396,30
254397,31
254398,30
254399,30
254400,2
254401,34
254402,30
254403,16
254404,30
254405,24
254406,27
254407,34
254408,24
254409,16
254410,4
254411,16
254412,8
254413,24
254414,27
254415,16
254416,24
254417,30
254418,16
254419,4
254420,16
254421,4
254422,14
254423,28
254424,10
254425,27
254426,31
254427,28
254428,23
254429,16
254430,25
254431,24
254432,3
254433,5
254434,8
254435,24
254436,4
254437,30
254438,24
254439,34
254440,16
254441,16
254442,39
254443,31
254444,16
254445,16
254446,16
254447,28
254448,28
254449,28
254450,16
254451,30
254452,37
254453,28
254454,24
254455,26
254456,16
254457,16
254458,16
254459,38
254460,4
254461,30
254462,25
254463,24
254464,28
254465,24
254466,10
254467,30
254468,16
254469,16
254470,36
254471,16
254472,16
254473,24
254474,16
254475,4
254476,8
254477,24
254478,34
254479,24
254480,16
254481,31
254482,19
254483,24
254484,16
254485,24
254486,24
254487,24
254488,13
254489,16
254490,30
254491,4
254492,10
254493,34
254494,10
254495,16
254997,28
255014,16
255036,3
255045,5
255065,2
255069,26
255070,30
255130,16
255131,31
255132,28
255133,0
255134,16
255135,28
255136,24
255137,30
255138,30
255139,16
255140,24
255141,8
255142,24
255143,5
255144,8
255145,24
255146,16
255147,30
255148,37
255149,16
255150,4
255151,15
255152,24
255154,25
255155,30
255157,30
255158,24
255159,16
255160,28
255161,4
255164,16
255165,27
255166,16
255167,24
255168,24
255169,18
255170,5
255171,16
255172,30
255173,16
255174,30
255175,30
255176,27
255177,16
255178,10
255179,16
255180,24
255181,16
255182,2
255183,24
255184,26
255185,28
255186,16
255187,30
255188,16
255189,16
255190,28
255191,27
255192,24
255193,25
255194,28
255195,28
255196,30
255197,30
255198,16
255199,30
255200,24
255201,30
255202,31
255203,23
255204,24
255205,34
255206,24
255207,24
255208,24
255209,24
255210,26
255211,16
255212,16
255213,36
255214,30
255215,30
255216,10
255217,24
255222,30
255226,24
255227,30
255229,34
255243,2
255245,26
255247,30
255250,30
255263,5
255272,20
255291,28
255304,16
255383,27
255405,30
255411,16
255426,30
255446,5
255449,16
255486,24
255487,19
255488,16
255489,30
255490,8
255491,27
255492,28
255493,25
255494,7
255495,4
255496,34
255497,37
255498,32
255499,16
255500,28
255501,16
255502,10
255503,24
255504,36
255505,3
255506,3
255507,16
255508,16
255512,30
255514,24
255517,10
255518,15
255519,28
255520,16
255521,5
255522,20
255523,8
255524,10
255525,28
255526,6
255527,27
255528,5
255529,24
255530,8
255531,20
255532,30
255534,16
255535,28
255536,16
255537,30
255538,1
255539,16
255540,28
255541,23
255542,13
255543,30
255544,26
255545,23
255546,24
255547,26
255548,24
255549,2
255550,30
255551,27
255552,23
255553,30
255554,30
255555,34
255556,24
255557,30
255558,16
255559,10
255560,28
255561,30
255562,24
255563,16
255564,30
255565,28
255566,16
255567,20
255568,24
255569,10
255570,30
255571,16
255572,10
255573,30
255574,30
255575,9
255576,24
255577,5
255578,2
255579,16
255580,24
255581,24
255582,24
255583,26
255584,24
255585,24
255586,24
255587,5
255588,38
255589,16
255590,34
255591,16
255592,28
255593,24
255594,13
255595,24
255596,16
255597,24
255598,16
255599,5
255600,16
255601,4
255602,27
255603,10
255604,24
255605,31
255606,24
255607,34
255608,18
255609,16
255610,16
255611,27
255612,30
255613,10
255614,24
255615,24
255616,30
255617,24
255618,24
255619,16
255620,28
255621,16
255622,1
255623,4
255624,2
255625,16
255626,28
255627,8
255628,30
255629,2
255630,10
255631,4
255632,24
255633,16
255634,28
255635,24
255636,2
255637,16
255638,5
255639,24
255640,24
255641,24
255642,10
255643,13
255644,24
255645,4
255646,30
255647,4
255648,16
255649,4
255650,24
255651,10
255652,2
255653,4
255654,10
255655,27
255656,24
255657,16
255658,24
255659,24
255660,24
255661,24
255662,28
255663,34
255665,23
255666,24
255667,36
255668,28
255669,16
255670,24
255671,30
255672,24
255673,24
255674,24
255675,2
255676,28
255677,24
255678,16
255679,5
255680,24
255681,24
255682,30
255683,5
255684,6
255685,10
255686,24
255687,5
256054,5
256055,28
256140,26
256153,34
256194,16
256233,16
256240,16
256243,10
256245,38
256248,30
256254,8
256255,28
256256,16
256257,16
256258,26
256259,34
256260,16
256261,16
256262,30
256263,24
256264,28
256265,16
256266,24
256267,16
256269,10
256270,24
256271,16
256272,16
256273,16
256274,4
256275,31
256276,37
256277,15
256278,16
256279,28
256280,30
256281,4
256282,2
256283,24
256284,26
256285,5
256286,37
256288,24
256289,28
256290,27
256291,13
256292,28
256293,19
256294,27
256295,23
256296,5
256297,2
256298,31
256299,30
256300,27
256301,30
256302,28
256303,2
256304,30
256306,27
256307,16
256308,16
256309,4
256310,30
256311,16
256312,16
256313,16
256314,4
256315,25
256316,16
256317,16
256318,16
256319,24
256320,24
256321,3
256322,28
256323,16
256324,8
256325,16
256326,28
256327,10
256328,28
256329,28
256330,5
256332,19
256333,25
256334,30
256335,4
256336,4
256337,16
256338,16
256339,2
256340,24
256341,28
256342,5
256343,16
256344,30
256345,24
256346,24
256347,3
256348,30
256349,30
256350,30
256351,26
256352,16
256353,24
256354,30
256355,24
256356,31
256357,16
256358,16
256361,24
256369,36
256374,5
256381,20
256387,24
256392,24
256421,10
256427,24
256432,28
256441,31
256443,3
256460,10
256462,24
256485,32
256488,30
256489,36
256513,16
256520,28
256538,30
256551,28
256569,16
256572,28
256575,30
256585,36
256597,30
256615,16
256622,3
256628,13
256629,5
256630,16
256631,26
256632,24
256633,30
256634,6
256635,16
256636,31
256637,30
256638,16
256639,30
256640,24
256641,20
256642,6
256643,24
256644,28
256645,27
256646,5
256647,24
256648,24
256649,24
256651,20
256652,16
256653,27
256654,28
256655,16
256656,16
256657,16
256658,16
256659,24
256660,28
256661,16
256662,4
256663,4
256664,13
256665,4
256666,4
256667,26
256668,4
256669,16
256670,34
256671,25
256672,16
256673,16
256674,26
256675,34
256676,16
256677,16
256678,16
256679,30
256680,30
256681,16
256682,16
256683,2
256684,24
256685,38
256686,23
256687,16
256688,13
256689,16
256690,30
256691,27
256692,24
256694,37
256696,24
256697,16
256698,30
256699,24
256700,24
256701,16
256702,2
256703,27
256704,4
256705,10
256706,24
256707,30
256708,10
256709,16
256710,4
256711,28
256712,30
256713,2
256714,23
256715,30
256716,10
256717,16
256718,24
256719,16
256720,31
256721,30
256722,24
256723,28
256724,30
256725,16
256726,24
256727,30
256728,23
256729,16
256730,8
256731,4
256732,4
256733,4
256735,24
256736,16
256737,16
256738,24
256739,31
256740,16
256741,5
256742,16
256743,24
256744,24
256745,2
256746,24
256747,34
256748,23
256749,16
256750,30
256751,30
256752,16
256753,30
256754,24
256755,30
256756,34
256757,3
256758,16
256759,16
256760,30
256761,24
256762,28
256763,4
256764,3
256765,4
256766,24
256767,16
256768,16
256769,20
256770,16
256771,24
256772,6
256773,10
256774,16
256775,24
256776,8
256777,16
256778,4
256779,24
256780,16
256781,26
256782,30
256783,24
256784,30
256785,24
256786,10
256787,24
256788,24
256789,24
256790,25
256791,24
256792,24
256793,9
256794,4
256795,16
256796,30
256797,28
256798,28
256799,24
256800,16
256801,30
256802,8
256803,27
256804,5
256805,16
256806,24
256807,24
256808,4
256809,4
256810,16
256811,37
256812,24
256813,37
256814,24
256815,19
256816,16
256817,16
256818,24
256820,16
256821,4
257198,10
257235,28
257258,24
257282,4
257283,4
257301,4
257306,2
257336,16
257343,18
257360,24
257372,26
257379,10
257380,8
257387,13
257390,16
257391,24
257392,24
257395,9
257396,4
257397,23
257400,16
257401,24
257402,28
257403,24
257404,24
257405,31
257406,10
257407,28
257408,8
257409,24
257410,5
257411,4
257412,34
257413,18
257414,16
257415,24
257416,16
257417,24
257418,16
257419,13
257420,24
257421,18
257422,2
257423,16
257424,24
257425,24
257426,30
257427,10
257428,24
257429,27
257430,24
257431,28
257432,26
257433,16
257434,23
257436,28
257437,16
257438,34
257439,24
257440,20
257441,5
257442,34
257444,8
257445,24
257446,16
257447,26
257448,27
257449,24
257450,2
257452,30
257453,16
257454,26
257455,4
257456,4
257457,27
257458,16
257459,16
257460,28
257461,2
257462,24
257463,4
257464,4
257465,16
257466,24
257467,23
257468,24
257469,24
257470,16
257471,28
257472,24
257473,28
257474,16
257475,34
257476,16
257477,16
257478,24
257479,8
257480,30
257481,34
257482,30
257483,24
257484,24
257486,10
257487,19
257488,30
257489,16
257512,16
257529,16
257530,24
257531,30
257535,34
257546,27
257547,16
257556,30
257559,24
257570,24
257573,16
257578,8
257607,16
257614,24
257620,30
257651,36
257671,38
257674,24
257684,30
257692,16
257704,16
257706,16
257724,30
257733,16
257734,30
257735,37
257736,16
257737,27
257738,3
257739,23
257740,25
257741,30
257742,24
257743,16
257744,16
257745,16
257746,9
257747,9
257748,4
257750,16
257751,24
257753,4
257754,37
257755,16
257756,16
257757,16
257758,34
257759,30
257760,24
257761,16
257762,16
257763,4
257764,16
257765,18
257766,38
257767,16
257768,24
257769,16
257770,16
257771,16
257772,20
257773,24
257774,10
257775,16
257776,13
257777,24
257778,24
257779,16
257780,30
257781,24
257782,38
257783,34
257784,36
257785,2
257786,30
257787,28
257788,4
257789,30
257790,16
257791,34
257792,16
257793,28
257794,20
257795,24
257796,2
257797,24
257798,27
257799,27
257800,16
257801,16
257802,34
257803,16
257804,4
257805,24
257806,16
257807,16
257808,24
257809,22
257810,36
257811,24
257812,10
257813,16
257814,24
257815,24
257816,24
257817,4
257818,24
257819,24
257820,16
257821,24
257822,24
257823,25
257824,16
257825,24
257826,24
257827,16
257828,16
257829,28
257830,3
257831,16
257832,30
257833,24
257834,27
257835,28
257836,24
257837,10
257838,5
257839,16
257840,2
257841,23
257842,22
257843,27
257844,27
257845,10
257846,34
257847,5
257848,30
257849,16
257850,16
257851,4
257852,16
257853,16
257854,27
257855,16
257856,3
257857,13
257858,24
257859,8
257860,30
257861,24
257862,24
257863,30
257864,16
257865,24
257866,24
257867,24
257868,2
257869,16
257870,34
257871,16
257872,28
257873,5
257874,4
257875,10
257876,19
257877,16
257878,1
257879,16
257880,16
257881,13
257882,4
257883,27
257884,30
257886,16
257887,30
257888,30
257889,16
257890,13
257891,8
257892,30
257893,24
257894,16
257895,10
257896,24
257897,24
257898,2
257899,28
257900,25
257901,24
257902,30
257903,24
257904,18
257905,10
257906,10
257907,4
257908,24
257909,30
257910,30
257911,24
257912,9
257913,10
257914,16
257915,16
257916,13
257917,24
257918,26
257919,10
257920,33
257921,24
257922,24
257923,16
257924,24
257925,28
257926,16
257927,1
257928,37
257929,24
257930,16
257931,20
257932,31
257933,16
257934,16
258278,16
258283,28
258293,10
258376,16
258444,36
258450,1
258452,28
258467,30
258469,27
258479,30
258492,4
258518,16
258535,24
258537,2
258538,31
258539,28
258540,24
258541,36
258542,23
258543,8
258545,28
258546,26
258547,30
258548,24
258549,28
258550,16
258551,24
258552,31
258553,24
258554,16
258555,27
258556,5
258557,24
258558,10
258559,27
258560,4
258561,6
258562,16
258563,24
258564,24
258565,19
258566,16
258567,16
258568,30
258569,4
258570,8
258571,24
258572,4
258573,30
258574,16
258575,8
258576,19
258577,16
258578,13
258579,16
258580,5
258581,28
258582,28
258583,20
258584,24
258585,10
258586,20
258587,28
258588,30
258589,25
258590,24
258591,26
258592,28
258593,4
258594,28
258595,24
258596,5
258597,10
258598,24
258599,8
258600,26
258601,28
258602,24
258603,16
258604,5
258605,16
258606,16
258607,24
258608,24
258609,24
258610,24
258611,24
258612,24
258613,33
258614,16
258615,30
258616,24
258617,30
258638,24
258640,24
258654,24
258656,24
258665,34
258697,30
258728,3
258737,10
258750,24
258754,24
258758,10
258788,24
258803,38
258810,16
258819,16
258827,24
258830,8
258836,27
258839,24
258840,24
258841,23
258842,16
258843,4
258844,10
258845,5
258846,4
258847,24
258848,8
258849,16
258850,38
258851,24
258852,16
258856,30
258857,30
258858,24
258859,24
258860,27
258862,24
258863,24
258864,24
258865,36
258866,36
258867,20
258868,16
258869,9
258870,6
258871,30
258872,16
258874,30
258875,30
258876,30
258877,2
258878,16
258879,27
258880,28
258881,30
258882,16
258883,30
258884,22
258885,16
258886,16
258887,5
258888,24
258889,24
258890,16
258891,30
258892,24
258893,16
258894,30
258895,30
258896,28
258897,27
258898,30
258899,2
258900,4
258901,24
258902,4
258903,28
258904,16
258905,34
258906,8
258907,9
258908,9
258909,4
258910,24
258911,27
258912,26
258913,26
258914,24
258915,24
258917,23
258918,24
258919,24
258920,10
258921,16
258922,16
258923,30
258924,16
258925,24
258926,8
258927,10
258928,5
258929,16
258930,16
258931,24
258932,13
258933,10
258934,24
258935,4
258936,31
258937,16
258938,24
258939,34
258940,30
258941,16
258942,2
258943,7
258944,26
258945,9
258946,4
258947,16
258948,24
258949,2
258950,3
258951,28
258952,34
258953,24
258954,27
258955,9
258956,24
258957,24
258958,36
258959,28
258960,24
258961,25
258962,10
258963,13
258964,16
258965,16
258966,26
258967,30
258968,24
258969,3
258970,16
258971,16
258972,24
258973,16
258974,24
258975,26
258976,7
258977,16
258978,24
258979,36
258980,16
258981,28
258982,16
258983,16
258984,28
258985,24
258986,28
258987,24
258988,30
258989,4
258990,28
258991,28
258992,16
258993,30
258994,34
258995,16
258996,13
258998,24
258999,2
259000,37
259001,5
259002,24
259003,16
259004,5
259005,16
259006,16
259007,28
259008,28
259009,9
259010,30
259011,26
259012,16
259013,28
259014,16
259015,5
259016,24
259017,30
259018,34
259019,16
259020,36
259021,16
259022,24
259024,4
259025,2
259026,24
259027,30
259028,10
259029,16
259030,24
259031,24
259032,16
259033,26
259034,16
259035,30
259036,24
259037,23
259038,16
259039,16
259040,27
259041,16
259042,19
259043,30
259044,24
259045,24
259339,5
259450,16
259468,16
259486,27
259551,28
259557,13
259598,16
259620,24
259625,37
259627,16
259629,16
259631,28
259632,28
259633,28
259634,16
259635,10
259636,28
259637,8
259638,9
259639,28
259640,16
259641,24
259642,16
259643,16
259644,16
259645,30
259646,36
259647,30
259648,24
259649,36
259650,25
259651,2
259652,6
259653,2
259654,34
259655,30
259656,39
259657,24
259658,37
259659,16
259660,13
259661,24
259662,19
259663,30
259664,16
259665,16
259666,27
259667,14
259668,37
259669,9
259670,30
259671,30
259672,19
259673,4
259675,16
259676,16
259677,28
259678,4
259679,30
259680,28
259681,4
259682,36
259683,16
259684,16
259685,28
259686,20
259687,16
259688,34
259689,16
259690,16
259691,16
259692,16
259694,24
259695,34
259696,34
259697,8
259698,16
259699,30
259700,25
259701,36
259702,16
259703,2
259704,24
259705,27
259706,16
259707,24
259708,30
259709,24
259710,30
259711,16
259712,13
259713,31
259714,19
259715,16
259716,30
259717,16
259718,24
259719,26
259720,24
259721,30
259722,30
259723,27
259724,30
259725,16
259726,30
259727,16
259728,27
259729,30
259730,23
259731,26
259735,30
259738,16
259746,16
259751,16
259761,9
259767,30
259770,16
259779,30
259780,26
259785,24
259788,16
259797,16
259817,30
259821,30
259826,24
259827,34
259828,36
259851,30
259857,16
259866,5
259873,16
259889,8
259952,16
259958,10
259975,24
259983,15
259985,16
259986,24
259987,5
259988,16
259989,25
259990,25
259991,30
259992,25
259993,16
259994,26
259995,31
259996,5
259997,37
259998,31
260000,28
260001,28
260002,4
260004,0
260005,16
260006,16
260007,30
260008,28
260009,10
260010,16
260011,16
260012,16
260013,16
260014,34
260015,16
260016,24
260017,2
260018,22
260019,30
260020,28
260021,22
260022,16
260023,26
260024,16
260025,24
260026,16
260027,28
260028,16
260029,16
260030,2
260031,30
260032,30
260033,30
260034,24
260035,28
260036,16
260037,30
260038,24
260039,13
260040,30
260041,16
260042,16
260043,30
260044,27
260045,16
260046,16
260047,16
260048,23
260049,16
260050,9
260051,30
260052,27
260053,4
260054,30
260055,30
260056,16
260057,4
260058,24
260059,24
260060,16
260061,30
260062,34
260063,24
260064,19
260065,16
260066,9
260067,26
260068,38
260069,16
260070,13
260071,5
260072,24
260073,9
260074,24
260075,30
260076,2
260077,16
260078,16
260079,4
260080,26
260081,24
260082,24
260083,13
260084,34
260085,16
260086,28
260087,16
260088,24
260089,30
260090,30
260091,16
260092,16
260093,34
260094,27
260095,1
260096,5
260097,16
260099,9
260100,3
260101,19
260102,24
260103,24
260104,23
260105,4
260106,30
260107,16
260108,30
260109,16
260110,37
260111,16
260112,16
260113,16
260114,24
260115,30
260116,30
260117,24
260118,27
260120,24
260121,26
260122,16
260123,30
260124,28
260125,28
260126,16
260127,28
260128,16
260129,16
260130,2
260131,16
260132,16
260133,16
260134,34
260135,2
260136,13
260137,34
260138,37
260139,28
260140,28
260141,8
260142,24
260143,16
260144,16
260145,16
260146,24
260147,24
260148,4
260149,24
260150,24
260151,32
260152,5
260153,28
260154,26
260155,4
260156,16
260157,28
260158,20
260159,36
260160,24
260161,5
260162,16
260163,16
260164,16
260165,10
260166,28
260167,16
260168,24
260169,24
260170,24
260171,24
260172,16
260173,24
260174,16
260175,16
260176,19
260177,4
260178,4
260179,16
260180,16
260181,16
260418,16
260517,27
260661,5
260670,10
260679,16
260704,19
260714,27
260720,28
260728,13
260730,16
260731,34
260732,19
260733,23
260734,24
260735,24
260736,28
260737,27
260738,19
260739,13
260740,24
260741,20
260742,5
260743,3
260744,24
260745,2
260746,39
260747,10
260748,24
260749,36
260751,4
260752,4
260753,4
260754,9
260755,24
260756,30
260757,30
260758,19
260759,16
260760,16
260761,16
260762,16
260763,16
260764,31
260765,16
260766,16
260767,5
260768,25
260769,31
260770,28
260771,28
260772,28
260773,24
260774,4
260775,31
260776,30
260777,16
260778,16
260779,26
260780,34
260781,34
260782,16
260783,2
260784,10
260785,34
260786,34
260787,26
260788,2
260789,24
260790,4
260791,13
260792,16
260793,1
260794,16
260795,24
260796,24
260797,16
260798,10
260799,16
260800,27
260801,16
260802,5
260803,9
260804,2
260805,27
260806,24
260807,16
260808,5
260810,16
260811,24
260812,30
260813,24
260814,24
260815,16
260816,28
260817,24
260818,24
260819,16
260820,24
260821,34
260822,30
260823,16
260824,24
260825,16
260826,16
260827,19
260828,23
260829,24
260843,16
260872,30
260877,16
260886,27
260903,27
260916,4
260930,36
260931,36
260943,31
260954,28
260975,16
260978,30
260981,16
261004,27
261021,26
261044,30
261064,16
261071,24
261073,16
261074,6
261075,24
261076,8
261078,5
261081,28
261082,25
261083,24
261084,9
261085,24
261086,8
261087,8
261088,34
261089,10
261090,24
261091,31
261092,30
261094,27
261095,10
261097,10
261098,19
261099,16
261100,16
261101,16
261102,23
261103,16
261104,24
261105,16
261106,16
261107,16
261108,5
261109,9
261110,10
261111,16
261112,8
261113,34
261114,19
261115,23
261116,24
261117,24
261118,5
261119,16
261120,16
261121,19
261122,26
261123,30
261124,27
261125,24
261126,30
261127,26
261128,24
261129,4
261130,2
261131,10
261132,14
261133,24
261134,24
261135,24
261136,16
261137,16
261138,30
261139,24
261140,36
261141,16
261142,34
261143,2
261144,30
261145,16
261146,16
261147,30
261148,16
261149,16
261150,4
261151,5
261152,24
261153,9
261154,30
261155,24
261156,34
261157,24
261158,30
261159,5
261160,24
261161,30
261162,24
261164,8
261165,30
261166,16
261167,4
261168,4
261169,24
261170,24
261171,16
261172,24
261173,33
261174,30
261175,30
261176,2
261177,34
261178,3
261179,34
261180,28
261181,5
261182,30
261183,24
261184,24
261185,10
261186,24
261187,28
261188,26
261189,30
261190,30
261191,27
261192,24
261193,19
261194,28
261195,24
261196,31
261197,24
261198,24
261199,10
261200,16
261201,4
261202,4
261203,16
261204,28
261205,16
261206,2
261207,16
261208,16
261209,20
261210,16
261211,24
261212,31
261213,28
261214,30
261215,5
261216,16
261217,30
261218,16
261219,24
261220,30
261221,16
261222,16
261223,16
261224,30
261225,3
261226,7
261227,16
261228,24
261229,13
261230,30
261231,10
261232,5
261233,10
261234,16
261235,16
261236,23
261237,9
261238,16
261239,4
261240,10
261241,23
261242,16
261243,16
261244,30
261245,16
261246,10
261247,24
261248,34
261249,16
261250,24
261251,16
261252,27
261253,4
261254,24
261255,28
261256,24
261257,24
261258,24
261259,26
261260,30
261261,4
261262,27
261263,16
261264,16
261265,24
261266,4
261267,27
261268,24
261269,30
261270,26
261271,28
261272,27
261273,24
261274,27
261275,8
261276,30
261277,27
261278,30
261279,16
261280,5
261633,16
261715,34
261719,30
261750,2
261766,13
261772,25
261773,16
261775,26
261792,31
261795,30
261804,19
261807,16
261809,28
261814,24
261831,5
261849,4
261850,10
261851,24
261853,16
261854,10
261857,4
261858,28
261859,28
261860,30
261861,16
261862,26
261864,4
261865,16
261866,16
261867,4
261869,24
261871,16
261872,30
261873,28
261874,28
261875,24
261876,16
261877,1
261878,24
261879,19
261880,4
261881,24
261882,16
261883,5
261884,38
261885,25
261886,16
261887,4
261888,28
261889,5
261890,16
261891,5
261892,16
261893,14
261895,9
261896,28
261897,16
261898,16
261899,24
261900,24
261901,16
261902,4
261903,16
261904,27
261905,16
261906,30
261907,30
261908,24
261909,16
261910,16
261911,16
261912,16
261913,24
261914,30
261915,2
261916,4
261917,36
261918,10
261919,24
261920,24
261921,24
261922,16
261923,31
261924,24
261925,28
261927,10
261928,16
261929,16
261930,28
261931,24
261932,16
261933,36
261934,31
261935,28
261936,30
261937,37
261938,16
261939,16
261940,36
261941,34
261942,10
261943,4
261944,30
261945,26
261946,24
261947,30
261948,24
261949,24
261950,30
261959,24
261963,28
261967,30
261977,13
261981,27
261990,30
261998,16
262025,34
262032,28
262037,28
262039,30
262052,16
262057,24
262061,8
262067,10
262072,30
262078,26
262092,34
262104,24
262111,30
262123,26
262130,26
262135,26
262170,24
262177,16
262185,30
262194,16
262198,16
262209,24
262210,24
262212,24
262213,6
262214,24
262215,31
262216,24
262217,16
262218,31
262219,3
262220,3
262221,24
262222,37
262223,20
262224,3
262225,16
262226,24
262227,16
262228,16
262229,36
262230,24
262231,4
262232,25
262233,36
262237,4
262238,24
262239,24
262240,24
262242,24
262243,16
262244,37
262245,16
262246,5
262247,16
262248,16
262249,28
262250,26
262251,10
262252,24
262253,27
262254,16
262255,24
262256,2
262257,3
262258,9
262259,16
262260,30
262261,36
262262,16
262263,30
262265,31
262266,27
262267,24
262268,4
262269,26
262270,30
262271,24
262272,16
262273,30
262274,16
262275,38
262276,27
262277,10
262278,4
262279,16
262280,24
262281,16
262282,16
262283,16
262284,2
262285,16
262286,13
262287,30
262288,16
262289,24
262290,24
262291,30
262292,31
262293,28
262294,24
262295,27
262296,27
262297,38
262298,24
262299,28
262300,8
262301,27
262302,28
262303,37
262304,30
262305,30
262306,16
262307,16
262308,30
262309,39
262310,10
262311,30
262312,24
262313,37
262314,8
262315,25
262316,24
262317,30
262318,24
262319,3
262320,30
262321,10
262322,31
262323,28
262324,30
262325,2
262326,30
262327,16
262328,2
262329,25
262330,24
262331,24
262332,4
262333,5
262334,39
262335,24
262336,22
262337,30
262338,24
262339,16
262340,16
262341,16
262342,28
262343,30
262344,24
262345,30
262346,16
262347,16
262348,3
262349,24
262350,24
262351,25
262352,30
262353,24
262354,16
262355,30
262356,24
262357,30
262358,33
262359,34
262360,24
262361,30
262362,24
262363,10
262364,8
262366,8
262367,4
262368,10
262369,16
262370,28
262371,16
262372,24
262373,16
262374,5
262375,16
262376,16
262377,4
262378,16
262379,30
262380,16
262381,27
262382,24
262383,28
262384,4
262385,16
262386,16
262387,16
262388,16
262389,4
262390,30
262392,4
262393,13
262394,28
262395,24
262396,24
262397,13
262398,19
262399,24
262400,30
262401,5
262402,5
262403,16
262404,19
262405,16
262406,24
262407,24
262408,5
262409,24
262410,24
262411,24
262412,1
262413,16
262414,16
262415,16
262416,37
262418,16
262419,28
262420,4
262421,2
262422,30
262423,24
262424,16
262425,24
262426,30
262427,24
262428,30
262429,5
262865,16
262869,16
262873,16
262925,16
262942,9
262963,23
262966,28
262972,16
262995,24
262996,24
263000,34
263001,31
263002,16
263003,16
263004,24
263005,28
263006,16
263007,10
263008,2
263010,10
263011,28
263012,4
263013,26
263014,31
263015,24
263016,8
263017,5
263018,30
263019,24
263020,16
263021,24
263022,28
263023,24
263024,4
263025,5
263026,16
263027,34
263028,4
263029,30
263030,24
263031,27
263033,19
263034,4
263035,16
263036,16
263037,24
263038,16
263039,16
263040,5
263041,34
263042,36
263043,36
263044,26
263045,30
263046,24
263047,16
263048,24
263049,16
263050,16
263051,24
263052,4
263053,5
263054,30
263055,16
263056,24
263057,30
263058,16
263059,4
263060,23
263061,34
263062,16
263063,4
263064,28
263065,30
263066,24
263067,26
263068,16
263069,30
263070,36
263071,10
263072,16
263073,2
263074,13
263075,23
263076,16
263077,16
263078,24
263079,36
263080,24
263081,16
263082,4
263083,5
263084,16
263085,24
263086,5
263087,24
263088,24
263089,28
263090,24
263091,16
263092,24
263093,31
263094,24
263111,28
263129,16
263130,19
263140,2
263143,4
263149,28
263154,28
263181,24
263183,25
263194,24
263195,24
263197,13
263217,8
263221,24
263234,24
263237,25
263241,16
263243,24
263261,19
263263,30
263298,30
263309,24
263310,30
263319,16
263331,24
263332,30
263333,16
263334,24
263335,10
263336,5
263337,10
263339,30
263341,24
263342,30
263343,24
263345,27
263346,8
263347,36
263348,24
263349,13
263350,16
263351,24
263352,27
263353,24
263354,24
263355,37
263356,28
263357,27
263358,28
263359,16
263360,30
263361,16
263362,10
263363,25
263364,10
263365,30
263366,16
263367,24
263368,24
263369,24
263370,16
263371,24
263372,10
263373,4
263374,5
263375,24
263376,16
263377,27
263378,24
263379,24
263380,31
263381,16
263382,16
263383,4
263384,36
263385,27
263386,16
263387,24
263388,24
263389,24
263390,24
263391,24
263392,30
263393,16
263394,36
263395,34
263396,30
263397,24
263398,10
263399,24
263400,27
263401,30
263402,16
263403,24
263404,24
263405,24
263406,30
263407,30
263408,16
263409,27
263410,16
263411,30
263412,5
263413,24
263414,30
263415,24
263416,24
263417,24
263418,4
263419,24
263420,10
263421,24
263422,34
263423,34
263424,16
263425,10
263426,16
263427,10
263428,9
263429,16
263430,16
263431,5
263432,24
263433,5
263434,24
263435,8
263436,16
263437,16
263438,16
263439,24
263440,16
263441,34
263442,10
263443,5
263444,13
263445,16
263446,16
263447,13
263449,24
263450,13
263451,4
263452,16
263453,3
263454,28
263455,24
263456,0
263457,2
263458,24
263459,16
263460,16
263461,16
263462,28
263463,27
263464,27
263465,24
263466,24
263467,30
263468,4
263469,34
263470,28
263471,24
263472,16
263473,24
263474,30
263475,24
263476,16
263477,23
263478,16
263479,16
263480,24
263481,24
263482,16
263483,24
263484,10
263485,24
263486,24
263487,16
263488,19
263489,34
263490,9
263491,16
263492,28
263493,19
263494,16
263495,24
263496,37
263497,28
263498,24
263499,24
263500,30
263501,24
263502,24
263503,24
263504,24
263505,4
263506,27
263507,28
263508,30
263509,27
263510,16
263511,24
263512,24
263513,30
263514,16
263515,16
263516,25
263517,30
263518,27
263519,24
263945,28
263961,27
263981,30
264012,16
264031,16
264045,24
264076,22
264107,13
264108,28
264109,16
264110,16
264111,4
264112,16
264113,8
264114,2
264115,16
264116,2
264117,16
264118,24
264119,19
264120,27
264121,16
264122,39
264125,14
264126,28
264128,16
264129,28
264130,24
264131,16
264132,24
264133,24
264134,30
264135,16
264136,24
264137,30
264138,24
264139,28
264140,16
264141,16
264142,16
264143,16
264144,28
264145,34
264146,26
264147,16
264149,3
264150,30
264151,16
264152,27
264153,24
264154,5
264155,10
264156,24
264157,19
264158,24
264159,2
264160,28
264161,8
264162,27
264163,16
264164,24
264165,24
264166,30
264167,30
264168,30
264169,24
264170,27
264171,30
264172,25
264173,24
264174,16
264175,9
264176,8
264177,24
264178,16
264179,6
264180,28
264181,24
264182,37
264183,16
264184,27
264185,36
264186,16
264187,24
264188,16
264189,13
264190,34
264191,2
264192,37
264193,2
264194,30
264195,16
264196,16
264197,24
264198,16
264199,24
264200,22
264201,24
264202,30
264203,10
264204,24
264205,16
264206,24
264207,19
264208,24
264209,30
264210,24
264225,16
264232,30
264241,24
264260,30
264278,26
264285,16
264291,24
264298,30
264299,30
264307,16
264337,24
264339,30
264343,24
264346,31
264353,25
264361,30
264378,30
264385,4
264389,27
264391,34
264394,24
264409,26
264416,26
264418,24
264431,36
264437,1
264453,24
264458,30
264459,30
264467,36
264471,27
264472,26
264473,16
264474,30
264475,16
264476,37
264477,19
264478,24
264479,30
264480,5
264481,16
264482,16
264483,24
264484,24
264485,39
264486,5
264487,16
264488,24
264489,24
264490,24
264492,24
264493,28
264495,23
264496,16
264498,10
264500,24
264501,16
264502,22
264503,24
264504,16
264505,10
264506,26
264507,31
264508,36
264509,27
264510,24
264511,16
264512,23
264513,30
264514,4
264515,4
264516,24
264517,19
264518,2
264519,16
264520,16
264521,30
264522,23
264523,24
264524,16
264525,30
264526,26
264527,25
264528,30
264529,5
264530,34
264531,24
264532,9
264533,30
264534,27
264535,30
264536,30
264537,24
264538,23
264539,9
264540,27
264541,5
264542,16
264543,28
264544,30
264545,25
264546,16
264547,16
264548,24
264549,30
264550,24
264551,27
264552,27
264553,37
264554,24
264555,24
264556,30
264557,16
264558,16
264559,30
264560,24
264561,4
264562,24
264563,16
264564,16
264565,30
264566,16
264567,16
264568,2
264569,30
264570,24
264571,16
264572,16
264573,31
264574,28
264575,8
264576,30
264577,30
264578,4
264579,5
264580,30
264581,28
264582,4
264583,8
264584,16
264585,24
264586,24
264587,34
264588,2
264589,16
264590,13
264591,28
264592,30
264593,16
264594,34
264595,28
264596,37
264597,16
264598,16
264599,16
264600,16
264601,30
264602,28
264603,30
264604,30
264605,30
264606,16
264607,4
264608,24
264609,10
264610,30
264611,4
264612,16
264613,30
264614,24
264615,16
264616,16
264618,4
264619,4
264620,28
264621,38
264622,5
264623,22
264624,3
264625,16
264626,26
264627,24
264628,16
264629,28
264630,13
264631,24
264632,26
264633,31
264634,13
264635,24
264636,24
264637,28
264638,6
264639,24
264640,16
264641,16
264642,24
264643,27
264644,28
264645,4
264646,34
264647,26
264648,24
264649,24
264650,24
264651,9
264652,28
264653,4
264654,24
264655,16
264656,24
264657,24
264659,16
264660,10
264661,13
264662,16
264663,36
264664,4
264665,4
264666,16
264667,16
264668,24
264669,34
264670,16
264671,24
264672,30
264673,24
264674,26
264675,30
264676,16
264677,28
264679,34
264680,24
264681,24
264682,16
264684,30
264685,16
264686,4
265031,18
265080,4
265085,2
265108,16
265163,16
265175,13
265207,16
265211,4
265216,24
265232,26
265245,28
265259,5
265264,16
265288,25
265291,5
265292,16
265293,10
265295,4
265296,28
265297,24
265298,5
265299,28
265300,16
265301,5
265302,10
265303,19
265304,31
265305,16
265306,27
265307,27
265308,2
265309,16
265310,24
265311,16
265312,24
265313,28
265314,34
265315,23
265316,24
265317,16
265318,16
265319,33
265320,16
265321,31
265322,9
265323,19
265324,16
265325,16
265326,3
265327,5
265328,16
265329,30
265330,4
265331,27
265332,2
265333,34
265334,23
265335,8
265336,28
265337,8
265338,24
265339,24
265340,34
265342,24
265343,16
265344,5
265345,23
265346,26
265348,24
265349,24
265350,28
265351,27
265352,16
265354,30
265355,31
265356,19
265357,24
265358,16
265359,10
265360,19
265361,30
265362,24
265363,24
265364,24
265365,16
265366,10
265367,9
265368,16
265369,16
265370,16
265371,16
265372,8
265373,4
265374,16
265375,16
265376,30
265377,16
265378,28
265379,10
265380,24
265381,24
265382,26
265383,28
265384,24
265385,24
265386,24
265387,30
265388,24
265389,24
265390,16
265422,33
265427,8
265432,34
265437,25
265442,30
265455,24
265468,34
265469,31
265480,24
265490,27
265499,31
265503,4
265505,25
265511,10
265515,16
265526,24
265546,30
265554,24
265566,16
265570,16
265580,16
265590,24
265601,16
265620,27
265622,28
265640,28
265642,30
265645,27
265656,10
265658,8
265659,16
265660,5
265661,24
265663,16
265664,2
265665,28
265666,30
265667,16
265668,24
265669,28
265670,16
265671,28
265672,10
265673,16
265674,16
265676,28
265677,16
265678,8
265679,20
265680,24
265681,16
265682,24
265683,16
265684,24
265685,4
265686,24
265687,24
265688,18
265689,28
265690,27
265691,16
265692,24
265693,4
265694,16
265695,28
265696,9
265697,24
265698,30
265699,23
265700,30
265701,5
265702,16
265703,37
265704,4
265705,2
265706,16
265707,25
265708,26
265709,16
265710,10
265711,10
265712,30
265713,16
265714,24
265715,2
265716,34
265717,28
265718,13
265719,27
265720,26
265721,10
265722,16
265723,16
265724,24
265725,2
265726,24
265727,23
265728,30
265729,30
265730,16
265731,30
265732,16
265733,30
265734,34
265735,32
265736,2
265737,30
265738,27
265739,30
265740,6
265741,8
265742,31
265743,27
265744,16
265746,16
265747,16
265748,16
265749,26
265750,16
265751,4
265752,16
265753,24
265755,28
265756,24
265757,24
265758,24
265759,24
265760,28
265761,16
265762,4
265763,30
265764,24
265765,10
265766,24
265767,4
265768,16
265769,10
265770,16
265771,34
265772,34
265773,16
265774,24
265775,16
265776,31
265777,10
265778,16
265779,4
265780,16
265781,28
265782,16
265783,24
265784,30
265785,26
265786,10
265787,19
265788,0
265789,4
265790,26
265791,4
265792,10
265793,24
265794,16
265795,10
265796,31
265797,16
265798,8
265799,26
265800,10
265801,24
265803,16
265804,24
265805,16
265806,24
265807,26
265808,16
265809,27
265810,10
265812,26
265813,27
265814,10
265815,16
265816,24
265817,10
265818,2
265819,32
265820,24
265821,25
265822,24
265823,19
265824,31
265825,24
265827,4
265828,34
265829,24
265830,28
265831,24
265832,24
265833,18
265834,23
265835,4
265836,4
265837,24
265838,30
265839,16
265840,24
265841,10
265842,24
265843,16
265844,24
265845,10
265846,16
265847,27
265848,30
265849,34
265851,10
265852,16
266176,20
266234,24
266235,16
266282,24
266285,3
266344,16
266348,28
266352,16
266392,37
266394,16
266399,24
266400,16
266425,5
266438,8
266458,34
266459,26
266462,18
266463,24
266464,34
266465,16
266466,24
266467,24
266468,36
266469,30
266470,34
266471,4
266472,37
266473,15
266474,28
266475,16
266476,16
266477,16
266478,28
266479,25
266480,16
266481,24
266482,36
266483,16
266484,28
266485,16
266486,20
266487,16
266488,2
266489,16
266490,28
266492,24
266493,30
266494,28
266495,16
266496,28
266497,16
266498,28
266499,34
266500,27
266501,37
266502,5
266503,24
266504,10
266505,19
266506,24
266507,24
266508,16
266509,25
266510,4
266511,16
266512,24
266513,28
266514,30
266515,37
266516,24
266517,16
266518,16
266519,8
266520,16
266521,16
266522,9
266523,24
266524,16
266525,16
266526,30
266527,16
266528,6
266529,16
266530,16
266531,27
266532,5
266533,9
266534,27
266535,24
266536,24
266537,10
266538,2
266539,28
266540,30
266541,16
266542,4
266543,24
266544,23
266545,16
266546,10
266547,16
266548,16
266549,6
266550,16
266551,30
266552,5
266553,24
266554,24
266555,5
266556,24
266557,24
266558,30
266559,30
266560,16
266561,24
266562,28
266563,24
266564,26
266565,24
266566,30
266567,13
266568,24
266569,10
266570,24
266571,16
266572,24
266573,16
266574,2
266575,28
266576,30
266587,16
266608,16
266609,10
266610,24
266611,30
266615,24
266621,8
266629,24
266643,34
266650,16
266656,28
266664,20
266688,24
266695,30
266696,19
266737,24
266747,28
266757,24
266761,9
266764,24
266772,4
266806,7
266810,26
266814,10
266816,30
266822,4
266824,16
266835,24
266843,36
266846,31
266847,16
266848,30
266850,16
266851,28
266852,16
266853,16
266854,28
266855,22
266856,39
266857,28
266858,30
266860,4
266861,13
266862,23
266863,28
266864,16
266865,24
266866,8
266867,5
266869,24
266870,4
266871,16
266872,16
266873,16
266874,16
266875,16
266876,5
266877,27
266878,16
266879,16
266880,27
266881,2
266882,16
266883,30
266884,27
266885,16
266886,39
266887,24
266888,16
266889,24
266890,28
266891,27
266892,36
266893,30
266894,16
266895,26
266896,24
266897,28
266898,10
266899,24
266900,30
266901,30
266902,27
266903,13
266904,16
266905,19
266906,24
266907,30
266908,24
266909,16
266910,34
266911,5
266912,34
266913,30
266914,34
266915,16
266916,30
266917,33
266918,30
266919,27
266920,30
266921,24
266922,2
266923,31
266924,31
266925,24
266926,16
266927,34
266928,34
266929,16
266930,16
266931,24
266932,25
266933,10
266934,7
266935,10
266936,16
266937,14
266938,28
266939,24
266940,24
266941,37
266942,24
266943,30
266944,30
266945,36
266946,16
266947,9
266948,5
266949,4
266950,32
266951,5
266952,24
266953,30
266954,30
266956,30
266957,16
266959,24
266960,24
266961,16
266962,24
266963,24
266964,20
266965,24
266966,10
266967,28
266968,16
266969,4
266970,23
266971,24
266972,2
266973,30
266974,39
266975,16
266976,23
266977,16
266978,24
266979,16
266980,16
266981,16
266982,4
266983,16
266984,30
266985,30
266986,16
266987,16
266988,19
266989,24
266990,10
266991,16
266992,16
266993,22
266994,30
266995,24
266996,37
266997,5
266998,24
266999,34
267000,16
267001,24
267002,24
267003,27
267004,24
267005,24
267006,23
267007,16
267008,16
267009,8
267010,10
267011,37
267012,24
267013,24
267014,16
267015,26
267016,24
267017,16
267018,30
267019,30
267020,10
267021,28
267121,26
267289,10
267344,11
267359,28
267379,18
267487,16
267509,16
267522,16
267554,30
267608,26
267626,24
267627,10
267633,4
267639,16
267647,16
267648,2
267649,27
267650,28
267653,19
267655,24
267656,28
267657,27
267658,8
267659,24
267660,28
267661,4
267662,24
267663,19
267664,28
267666,34
267667,24
267668,16
267669,10
267670,10
267671,16
267673,28
267674,16
267675,24
267676,19
267678,13
267679,19
267680,16
267681,24
267682,26
267683,10
267684,16
267685,19
267686,2
267687,30
267688,30
267689,10
267690,31
267691,16
267692,16
267693,23
267694,24
267695,30
267696,16
267697,16
267698,28
267699,26
267700,27
267701,30
267702,16
267703,28
267704,37
267705,26
267706,16
267707,16
267708,24
267709,9
267710,24
267711,36
267712,24
267713,36
267714,16
267715,24
267716,16
267717,5
267718,28
267719,24
267720,10
267721,6
267722,4
267723,16
267724,16
267725,30
267726,36
267727,30
267728,16
267729,24
267730,36
267731,24
267732,24
267734,24
267735,24
267736,8
267737,24
267738,7
267739,19
267740,30
267741,24
267756,30
267759,24
267766,28
267767,34
267807,16
267809,34
267812,5
267818,30
267829,31
267842,26
267847,30
267851,28
267864,30
267873,28
267882,20
267901,36
267923,3
267937,30
267948,16
267950,31
267959,15
267976,24
267978,10
267998,27
268004,16
268005,30
268006,36
268007,30
268008,24
268009,24
268010,31
268011,8
268012,28
268013,26
268014,24
268015,24
268016,14
268017,9
268018,27
268020,27
268021,24
268024,22
268025,36
268026,16
268027,10
268028,34
268029,28
268030,13
268031,10
268032,24
268033,36
268034,24
268035,4
268036,24
268037,8
268038,28
268039,4
268040,16
268041,4
268042,16
268043,8
268044,16
268045,28
268046,24
268047,34
268048,10
268049,31
268051,30
268052,26
268053,34
268054,23
268056,16
268057,20
268058,16
268059,10
268060,30
268061,24
268062,28
268063,31
268064,16
268065,24
268066,36
268067,24
268068,30
268069,27
268070,5
268071,16
268072,24
268073,30
268074,10
268075,16
268076,10
268077,16
268078,36
268079,24
268080,24
268081,30
268082,16
268083,16
268084,24
268085,16
268086,27
268087,24
268088,30
268089,10
268091,24
268092,33
268093,24
268094,16
268095,13
268096,30
268097,28
268098,24
268099,16
268100,28
268101,24
268102,24
268103,36
268104,24
268105,24
268106,24
268107,24
268108,9
268109,24
268110,27
268111,24
268112,24
268113,24
268114,10
268115,1
268116,28
268117,28
268118,16
268119,8
268120,34
268121,5
268122,4
268123,24
268124,34
268125,24
268126,16
268127,24
268128,24
268129,16
268130,27
268131,25
268132,24
268134,26
268135,36
268136,16
268137,30
268139,16
268140,20
268141,16
268142,28
268144,23
268146,24
268147,10
268148,8
268149,24
268150,4
268151,8
268152,34
268153,16
268154,8
268155,28
268156,16
268157,24
268158,16
268159,30
268160,16
268161,4
268162,6
268163,10
268164,16
268165,10
268166,27
268167,28
268168,28
268169,16
268170,27
268171,19
268172,15
268173,30
268174,5
268175,24
268176,28
268178,23
268179,24
268180,4
268181,28
268182,25
268183,16
268184,24
268185,13
268186,24
268187,24
268188,5
268189,34
268190,30
268191,24
268192,10
268193,16
268194,23
268195,16
268196,16
268197,24
268198,13
268199,36
268200,16
268201,28
268202,24
268203,16
268204,24
268205,19
268206,16
268207,30
268208,24
268209,16
268210,28
268211,27
268212,20
268213,24
268214,30
268215,24
268216,16
268217,30
268218,27
268219,30
268220,16
268221,24
268580,37
268647,2
268672,9
268692,18
268707,8
268710,31
268752,14
268763,16
268773,10
268797,16
268807,28
268814,16
268836,4
268851,22
268856,8
268860,24
268861,2
268862,24
268863,0
268864,34
268865,16
268866,28
268868,28
268869,28
268871,5
268872,24
268873,16
268874,28
268875,24
268876,24
268877,16
268878,30
268879,24
268880,24
268881,30
268882,36
268883,24
268884,38
268885,16
268886,16
268887,36
268888,16
268889,16
268890,24
268891,26
268892,16
268893,27
268894,4
268895,13
268896,2
268897,30
268898,24
268899,25
268900,27
268902,16
268903,34
268904,16
268905,24
268906,16
268907,26
268909,27
268910,16
268911,8
268912,16
268913,27
268914,16
268915,6
268916,16
268917,16
268918,20
268919,34
268920,10
268921,25
268922,24
268923,28
268924,16
268925,26
268927,24
268928,28
268929,24
268930,16
268931,24
268932,34
268933,10
268934,16
268935,28
268936,16
268937,30
268938,34
268939,34
268940,24
268941,16
268942,16
268943,24
268944,30
268945,28
268946,30
268947,30
268948,28
268949,30
268950,24
268951,16
268952,18
268953,23
268954,16
268955,24
268956,16
268957,30
268958,30
268959,24
268960,24
268961,31
268962,10
268963,30
268964,34
268965,2
268966,16
268968,5
268969,24
268970,30
268971,38
268972,10
268973,30
268974,16
268975,30
268976,8
268977,24
268979,15
268995,34
268997,16
269000,16
269006,16
269014,26
269031,24
269062,16
269104,19
269109,8
269112,31
269125,16
269147,16
269148,16
269179,4
269188,10
269202,31
269205,24
269221,24
269223,9
269238,24
269239,16
269243,24
269244,25
269245,22
269246,30
269247,27
269248,30
269249,28
269250,33
269251,34
269252,23
269253,31
269254,24
269255,22
269256,30
269258,2
269259,10
269260,16
269262,28
269263,30
269265,5
269266,16
269267,30
269268,30
269269,30
269271,16
269272,6
269273,31
269274,4
269276,16
269277,16
269278,28
269279,4
269280,26
269281,28
269282,18
269283,16
269284,20
269285,8
269286,24
269287,16
269289,26
269290,4
269291,28
269292,30
269293,31
269294,30
269295,8
269296,24
269297,28
269298,24
269299,5
269300,8
269301,16
269302,34
269303,24
269304,8
269305,16
269306,30
269307,16
269308,13
269309,24
269310,5
269311,24
269312,8
269313,24
269314,8
269315,24
269316,16
269317,5
269318,24
269319,28
269320,24
269321,16
269322,36
269323,10
269324,31
269325,16
269326,16
269327,30
269328,19
269329,37
269330,34
269331,34
269332,24
269333,10
269334,16
269335,9
269336,27
269337,16
269338,23
269339,4
269340,24
269341,23
269342,30
269343,26
269344,16
269345,24
269346,16
269347,30
269348,30
269349,16
269350,24
269351,23
269352,24
269353,16
269354,24
269355,16
269356,5
269357,24
269358,24
269359,16
269360,8
269361,10
269362,36
269363,28
269364,16
269365,10
269366,10
269367,28
269368,24
269369,36
269370,24
269371,24
269372,24
269373,24
269374,5
269375,34
269376,30
269377,24
269378,5
269379,6
269380,13
269381,34
269382,24
269383,37
269384,31
269385,28
269386,28
269387,24
269388,28
269389,34
269390,24
269391,28
269392,36
269393,28
269394,16
269395,16
269396,16
269397,16
269398,24
269399,16
269400,24
269401,16
269402,24
269403,5
269404,30
269405,24
269406,31
269407,28
269408,30
269409,16
269410,24
269411,28
269412,38
269413,4
269414,24
269415,30
269416,24
269417,24
269418,24
269419,10
269420,24
269421,9
269422,24
269423,16
269424,24
269425,16
269426,16
269427,36
269428,24
269429,16
269430,24
269431,16
269432,4
269433,16
269434,16
269435,24
269436,16
269437,16
269438,23
269440,16
269441,27
269442,4
269888,4
269919,5
269944,16
269951,24
269994,30
269995,34
269996,16
269997,34
269998,31
269999,34
270000,10
270001,24
270004,27
270005,24
270006,16
270008,34
270009,24
270010,16
270011,23
270012,31
270013,16
270014,16
270016,34
270017,16
270018,16
270019,8
270020,4
270021,24
270022,24
270023,10
270024,11
270025,16
270027,16
270028,24
270029,24
270030,10
270031,25
270032,16
270033,24
270034,38
270035,5
270036,27
270037,27
270038,5
270039,27
270040,16
270041,24
270042,16
270043,25
270044,23
270045,24
270046,24
270047,27
270048,16
270049,16
270050,33
270051,16
270052,4
270053,16
270054,16
270055,24
270056,10
270057,27
270058,24
270059,28
270060,36
270061,16
270062,31
270063,8
270064,2
270065,10
270066,24
270067,16
270068,8
270069,4
270070,31
270071,5
270072,23
270073,24
270074,0
270075,24
270076,18
270077,37
270078,30
270079,24
270080,24
270081,13
270082,30
270083,16
270084,4
270085,24
270086,30
270087,16
270088,4
270089,5
270112,20
270120,16
270131,8
270132,16
270147,2
270149,30
270151,4
270166,24
270167,36
270195,26
270198,24
270206,16
270221,36
270226,30
270236,27
270237,19
270254,30
270256,24
270262,34
270264,30
270265,16
270293,8
270305,16
270307,26
270308,28
270317,16
270323,10
270334,16
270336,26
270337,24
270338,27
270339,16
270340,10
270343,24
270345,13
270347,10
270348,16
270349,10
270350,27
270351,28
270352,34
270353,30
270354,36
270355,8
270356,27
270357,16
270359,10
270362,30
270363,16
270364,16
270365,0
270366,28
270367,6
270368,23
270369,24
270370,24
270371,10
270372,24
270373,24
270374,28
270375,27
270376,16
270378,27
270379,5
270380,4
270381,16
270382,16
270383,30
270384,16
270385,16
270386,6
270387,30
270388,10
270389,34
270391,24
270392,30
270393,30
270394,30
270395,16
270396,5
270397,16
270398,16
270399,6
270400,30
270401,28
270402,23
270403,13
270404,27
270405,30
270406,16
270407,16
270408,13
270409,30
270410,16
270411,15
270412,36
270413,30
270414,30
270415,28
270416,24
270417,4
270418,24
270419,30
270420,5
270421,24
270422,30
270423,30
270424,25
270425,37
270426,30
270427,28
270428,25
270429,16
270430,9
270431,16
270432,5
270433,24
270434,26
270435,4
270436,30
270437,16
270438,16
270439,28
270440,28
270441,30
270442,6
270443,13
270444,4
270445,5
270446,25
270447,30
270448,30
270449,4
270450,4
270451,9
270452,24
270453,34
270454,24
270455,28
270456,20
270457,33
270458,16
270459,30
270460,16
270461,28
270462,16
270463,24
270464,5
270465,16
270466,24
270467,16
270468,3
270469,16
270470,16
270471,24
270472,34
270473,30
270474,24
270476,27
270477,16
270478,30
270479,16
270480,24
270481,22
270482,24
270483,24
270484,34
270485,28
270486,24
270487,24
270488,5
270489,34
270492,16
270493,26
270494,16
270495,20
270496,24
270497,24
270498,26
270499,30
270500,28
270501,10
270502,27
270503,4
270504,26
270505,30
270506,34
270507,24
270508,16
270509,34
270510,16
270511,24
270512,24
270513,36
270514,36
270515,27
270516,8
270517,16
270518,8
270519,25
270520,16
270521,27
270522,34
270523,34
270524,24
270525,24
270526,30
270527,16
270528,31
270529,30
270530,4
270531,30
270532,24
270533,24
270534,24
270535,30
270536,24
270537,16
270538,16
270920,16
270962,8
271043,23
271048,24
271059,28
271061,10
271073,16
271076,31
271079,10
271090,26
271107,8
271108,16
271109,4
271110,16
271111,5
271112,16
271113,30
271114,28
271115,4
271117,16
271118,4
271119,16
271120,23
271121,34
271122,24
271123,24
271124,10
271125,27
271126,8
271127,24
271128,30
271129,28
271130,16
271131,10
271132,16
271133,34
271134,31
271135,24
271136,22
271137,27
271138,24
271139,30
271140,16
271141,34
271143,28
271144,16
271145,24
271146,5
271147,16
271148,24
271149,4
271150,26
271151,16
271152,24
271153,23
271154,4
271155,16
271156,30
271157,36
271158,19
271159,37
271160,16
271161,4
271162,31
271163,24
271164,8
271165,16
271166,5
271167,28
271168,16
271169,16
271170,23
271171,24
271172,5
271173,24
271175,30
271176,24
271177,24
271178,34
271179,27
271180,24
271181,16
271182,27
271183,28
271184,34
271185,26
271186,16
271187,10
271188,10
271189,10
271190,28
271191,25
271193,24
271194,24
271196,4
271197,37
271198,16
271199,16
271200,24
271201,24
271202,27
271203,24
271204,16
271205,30
271206,19
271207,5
271208,36
271209,30
271210,26
271211,30
271212,16
271214,28
271219,16
271253,16
271255,4
271277,13
271278,16
271280,28
271288,4
271296,30
271312,16
271327,24
271334,30
271337,2
271360,10
271367,16
271370,28
271373,13
271381,24
271382,24
271384,24
271386,34
271399,23
271412,30
271426,16
271440,16
271459,6
271466,27
271467,10
271468,24
271469,31
271470,24
271471,34
271472,34
271473,16
271474,3
271475,23
271476,24
271477,4
271478,24
271479,4
271480,16
271481,26
271482,23
271484,13
271485,4
271486,27
271487,28
271488,2
271491,34
271492,5
271493,16
271494,24
271495,16
271496,28
271497,16
271498,16
271499,3
271500,24
271501,16
271502,30
271503,16
271504,16
271505,8
271506,24
271507,16
271508,28
271509,28
271510,24
271511,30
271512,24
271513,16
271514,24
271515,8
271516,28
271517,37
271518,24
271519,13
271520,4
271521,23
271522,28
271523,16
271524,8
271525,30
271526,26
271527,10
271528,30
271529,27
271530,27
271531,16
271532,24
271533,24
271534,27
271535,30
271536,13
271537,16
271538,30
271539,28
271540,28
271541,24
271542,34
271543,16
271544,16
271545,28
271546,9
271547,24
271548,30
271549,8
271550,16
271551,34
271552,16
271553,24
271554,16
271555,24
271556,24
271557,24
271558,30
271559,30
271560,4
271561,30
271562,30
271563,10
271564,16
271565,16
271566,24
271567,10
271568,30
271569,4
271570,30
271571,28
271572,10
271573,24
271574,24
271575,24
271576,28
271577,16
271578,22
271579,16
271580,30
271581,24
271582,10
271583,24
271584,26
271586,37
271587,16
271588,28
271589,36
271590,8
271591,16
271592,24
271593,8
271594,23
271595,34
271596,3
271597,8
271598,16
271599,8
271600,27
271601,27
271603,8
271604,3
271605,16
271606,25
271607,16
271608,13
271609,23
271610,30
271611,31
271612,27
271613,27
271614,30
271615,31
271616,24
271617,16
271618,4
271619,5
271620,24
271621,34
271622,28
271623,5
271624,24
271625,28
271626,24
271627,24
271628,24
271629,24
271630,24
271631,16
271632,27
271633,2
271634,19
271635,34
271636,27
271637,30
271638,24
271639,24
271640,27
271641,16
271642,30
271643,25
271644,16
271645,24
271646,16
271647,24
271648,34
271649,6
271650,16
271651,27
271652,28
271653,34
271654,10
271655,24
271656,10
271657,16
271658,16
271933,5
272051,16
272173,28
272186,16
272225,24
272230,34
272231,16
272233,16
272240,24
272243,26
272262,23
272263,16
272265,5
272266,28
272267,28
272268,16
272269,16
272270,28
272271,13
272273,16
272274,24
272275,24
272276,10
272277,16
272278,28
272279,16
272280,24
272281,30
272282,24
272283,24
272284,10
272285,24
272287,36
272288,24
272289,16
272290,16
272291,16
272292,27
272293,16
272294,27
272295,10
272296,23
272297,16
272298,0
272299,13
272300,30
272301,24
272302,31
272303,16
272304,26
272305,27
272306,28
272307,10
272308,16
272309,10
272310,4
272311,30
272312,34
272314,16
272315,24
272316,16
272317,5
272318,4
272319,27
272320,28
272321,34
272322,33
272323,2
272324,34
272325,4
272326,24
272327,5
272328,16
272329,16
272330,31
272331,34
272332,16
272333,10
272334,4
272335,24
272336,9
272337,10
272338,24
272339,5
272340,24
272341,24
272342,24
272344,30
272345,24
272347,24
272348,16
272349,34
272350,24
272351,16
272352,28
272353,16
272354,31
272355,24
272356,13
272358,26
272361,30
272363,24
272395,16
272406,24
272408,28
272415,10
272422,16
272436,24
272442,16
272455,19
272457,18
272460,24
272489,10
272501,16
272520,23
272576,26
272578,10
272582,24
272588,23
272589,24
272590,4
272591,3
272592,16
272593,16
272594,16
272595,26
272596,24
272597,30
272598,31
272599,24
272600,10
272601,13
272602,24
272603,24
272604,34
272605,14
272606,16
272607,3
272608,36
272609,24
272610,28
272611,6
272612,28
272613,22
272614,9
272615,8
272616,6
272617,30
272618,10
272619,33
272620,30
272621,16
272622,16
272623,5
272624,18
272625,16
272626,6
272627,24
272628,16
272629,34
272630,4
272631,4
272632,34
272633,24
272634,24
272635,26
272637,16
272638,24
272640,16
272641,37
272642,30
272643,30
272644,10
272645,27
272646,16
272647,28
272648,36
272649,24
272650,24
272651,36
272652,30
272653,34
272654,28
272655,30
272656,26
272657,16
272658,30
272659,16
272660,32
272661,16
272662,24
272663,24
272665,16
272666,10
272667,13
272668,30
272669,24
272670,19
272671,16
272672,30
272673,36
272675,24
272676,30
272677,16
272678,5
272679,10
272680,30
272681,20
272682,36
272683,6
272684,30
272685,23
272686,16
272687,16
272688,8
272689,16
272690,30
272692,24
272693,5
272694,30
272695,4
272696,24
272697,18
272698,30
272699,24
272700,24
272701,37
272702,24
272703,10
272704,16
272705,4
272706,24
272707,28
272708,9
272709,24
272710,36
272711,31
272712,24
272713,24
272714,9
272715,16
272716,24
272717,27
272718,16
272720,23
272721,16
272722,16
272723,16
272724,26
272725,24
272726,16
272727,24
272728,24
272729,28
272730,27
272731,13
272732,8
272733,16
272734,16
272735,16
272736,24
272737,26
272738,16
272739,16
272740,16
272741,16
272742,16
272743,5
272744,24
272745,16
272746,24
272747,30
272748,16
272749,16
272750,16
272751,26
272752,38
272753,24
272754,28
272755,36
272756,16
272757,10
272758,36
272759,30
272760,24
272761,16
272762,24
272763,24
272764,24
272765,13
272766,28
272767,16
272768,30
272769,24
272770,34
272771,24
272772,10
272773,37
272774,27
272775,24
272776,22
272777,28
272778,16
272779,28
272780,16
272781,27
272782,24
272783,26
272784,2
272785,3
272786,3
272787,16
272788,16
272789,16
272790,19
272791,9
272792,16
272793,16
272794,16
272795,27
273221,16
273270,19
273274,34
273301,22
273310,16
273324,16
273327,18
273363,16
273377,24
273388,24
273389,5
273390,27
273391,16
273392,16
273393,2
273394,5
273395,6
273396,15
273397,28
273398,26
273399,24
273400,16
273401,16
273402,31
273403,4
273404,10
273405,16
273406,16
273407,24
273408,36
273409,16
273410,30
273411,4
273412,16
273413,30
273414,28
273415,24
273416,27
273417,27
273418,16
273419,16
273420,24
273421,28
273422,24
273423,4
273424,24
273425,34
273426,0
273427,16
273428,8
273429,34
273430,19
273431,28
273432,24
273433,28
273434,10
273435,24
273436,27
273437,19
273438,19
273439,30
273440,16
273441,24
273442,16
273443,28
273444,23
273445,16
273446,3
273447,16
273448,19
273449,31
273450,16
273451,16
273452,16
273453,9
273454,25
273455,37
273456,24
273457,30
273458,16
273459,34
273460,30
273461,24
273462,28
273463,28
273464,8
273465,30
273466,28
273467,14
273469,30
273470,24
273471,16
273472,24
273473,4
273474,16
273475,27
273476,24
273477,16
273478,27
273480,24
273481,24
273482,16
273483,38
273484,28
273485,28
273486,24
273487,30
273488,16
273489,16
273490,24
273491,16
273492,27
273493,16
273508,24
273518,24
273531,30
273532,30
273538,4
273540,24
273574,24
273578,16
273585,24
273591,24
273623,13
273638,28
273664,27
273668,16
273671,24
273680,24
273688,23
273696,24
273710,24
273723,24
273730,30
273731,30
273734,16
273764,28
273765,9
273767,16
273768,4
273769,34
273770,10
273771,4
273772,36
273773,24
273774,16
273775,36
273776,16
273777,24
273779,37
273780,24
273781,31
273782,2
273783,24
273784,24
273785,8
273786,9
273787,5
273788,30
273789,24
273790,8
273791,4
273792,30
273793,28
273794,16
273795,34
273796,16
273797,31
273798,16
273799,27
273800,22
273801,23
273802,10
273803,28
273804,16
273805,3
273806,30
273807,39
273808,30
273809,5
273810,4
273811,16
273812,27
273813,16
273814,16
273815,10
273816,10
273817,16
273818,16
273819,19
273820,10
273821,16
273822,16
273823,16
273824,10
273825,27
273826,31
273827,24
273828,24
273829,16
273830,24
273832,30
273833,31
273834,4
273835,30
273836,23
273837,24
273838,8
273839,24
273840,8
273841,28
273842,39
273843,27
273844,10
273845,6
273846,28
273847,16
273848,24
273849,24
273850,27
273851,30
273852,16
273853,30
273854,34
273855,28
273856,30
273857,18
273858,34
273859,5
273860,5
273861,10
273862,27
273863,31
273864,9
273865,10
273866,24
273867,30
273868,30
273869,16
273870,25
273871,5
273872,16
273873,5
273874,34
273875,16
273876,16
273877,30
273878,36
273879,30
273880,30
273881,27
273882,24
273883,16
273884,7
273885,16
273887,5
273888,5
273889,16
273890,24
273891,16
273892,16
273893,19
273894,16
273895,28
273896,16
273897,9
273898,10
273899,28
273900,5
273901,26
273902,24
273903,37
273904,16
273905,24
273906,28
273907,30
273908,16
273909,30
273910,16
273911,34
273912,8
273913,24
273914,36
273915,13
273916,5
273917,24
273918,16
273919,24
273920,27
273921,8
273922,28
273923,30
273924,16
273925,24
273926,4
273927,24
273928,24
273929,34
273930,37
273931,2
273932,8
273933,19
273934,36
273935,34
273936,36
273937,24
273938,16
273939,24
273940,24
273941,16
273942,30
273943,24
273944,24
273945,4
273946,24
273947,16
273948,6
273949,34
273950,24
273951,16
273952,16
273953,16
273954,24
273955,16
274313,16
274388,26
274413,23
274419,30
274420,28
274430,16
274451,28
274452,24
274526,28
274544,26
274545,16
274547,31
274548,30
274551,28
274552,19
274553,24
274554,26
274555,16
274556,28
274557,13
274558,24
274559,24
274560,28
274561,31
274562,24
274563,28
274564,10
274565,24
274566,24
274567,27
274568,24
274569,16
274570,10
274571,2
274572,4
274573,13
274574,8
274575,24
274576,16
274577,23
274578,16
274579,10
274580,8
274581,16
274583,7
274584,16
274585,19
274586,16
274587,28
274588,4
274589,16
274590,28
274591,25
274592,30
274593,16
274594,30
274595,8
274597,25
274598,16
274599,16
274600,27
274601,23
274602,36
274603,16
274604,25
274605,25
274606,10
274607,30
274608,16
274611,5
274612,16
274613,37
274614,30
274615,24
274616,16
274618,16
274619,30
274620,16
274621,16
274622,34
274623,2
274624,24
274625,9
274626,0
274627,24
274628,39
274629,2
274630,16
274631,30
274632,16
274633,4
274634,34
274635,24
274638,4
274639,26
274640,5
274641,19
274642,15
274643,24
274644,8
274645,24
274646,24
274647,8
274648,30
274649,4
274650,4
274651,16
274652,16
274653,27
274655,24
274661,26
274667,4
274677,30
274703,28
274709,30
274716,16
274736,16
274737,16
274738,28
274743,24
274757,27
274759,4
274761,30
274779,10
274803,16
274845,24
274846,3
274847,24
274879,9
274885,24
274886,39
274888,4
274889,23
274890,24
274891,16
274892,16
274893,2
274894,4
274895,2
274896,16
274897,16
274898,8
274899,24
274900,4
274901,27
274902,24
274903,10
274904,34
274905,31
274906,26
274907,30
274908,24
274909,28
274910,16
274911,16
274912,10
274913,24
274914,27
274917,23
274918,30
274919,10
274920,30
274921,24
274922,28
274923,16
274924,16
274925,30
274926,28
274927,4
274928,30
274929,2
274930,30
274931,30
274932,6
274933,23
274934,10
274935,30
274936,16
274937,30
274938,16
274939,13
274940,24
274941,23
274942,24
274943,4
274944,30
274945,28
274946,27
274947,5
274948,30
274949,26
274950,3
274951,30
274952,16
274953,30
274954,30
274955,24
274956,10
274957,36
274958,16
274959,16
274960,6
274961,27
274962,24
274963,24
274964,16
274965,34
274966,27
274967,24
274968,16
274969,5
274970,16
274971,4
274972,27
274973,30
274974,16
274975,10
274976,27
274977,31
274978,24
274979,5
274980,24
274981,16
274982,27
274983,30
274984,30
274985,24
274986,25
274987,26
274988,20
274989,24
274990,28
274991,16
274992,16
274993,10
274994,16
274995,34
274996,27
274997,16
274998,4
274999,10
275000,24
275001,23
275002,8
275003,16
275004,34
275005,16
275006,5
275007,23
275008,24
275009,9
275010,24
275011,16
275012,30
275013,27
275014,30
275015,30
275016,16
275017,30
275018,34
275019,10
275020,16
275021,16
275022,24
275023,5
275024,16
275025,16
275026,16
275027,16
275028,24
275029,27
275030,24
275031,8
275032,16
275033,16
275035,24
275036,30
275037,30
275038,28
275039,16
275040,28
275041,24
275042,24
275043,8
275044,24
275045,30
275046,34
275047,16
275048,28
275049,30
275050,16
275051,28
275052,16
275053,8
275054,22
275055,13
275056,10
275057,10
275058,9
275059,37
275060,4
275061,24
275062,30
275063,24
275064,10
275065,16
275066,24
275067,28
275068,8
275069,24
275070,24
275071,10
275072,24
275073,26
275074,34
275075,30
275076,24
275077,16
275078,24
275079,37
275080,19
275081,16
275082,28
275083,24
275084,28
275085,24
275086,26
275087,24
275089,24
275090,5
275091,22
275092,10
275093,28
275094,16
275095,30
275096,10
275097,34
275098,24
275099,16
275100,24
275101,27
275405,28
275505,28
275560,5
275570,4
275625,22
275627,24
275630,10
275639,25
275642,5
275661,13
275662,8
275663,16
275664,34
275665,24
275666,24
275667,16
275668,16
275669,30
275670,13
275671,16
275672,30
275673,8
275674,16
275675,2
275676,28
275677,26
275678,24
275679,27
275680,11
275681,34
275682,28
275683,5
275684,16
275685,33
275686,19
275687,27
275688,24
275690,19
275691,27
275692,24
275693,27
275694,28
275695,24
275696,16
275697,30
275698,24
275699,16
275700,23
275701,30
275702,30
275703,38
275704,24
275705,30
275706,16
275707,24
275708,4
275709,16
275710,28
275711,10
275712,16
275713,27
275714,16
275715,30
275716,24
275717,30
275718,34
275719,16
275720,23
275721,30
275722,30
275723,4
275724,28
275725,30
275726,2
275727,10
275728,13
275729,37
275730,39
275731,16
275732,24
275733,24
275734,34
275735,34
275736,16
275737,24
275738,8
275739,10
275741,24
275742,19
275743,27
275744,16
275745,34
275746,16
275747,8
275748,24
275749,28
275750,24
275751,16
275752,5
275753,30
275754,24
275755,24
275756,31
275757,9
275758,30
275759,2
275761,5
275762,26
275763,16
275764,24
275774,5
275785,22
275797,28
275819,24
275821,9
275825,16
275833,16
275842,8
275851,23
275857,30
275868,30
275876,24
275879,4
275886,31
275892,10
275893,4
275894,30
275908,30
275930,30
275936,30
275938,3
275950,24
275952,34
275954,36
275961,16
275972,24
275977,28
275979,27
275994,24
276005,32
276009,30
276017,16
276025,10
276026,24
276027,16
276030,8
276031,27
276032,16
276033,30
276034,16
276035,16
276036,16
276037,30
276038,36
276039,16
276040,16
276042,16
276043,16
276045,16
276046,27
276047,24
276048,31
276049,27
276050,24
276051,28
276052,25
276053,36
276054,34
276055,2
276056,10
276057,9
276058,16
276059,16
276060,4
276061,28
276062,24
276063,27
276064,24
276065,28
276066,30
276067,36
276068,16
276069,28
276070,24
276071,24
276072,24
276073,20
276074,27
276075,16
276076,10
276077,14
276078,16
276079,24
276080,10
276081,16
276082,30
276083,30
276084,30
276085,24
276086,30
276087,16
276088,16
276089,24
276090,20
276091,24
276092,4
276093,30
276094,14
276096,28
276097,24
276098,30
276099,30
276100,10
276101,8
276102,16
276103,4
276104,16
276105,16
276106,24
276107,24
276108,24
276109,30
276110,16
276111,26
276112,10
276113,16
276114,10
276115,16
276116,16
276117,28
276118,19
276119,28
276120,16
276121,30
276122,24
276123,16
276124,16
276125,5
276126,24
276127,34
276129,26
276130,39
276131,24
276132,16
276133,24
276134,19
276135,5
276136,24
276137,16
276138,24
276139,16
276140,28
276141,30
276142,16
276143,30
276144,30
276145,13
276146,16
276147,24
276148,16
276149,24
276150,39
276151,16
276152,30
276153,24
276154,37
276155,24
276156,16
276157,30
276158,11
276159,30
276160,27
276161,24
276162,24
276163,16
276164,38
276165,16
276166,24
276167,16
276168,26
276169,16
276170,16
276171,4
276172,24
276173,27
276174,30
276175,10
276176,16
276177,34
276178,24
276179,16
276180,16
276181,24
276182,28
276183,34
276184,16
276185,16
276186,28
276187,28
276188,4
276189,24
276190,23
276191,5
276192,16
276193,24
276194,4
276195,24
276196,16
276197,24
276198,16
276199,23
276200,5
276201,26
276202,30
276203,8
276204,24
276205,5
276206,24
276207,4
276208,37
276209,20
276210,16
276212,30
276213,16
276214,23
276215,16
276216,24
276217,24
276218,16
276219,13
276220,16
276221,36
276222,16
276223,10
276224,37
276225,24
276226,28
276227,16
276228,31
276229,4
276230,27
276231,26
276232,24
276233,20
276234,16
276235,10
276236,30
276563,9
276649,19
276667,24
276699,16
276729,28
276737,28
276740,8
276764,4
276766,8
276769,10
276784,16
276808,2
276831,28
276834,4
276835,16
276836,16
276837,28
276838,28
276839,16
276840,16
276841,28
276843,4
276844,4
276845,30
276846,24
276847,16
276848,24
276849,19
276850,24
276851,10
276852,27
276853,16
276854,31
276855,26
276856,36
276857,10
276858,16
276859,18
276860,9
276861,24
276862,2
276863,16
276864,8
276865,16
276866,25
276868,20
276869,24
276870,16
276871,16
276872,4
276873,24
276874,16
276875,24
276876,16
276877,34
276878,14
276879,28
276880,16
276881,16
276882,16
276883,16
276884,36
276885,13
276886,4
276888,16
276889,28
276890,28
276891,16
276892,28
276893,16
276894,23
276895,34
276896,24
276897,24
276898,16
276899,36
276901,2
276902,16
276903,24
276904,30
276905,10
276906,27
276907,8
276908,24
276909,16
276910,27
276911,24
276912,16
276913,19
276914,26
276915,24
276916,30
276917,3
276918,16
276919,33
276920,16
276921,25
276923,4
276924,24
276925,30
276926,14
276927,28
276929,27
276930,24
276931,4
276943,8
276955,16
276974,4
276998,16
277003,10
277004,3
277005,24
277034,0
277038,26
277054,24
277059,16
277073,34
277074,36
277079,30
277083,38
277089,37
277097,16
277110,31
277111,24
277112,26
277128,24
277137,28
277146,16
277153,30
277160,4
277181,8
277182,28
277183,16
277184,30
277185,24
277186,27
277187,4
277188,24
277189,24
277190,30
277191,4
277192,24
277193,28
277194,24
277195,16
277196,15
277197,34
277198,8
277199,13
277200,30
277203,4
277204,30
277205,16
277206,24
277207,24
277208,24
277209,20
277210,30
277211,24
277212,26
277213,24
277214,30
277215,27
277216,5
277217,30
277218,8
277219,24
277220,19
277221,30
277222,24
277223,16
277224,30
277225,25
277226,16
277227,30
277228,5
277229,33
277230,25
277231,16
277232,36
277233,30
277234,28
277235,28
277236,16
277237,30
277238,16
277239,24
277240,16
277241,4
277242,24
277243,30
277244,27
277245,23
277246,24
277247,30
277248,16
277249,30
277250,8
277251,19
277252,26
277253,3
277254,24
277255,34
277256,30
277257,16
277258,24
277259,16
277260,34
277261,16
277262,24
277263,10
277264,28
277265,27
277266,16
277267,27
277268,16
277269,34
277270,16
277272,10
277273,24
277274,26
277275,5
277276,24
277277,24
277278,16
277279,31
277280,13
277281,37
277282,16
277283,16
277284,34
277285,16
277286,26
277287,8
277288,30
277289,24
277290,10
277291,9
277292,26
277293,4
277294,16
277295,16
277296,16
277297,16
277298,16
277300,24
277301,24
277302,31
277303,24
277304,24
277305,10
277306,24
277307,16
277308,24
277309,34
277310,24
277311,30
277312,16
277313,16
277314,4
277315,10
277316,24
277317,16
277318,10
277319,10
277320,24
277321,5
277322,24
277324,24
277325,24
277326,16
277328,8
277329,30
277330,16
277331,24
277332,24
277333,31
277334,2
277335,24
277336,30
277337,30
277338,36
277339,10
277340,31
277341,10
277342,24
277343,16
277344,10
277345,30
277346,26
277347,26
277348,24
277349,30
277350,36
277351,13
277352,30
277353,10
277354,23
277355,10
277356,16
277357,30
277358,5
277359,1
277360,5
277361,9
277362,28
277363,16
277364,24
277365,24
277366,16
277367,16
277368,16
277369,16
277370,24
277371,30
277372,27
277373,4
277374,24
277375,24
277376,10
277377,16
277378,2
277379,24
277380,16
277381,10
277382,34
277383,27
277384,28
277385,16
277386,19
277387,34
277388,10
277389,16
277390,30
277391,16
277392,19
277393,16
277394,30
277395,24
277396,30
277717,26
277756,28
277765,8
277854,26
277881,16
277917,14
277929,5
277958,16
277963,30
277964,26
277968,39
277969,24
277970,34
277971,30
277972,16
277973,31
277974,28
277975,4
277976,28
277977,2
277978,16
277980,30
277981,23
277982,10
277983,30
277984,24
277985,4
277986,16
277987,5
277989,27
277990,23
277991,24
277992,16
277993,20
277994,16
277995,28
277996,4
277997,10
277998,24
277999,8
278000,16
278001,34
278002,38
278003,37
278004,5
278005,10
278006,16
278007,34
278008,24
278009,27
278010,34
278011,24
278012,30
278013,16
278015,28
278016,10
278017,13
278018,30
278019,26
278020,16
278021,30
278022,15
278023,4
278024,2
278025,30
278026,16
278027,16
278028,24
278029,16
278031,24
278032,13
278033,8
278036,16
278037,16
278038,13
278039,28
278040,25
278041,36
278042,16
278043,9
278044,28
278046,16
278047,5
278048,3
278049,37
278050,3
278051,27
278052,24
278053,16
278054,24
278055,24
278056,24
278057,8
278058,24
278059,4
278060,24
278061,24
278062,30
278063,16
278064,27
278065,23
278066,30
278067,24
278071,16
278082,7
278086,16
278090,16
278102,24
278105,26
278106,30
278107,24
278108,16
278127,27
278129,10
278133,24
278149,16
278168,24
278180,34
278204,30
278222,16
278226,16
278227,30
278232,28
278253,30
278254,24
278261,24
278278,30
278283,24
278288,24
278322,16
278323,10
278324,9
278325,24
278326,24
278328,30
278329,20
278330,34
278331,24
278332,24
278333,24
278334,16
278335,28
278336,25
278337,31
278338,24
278339,31
278340,30
278341,10
278342,30
278344,5
278345,28
278346,5
278347,30
278348,27
278349,30
278350,10
278351,10
278352,19
278353,23
278354,26
278355,5
278356,25
278357,8
278358,10
278359,16
278360,34
278361,34
278362,13
278363,4
278364,8
278365,30
278366,26
278367,4
278368,16
278369,30
278370,24
278371,16
278372,24
278373,16
278374,24
278375,30
278376,30
278377,24
278378,30
278379,24
278380,24
278381,13
278382,27
278383,16
278384,27
278385,30
278386,2
278387,28
278388,4
278389,16
278390,27
278391,4
278392,24
278393,27
278394,16
278395,19
278396,10
278397,24
278398,24
278399,27
278400,30
278401,16
278402,24
278403,24
278404,27
278405,16
278406,24
278407,30
278408,24
278409,5
278410,23
278411,20
278412,30
278413,16
278414,16
278415,34
278416,25
278417,24
278418,24
278419,3
278420,30
278421,30
278422,9
278423,5
278424,28
278425,25
278426,16
278427,10
278428,16
278429,24
278430,24
278431,24
278432,1
278433,24
278434,16
278435,39
278436,34
278437,24
278438,4
278439,24
278440,24
278441,28
278442,10
278443,16
278444,16
278445,16
278446,4
278448,30
278449,27
278450,3
278451,23
278452,16
278453,39
278455,16
278456,16
278457,16
278458,16
278459,10
278460,28
278461,34
278462,30
278463,28
278464,10
278465,34
278466,24
278467,23
278468,27
278469,3
278470,16
278471,26
278472,24
278473,24
278474,27
278475,13
278476,4
278477,16
278478,23
278479,3
278480,24
278481,24
278482,16
278483,32
278484,16
278485,16
278486,34
278487,16
278488,24
278489,24
278490,10
278491,20
278492,24
278493,24
278494,16
278495,10
278496,16
278497,24
278498,24
278499,24
278500,37
278501,24
278502,4
278503,16
278504,8
278505,16
278506,24
278507,23
278508,16
278509,16
278510,16
278511,28
278512,24
278847,10
278895,16
278899,16
278901,16
278928,27
278973,19
279025,16
279032,26
279068,24
279084,19
279096,5
279097,24
279098,5
279099,16
279103,10
279104,16
279105,34
279106,10
279107,4
279108,16
279109,16
279110,10
279111,24
279112,16
279113,37
279114,26
279115,24
279116,16
279117,20
279118,24
279119,4
279120,28
279121,28
279122,27
279124,31
279125,28
279126,23
279127,28
279128,23
279129,16
279130,10
279131,0
279132,30
279133,5
279134,16
279135,23
279136,25
279137,28
279138,28
279139,24
279140,4
279141,28
279142,16
279143,16
279144,36
279145,25
279146,24
279147,19
279148,10
279149,30
279150,26
279151,30
279152,31
279153,9
279154,16
279155,16
279156,16
279157,16
279158,24
279159,10
279160,28
279161,4
279162,34
279163,23
279164,24
279165,28
279166,36
279167,4
279168,2
279169,16
279170,24
279171,31
279172,24
279173,16
279174,16
279175,26
279176,34
279177,28
279178,16
279179,38
279180,16
279181,11
279182,24
279183,34
279184,24
279185,30
279186,30
279202,34
279215,36
279231,16
279236,30
279245,24
279306,37
279311,24
279314,32
279316,19
279353,28
279360,24
279363,30
279367,24
279369,24
279383,26
279416,24
279417,30
279424,24
279428,4
279442,24
279443,4
279444,23
279445,13
279446,31
279447,22
279448,4
279450,24
279451,31
279452,16
279453,28
279455,24
279456,4
279457,8
279458,16
279459,10
279460,34
279461,8
279462,24
279464,19
279465,4
279466,8
279467,16
279468,16
279469,30
279470,4
279472,24
279473,16
279474,24
279475,16
279476,5
279477,16
279478,16
279479,16
279480,18
279481,18
279482,26
279483,16
279484,30
279485,30
279486,27
279487,24
279488,26
279489,8
279490,23
279491,27
279492,30
279493,24
279494,10
279495,28
279496,24
279497,30
279498,30
279499,16
279500,27
279501,28
279502,16
279503,24
279504,16
279506,24
279507,24
279508,34
279509,27
279510,36
279511,16
279512,24
279513,30
279514,30
279515,10
279516,24
279517,30
279518,30
279519,24
279520,24
279521,10
279522,36
279523,30
279524,37
279525,22
279526,16
279527,24
279528,24
279529,16
279530,31
279531,20
279532,16
279533,24
279534,4
279535,10
279536,3
279537,27
279538,16
279539,23
279540,24
279541,8
279542,16
279543,4
279544,34
279545,10
279546,16
279547,24
279548,28
279549,31
279550,24
279551,16
279552,30
279553,31
279554,16
279556,6
279557,18
279558,28
279559,28
279560,30
279561,27
279562,16
279563,16
279564,30
279565,16
279566,16
279567,24
279568,28
279569,24
279570,8
279571,16
279572,25
279573,36
279574,37
279575,30
279576,26
279577,24
279578,24
279579,3
279580,30
279581,16
279582,26
279583,10
279584,39
279585,24
279586,27
279587,16
279588,28
279589,24
279590,16
279591,7
279592,30
279593,30
279594,8
279595,23
279596,24
279597,37
279598,2
279599,24
279600,24
279601,24
279602,16
279603,24
279604,24
279605,24
279606,36
279607,4
279608,16
279609,26
279610,9
279611,34
279612,16
279614,30
279615,24
279616,24
279617,24
279618,10
279619,24
279620,27
279621,30
279622,24
279623,37
279624,26
279625,10
279626,16
279627,16
279628,27
279629,27
280037,28
280065,37
280093,30
280098,16
280154,16
280170,16
280176,16
280185,10
280204,6
280217,28
280219,7
280221,28
280222,5
280224,4
280225,24
280226,16
280227,28
280228,10
280229,16
280230,24
280231,34
280232,4
280233,16
280234,23
280235,24
280236,5
280237,26
280238,24
280239,2
280240,28
280241,24
280242,31
280243,27
280244,28
280245,24
280246,34
280247,4
280248,34
280249,26
280250,10
280251,4
280252,24
280253,16
280254,34
280256,28
280257,30
280258,28
280259,16
280260,24
280261,28
280262,26
280263,27
280264,16
280265,28
280266,27
280267,2
280268,28
280269,30
280270,16
280271,16
280272,16
280273,16
280274,30
280275,31
280276,24
280277,30
280278,34
280279,16
280280,34
280281,5
280282,16
280283,2
280284,30
280285,2
280286,31
280287,16
280288,34
280289,28
280290,37
280291,27
280292,23
280293,24
280294,24
280295,30
280296,38
280297,34
280298,10
280299,16
280300,22
280301,2
280302,16
280303,30
280304,19
280305,16
280306,24
280307,24
280308,24
280309,16
280310,16
280311,24
280312,24
280313,27
280314,24
280315,16
280316,30
280317,30
280318,5
280319,37
280320,24
280321,38
280322,10
280332,30
280336,28
280348,16
280351,16
280354,25
280355,16
280367,24
280375,30
280378,28
280384,16
280386,16
280389,27
280392,24
280394,16
280410,23
280423,4
280428,33
280436,16
280458,16
280465,19
280491,26
280494,24
280496,10
280505,10
280523,24
280527,25
280530,34
280535,2
280539,30
280548,10
280555,27
280569,20
280575,31
280580,10
280582,16
280583,30
280584,27
280585,2
280586,24
280587,16
280588,4
280589,2
280590,3
280591,19
280592,28
280593,30
280594,28
280595,10
280596,20
280597,20
280598,4
280601,24
280602,24
280603,16
280605,8
280607,16
280608,16
280609,24
280610,30
280611,16
280612,18
280613,10
280614,16
280615,24
280616,9
280617,30
280618,16
280619,3
280620,30
280621,31
280622,28
280623,16
280624,16
280625,10
280626,24
280627,24
280628,16
280629,24
280630,24
280631,28
280632,16
280633,27
280634,16
280636,16
280637,30
280638,39
280639,24
280640,24
280641,30
280642,34
280643,10
280644,36
280645,4
280646,30
280647,24
280648,30
280649,34
280650,28
280651,24
280652,34
280653,24
280654,24
280655,4
280656,30
280657,16
280658,16
280659,16
280661,16
280662,24
280663,16
280664,28
280665,27
280666,27
280667,5
280668,16
280669,30
280670,30
280671,27
280672,5
280673,30
280674,25
280675,30
280676,24
280677,20
280678,30
280679,30
280680,30
280681,30
280682,30
280683,30
280684,34
280685,5
280686,30
280687,30
280688,16
280689,27
280690,24
280691,27
280692,30
280693,24
280694,30
280695,24
280696,16
280697,16
280698,2
280699,16
280700,24
280701,20
280702,16
280703,24
280704,16
280705,13
280706,6
280707,16
280708,27
280709,28
280710,25
280711,16
280712,30
280713,5
280714,16
280715,24
280716,24
280717,24
280718,24
280719,24
280720,24
280721,24
280722,30
280723,4
280724,16
280725,24
280726,16
280727,28
280728,2
280729,30
280730,34
280731,28
280732,24
280733,28
280734,2
280735,4
280736,30
280737,24
280738,26
280739,8
280740,24
280741,24
280742,24
280743,5
280744,24
280745,14
280746,24
280747,24
280748,24
280749,30
280750,24
280751,24
280752,34
280753,24
280754,24
280755,24
280756,24
280757,30
280758,10
280759,16
280760,24
280761,6
280762,24
280763,24
280764,16
280765,37
280766,30
280767,24
280768,24
280769,16
280770,24
280771,2
280772,27
280773,24
281125,36
281229,16
281262,27
281305,16
281316,4
281332,16
281340,16
281342,24
281358,23
281360,24
281361,24
281363,16
281364,4
281365,24
281366,24
281367,24
281368,28
281369,24
281370,10
281371,16
281372,24
281373,24
281374,28
281375,25
281376,24
281377,5
281378,18
281379,28
281380,28
281381,25
281382,23
281383,24
281384,24
281385,24
281386,23
281387,28
281388,30
281389,3
281390,34
281391,19
281392,24
281393,20
281394,19
281395,38
281396,24
281397,24
281398,30
281399,38
281400,28
281401,24
281402,34
281404,19
281405,26
281406,34
281407,4
281408,16
281409,4
281410,30
281411,8
281412,24
281413,16
281414,30
281415,16
281416,19
281417,16
281418,24
281419,28
281420,24
281421,20
281422,9
281423,16
281424,16
281425,16
281426,16
281428,30
281429,36
281430,26
281431,27
281432,24
281433,16
281434,28
281435,24
281436,36
281437,30
281438,16
281439,24
281440,38
281441,5
281442,16
281443,30
281444,16
281445,24
281446,36
281447,24
281448,16
281449,16
281450,24
281451,27
281452,24
281453,16
281454,16
281455,16
281456,28
281457,36
281460,22
281469,28
281479,30
281488,16
281493,16
281510,16
281512,16
281524,30
281526,30
281527,24
281528,16
281531,7
281544,30
281556,16
281562,24
281564,16
281569,8
281583,24
281584,16
281595,24
281598,16
281602,28
281609,30
281627,26
281652,26
281664,24
281667,14
281674,15
281678,16
281679,16
281680,24
281682,16
281683,31
281684,2
281685,38
281686,24
281687,30
281688,24
281689,26
281690,10
281691,27
281692,16
281693,16
281694,24
281695,30
281696,37
281697,16
281698,24
281699,28
281700,16
281701,16
281702,3
281704,34
281706,30
281707,16
281708,24
281709,16
281710,16
281711,4
281712,16
281713,24
281714,16
281715,4
281716,22
281717,30
281718,34
281719,30
281720,31
281721,27
281722,16
281723,16
281724,30
281726,20
281727,16
281728,24
281729,31
281730,30
281731,28
281732,24
281733,16
281734,16
281735,24
281736,20
281737,30
281738,16
281739,16
281740,26
281741,27
281742,34
281743,16
281744,27
281745,10
281746,16
281747,16
281748,30
281749,27
281750,4
281751,16
281752,37
281753,27
281754,16
281755,16
281756,26
281758,23
281759,24
281760,16
281761,16
281762,16
281763,10
281765,30
281766,27
281767,37
281768,24
281769,16
281770,16
281771,10
281772,27
281773,23
281774,4
281775,23
281776,4
281777,16
281778,30
281779,16
281780,16
281781,24
281782,16
281783,36
281784,36
281785,10
281786,28
281787,27
281788,8
281789,24
281790,4
281791,4
281792,36
281793,26
281794,16
281795,24
281796,8
281797,34
281798,34
281799,30
281800,30
281801,16
281802,20
281803,16
281804,30
281805,30
281806,23
281807,16
281808,37
281809,10
281810,24
281811,26
281812,24
281813,4
281814,16
281815,16
281816,24
281817,30
281818,27
281819,24
281820,38
281821,16
281822,8
281823,16
281824,16
281825,16
281826,24
281827,26
281828,34
281829,16
281830,24
281831,8
281832,28
281833,30
281834,5
281835,26
281836,8
281837,25
281838,30
281839,24
281840,24
281841,28
281842,5
281843,30
281844,16
281845,28
281846,24
281847,27
281848,28
281849,8
281850,22
281851,4
281852,23
281853,23
281854,16
281855,30
281856,16
281857,10
281858,34
281859,4
281860,24
281861,16
281862,24
281863,2
281864,16
281865,5
281866,28
281867,16
281868,16
281869,19
281870,24
281871,3
281872,26
281873,30
281874,24
281875,24
281876,28
281877,23
281878,24
281879,16
281880,30
281881,7
281882,2
281883,16
281884,24
281885,10
281886,34
281887,16
281888,23
281889,4
281890,8
281891,9
281892,27
281893,5
282323,16
282365,28
282391,26
282411,36
282432,24
282458,24
282459,16
282471,16
282472,9
282478,4
282479,4
282499,27
282500,4
282503,19
282504,16
282505,10
282506,16
282507,27
282508,16
282509,34
282510,24
282511,28
282512,28
282513,16
282514,27
282515,37
282516,27
282517,30
282518,4
282520,23
282521,26
282522,28
282523,16
282524,24
282525,16
282526,19
282527,10
282528,23
282529,36
282530,16
282531,8
282532,4
282533,19
282534,27
282536,23
282537,27
282538,24
282539,30
282540,13
282541,27
282542,24
282543,30
282544,19
282545,30
282546,16
282547,5
282548,24
282549,25
282550,28
282551,24
282552,16
282553,24
282554,23
282555,24
282556,16
282557,24
282558,16
282559,8
282560,26
282561,24
282562,30
282563,5
282564,16
282566,5
282567,16
282568,24
282569,23
282570,16
282571,4
282572,16
282573,8
282574,24
282575,16
282576,34
282577,5
282578,24
282579,16
282580,24
282581,30
282582,10
282583,30
282584,31
282585,16
282586,10
282587,24
282588,24
282589,5
282590,28
282591,4
282592,24
282593,9
282594,28
282595,18
282596,22
282597,30
282598,22
282599,28
282600,4
282601,31
282602,24
282603,24
282604,16
282605,30
282606,8
282607,24
282608,30
282609,24
282611,27
282612,19
282613,27
282614,16
282615,31
282619,16
282632,25
282633,22
282669,10
282698,24
282708,24
282724,16
282731,8
282750,28
282757,24
282761,16
282764,30
282768,30
282796,4
282815,24
282817,13
282861,24
282862,36
282863,16
282864,16
282865,16
282867,34
282868,34
282870,24
282871,30
282872,1
282873,24
282874,28
282875,30
282876,16
282877,16
282878,4
282879,24
282880,27
282881,23
282882,30
282883,26
282884,5
282885,28
282887,4
282888,4
282889,16
282890,26
282893,10
282894,16
282895,24
282896,28
282897,16
282898,5
282899,30
282900,10
282901,8
282902,30
282903,19
282904,39
282905,16
282906,16
282907,4
282908,31
282909,30
282911,24
282912,30
282913,10
282914,24
282915,30
282916,6
282917,30
282918,28
282919,30
282920,34
282921,24
282922,9
282923,24
282924,16
282925,24
282926,24
282928,30
282929,28
282930,28
282931,27
282932,24
282933,10
282934,28
282935,39
282936,16
282937,24
282938,24
282939,30
282940,16
282941,24
282942,5
282943,24
282944,16
282945,5
282946,30
282947,16
282948,30
282949,24
282950,2
282951,5
282952,16
282953,10
282954,16
282955,4
282956,8
282957,16
282958,30
282959,30
282960,16
282961,31
282962,16
282963,34
282964,24
282965,4
282966,24
282967,4
282968,24
282969,2
282970,24
282971,30
282972,24
282973,38
282974,24
282975,7
282976,30
282977,24
282978,16
282979,28
282980,30
282981,19
282982,16
282983,24
282984,22
282985,16
282986,24
282987,24
282988,31
282989,22
282990,25
282991,28
282992,8
282993,16
282994,24
282995,16
282996,10
282997,16
282998,24
282999,16
283000,5
283001,24
283002,16
283003,24
283004,16
283006,26
283007,16
283008,16
283009,4
283010,10
283011,16
283012,16
283013,16
283014,16
283015,1
283016,34
283017,13
283018,23
283019,36
283020,24
283021,16
283022,16
283023,22
283024,10
283025,24
283026,16
283027,36
283028,2
283029,30
283030,30
283031,30
283032,16
283033,28
283034,24
283035,28
283036,34
283037,26
283038,23
283039,8
283040,10
283041,16
283042,8
283043,24
283044,31
283045,22
283046,24
283047,5
283048,13
283049,8
283050,16
283051,24
283052,24
283053,28
283054,30
283055,5
283056,16
283057,28
283058,27
283059,34
283060,24
283061,16
283062,24
283063,16
283064,27
283065,28
283066,24
283067,16
283068,16
283069,31
283070,22
283071,10
283072,30
283073,16
283074,16
283075,28
283076,5
283077,34
283534,16
283662,16
283675,16
283700,10
283708,24
283712,28
283715,28
283717,16
283718,28
283719,30
283721,10
283722,16
283723,16
283724,19
283725,24
283726,24
283727,2
283729,8
283730,24
283732,16
283733,9
283734,26
283735,10
283736,23
283737,23
283738,28
283739,5
283740,16
283741,30
283742,16
283743,24
283744,31
283745,28
283746,30
283747,5
283748,28
283749,24
283751,24
283753,24
283754,16
283755,16
283756,34
283757,16
283758,13
283759,30
283760,28
283762,31
283763,27
283764,16
283765,30
283766,13
283767,24
283769,4
283770,16
283771,16
283772,36
283773,24
283774,28
283775,28
283777,16
283778,30
283779,16
283780,9
283781,16
283782,30
283783,16
283784,13
283785,27
283786,16
283787,24
283788,30
283789,30
283790,5
283791,24
283792,16
283793,36
283794,16
283795,16
283796,24
283797,16
283798,24
283799,22
283800,24
283801,30
283802,34
283803,8
283804,19
283805,10
283806,31
283807,16
283808,16
283809,16
283810,13
283811,13
283812,16
283813,24
283814,30
283815,1
283816,30
283817,37
283818,24
283819,24
283820,28
283821,26
283822,13
283823,16
283824,30
283826,16
283829,16
283841,4
283842,16
283846,24
283862,30
283867,16
283891,28
283906,24
283907,31
283916,8
283945,16
283954,24
283956,26
283961,16
283975,24
284002,9
284005,2
284007,24
284010,31
284013,16
284018,24
284022,30
284035,9
284036,30
284038,30
284051,16
284060,10
284066,16
284068,30
284072,10
284080,28
284081,30
284082,2
284083,30
284084,30
284085,16
284086,27
284087,19
284088,9
284089,30
284090,30
284091,4
284092,16
284093,31
284094,16
284095,24
284096,30
284097,28
284098,4
284101,31
284102,23
284103,36
284104,16
284105,8
284106,23
284107,16
284108,24
284109,16
284110,16
284111,24
284112,6
284113,16
284116,37
284117,16
284118,20
284119,24
284120,24
284121,28
284122,4
284123,8
284125,16
284126,30
284127,10
284128,24
284129,4
284130,24
284131,30
284132,16
284133,24
284134,16
284135,30
284136,24
284137,10
284138,24
284139,30
284140,4
284141,16
284142,30
284143,30
284144,30
284145,16
284146,24
284147,10
284148,16
284149,31
284150,16
284152,24
284153,16
284154,8
284155,16
284156,28
284157,28
284158,27
284159,16
284160,6
284161,16
284162,10
284163,10
284164,16
284165,16
284166,28
284167,30
284168,24
284169,24
284170,4
284171,24
284172,16
284173,30
284174,20
284175,5
284176,24
284177,24
284178,30
284180,34
284181,13
284182,4
284183,4
284184,23
284185,26
284186,24
284187,25
284188,24
284189,16
284190,13
284191,24
284192,30
284193,30
284194,30
284195,24
284196,16
284197,30
284198,10
284199,5
284200,16
284201,16
284202,30
284203,16
284204,16
284205,24
284206,28
284207,37
284208,16
284209,24
284210,36
284211,16
284212,16
284213,15
284214,16
284215,16
284216,16
284217,4
284218,23
284219,16
284220,25
284221,30
284222,24
284223,30
284224,20
284225,26
284226,24
284227,22
284228,27
284229,10
284230,24
284231,16
284232,16
284233,24
284234,4
284235,24
284236,5
284237,9
284238,34
284239,4
284240,28
284241,8
284242,24
284243,26
284244,16
284245,30
284246,4
284247,27
284248,16
284249,16
284250,4
284251,16
284252,25
284253,20
284254,24
284255,16
284256,37
284257,24
284258,24
284259,5
284260,27
284261,24
284262,28
284263,16
284264,16
284265,34
284266,34
284267,10
284268,24
284269,24
284270,22
284271,24
284272,16
284273,24
284274,8
284275,16
284276,24
284277,36
284278,4
284279,30
284280,10
284281,16
284282,28
284283,24
284586,5
284766,24
284774,24
284779,8
284809,19
284848,13
284882,28
284883,20
284884,5
284886,31
284887,28
284888,27
284889,24
284890,16
284891,25
284892,16
284893,23
284894,16
284895,10
284896,31
284897,16
284898,16
284899,27
284900,20
284901,4
284903,24
284904,5
284905,16
284906,30
284907,10
284908,3
284909,28
284910,5
284911,16
284912,16
284913,16
284915,24
284916,30
284917,8
284918,5
284919,16
284920,16
284921,16
284922,27
284923,24
284924,10
284925,34
284926,24
284927,16
284928,34
284929,16
284930,16
284931,9
284932,16
284933,13
284934,24
284935,16
284936,24
284937,30
284938,16
284939,16
284940,16
284941,1
284942,16
284943,28
284944,30
284945,3
284946,24
284947,1
284948,20
284949,36
284950,16
284951,16
284952,16
284953,16
284954,5
284955,14
284956,16
284957,16
284958,36
284960,24
284961,24
284962,4
284963,24
284964,24
284965,24
284966,24
284967,16
284968,24
284969,16
284970,5
284971,16
284972,16
284973,5
284974,24
284975,24
284976,24
284977,28
284978,24
284979,30
284980,24
284981,24
284982,30
284983,30
284984,24
284985,30
285002,36
285013,28
285014,30
285020,16
285037,16
285052,16
285056,24
285066,16
285067,30
285074,30
285080,16
285084,30
285090,24
285126,13
285138,24
285163,24
285178,16
285213,24
285214,16
285215,24
285216,16
285217,24
285218,16
285219,24
285220,30
285222,34
285223,38
285224,27
285226,8
285227,24
285228,34
285229,16
285230,24
285231,30
285232,28
285233,30
285234,2
285235,10
285236,16
285237,16
285238,16
285240,5
285241,30
285242,27
285243,16
285244,16
285245,25
285246,27
285247,8
285248,16
285249,13
285250,27
285251,16
285252,16
285253,30
285254,34
285255,16
285256,16
285257,30
285258,26
285259,16
285260,8
285261,27
285262,30
285263,10
285264,4
285265,30
285266,34
285267,30
285268,24
285269,30
285270,16
285271,2
285272,30
285273,6
285274,30
285275,30
285276,16
285277,23
285278,30
285279,30
285280,24
285282,24
285283,24
285284,28
285285,24
285286,24
285287,16
285288,38
285289,30
285291,10
285292,30
285293,30
285294,13
285295,16
285296,24
285297,24
285298,13
285299,24
285300,26
285301,24
285302,24
285303,26
285304,30
285305,24
285306,31
285307,24
285308,34
285309,30
285310,30
285311,16
285312,24
285313,30
285314,30
285315,25
285316,24
285317,28
285318,16
285319,30
285320,25
285321,8
285322,16
285323,16
285324,30
285325,16
285326,4
285327,16
285328,10
285329,34
285330,28
285331,25
285332,16
285333,30
285334,30
285335,24
285336,26
285337,4
285338,26
285339,16
285340,16
285341,16
285342,16
285343,13
285344,16
285345,1
285346,24
285347,24
285348,16
285349,30
285350,24
285351,16
285352,30
285353,16
285354,16
285355,16
285356,5
285357,16
285358,28
285359,10
285360,10
285361,13
285362,16
285363,16
285364,23
285365,31
285366,30
285367,5
285368,16
285369,28
285370,24
285371,10
285372,16
285373,16
285375,24
285376,16
285377,4
285378,28
285379,16
285380,37
285381,28
285382,16
285383,8
285384,16
285385,24
285386,23
285387,16
285388,2
285389,24
285390,5
285391,26
285392,2
285393,2
285394,28
285395,19
285396,30
285397,26
285398,16
285399,24
285400,28
285401,16
285402,24
285403,24
285404,24
285405,16
285406,24
285407,5
285408,5
285410,27
285411,2
285412,24
285413,36
285414,5
285415,34
285416,5
285417,5
285418,4
285419,24
285420,24
285421,34
285422,24
285423,30
285424,10
285425,24
285426,34
285427,8
285428,26
285429,16
285430,27
285431,27
285432,16
285433,24
285687,16
285701,24
285839,16
285853,19
285894,5
285901,34
285928,16
285937,28
285970,34
285979,16
285982,24
285992,13
285993,38
286004,5
286010,8
286013,16
286014,34
286015,5
286016,5
286017,28
286018,24
286019,4
286020,16
286021,24
286022,24
286023,4
286024,24
286025,28
286026,28
286027,28
286028,16
286030,16
286031,16
286033,24
286034,37
286035,8
286036,24
286037,30
286038,31
286040,4
286042,24
286043,30
286044,30
286045,31
286046,24
286047,24
286048,28
286049,28
286050,19
286051,24
286052,20
286053,30
286054,16
286055,24
286056,4
286057,16
286058,16
286059,27
286060,26
286061,34
286062,30
286063,8
286064,30
286065,16
286066,24
286067,16
286068,24
286069,4
286070,24
286071,16
286072,24
286073,26
286074,4
286075,27
286076,10
286077,39
286078,24
286079,24
286080,16
286081,5
286082,16
286083,30
286084,16
286085,24
286086,4
286087,16
286088,24
286089,20
286090,8
286091,5
286092,30
286093,24
286094,16
286095,36
286096,24
286098,24
286099,27
286100,19
286101,4
286102,34
286103,8
286104,24
286105,16
286106,16
286107,24
286108,10
286109,24
286110,30
286111,30
286112,3
286113,24
286121,16
286136,30
286140,24
286148,18
286161,10
286163,16
286168,16
286171,24
286175,8
286178,30
286179,30
286188,28
286190,4
286206,30
286232,24
286242,4
286251,24
286258,16
286265,16
286285,23
286299,24
286300,16
286327,34
286332,26
286352,16
286353,19
286354,30
286355,23
286356,10
286357,2
286358,4
286359,30
286360,16
286361,16
286362,24
286363,24
286364,2
286365,16
286366,9
286367,10
286368,4
286369,24
286370,28
286374,30
286375,34
286376,27
286377,24
286378,5
286379,34
286380,30
286381,27
286382,24
286383,5
286384,24
286385,30
286386,28
286387,24
286389,16
286390,16
286391,30
286392,24
286393,20
286394,30
286395,16
286396,34
286397,5
286398,30
286399,30
286400,8
286401,30
286402,30
286403,30
286404,37
286405,16
286406,30
286407,36
286408,16
286409,10
286410,26
286411,37
286412,30
286413,31
286414,34
286415,31
286416,16
286417,19
286418,16
286419,27
286420,30
286421,16
286422,30
286423,28
286424,16
286425,24
286426,23
286427,13
286428,28
286429,4
286430,19
286431,24
286432,16
286433,4
286434,24
286435,13
286436,16
286437,24
286438,16
286439,24
286440,24
286441,28
286442,4
286443,27
286444,16
286445,37
286446,19
286447,30
286448,10
286449,25
286450,24
286451,19
286452,16
286453,30
286454,9
286455,16
286456,24
286457,24
286458,16
286459,30
286460,30
286461,36
286462,16
286463,24
286464,28
286465,34
286466,24
286467,26
286468,27
286469,16
286470,30
286471,24
286472,30
286473,30
286474,30
286475,34
286476,16
286477,16
286478,16
286479,30
286480,16
286481,24
286482,30
286483,10
286484,5
286485,24
286486,24
286487,16
286488,23
286489,24
286490,8
286491,26
286492,34
286493,24
286494,31
286495,30
286496,23
286497,28
286498,28
286499,4
286500,28
286501,3
286502,16
286503,27
286504,24
286505,24
286506,8
286507,24
286508,25
286509,16
286510,30
286511,10
286512,24
286513,24
286514,24
286515,26
286516,26
286517,5
286518,16
286519,24
286520,24
286521,31
286522,10
286523,28
286524,24
286525,30
286526,34
286527,4
286528,8
286529,4
286530,7
286531,37
286532,16
286533,4
286534,36
286535,28
286536,16
286537,24
286538,24
286539,13
286540,10
286541,30
286542,24
286543,2
286544,34
286545,16
286546,36
286547,24
286548,2
286549,27
286550,24
286551,24
286552,37
286553,16
286554,24
286555,34
286556,34
286557,16
286558,24
286559,16
286560,5
286561,20
286562,13
286563,30
286564,16
286565,30
286566,24
286567,4
286568,23
286569,8
286570,24
286571,24
286572,16
286573,16
286574,16
286575,30
286576,16
286577,16
286578,24
286579,24
286580,24
286841,16
287092,10
287099,13
287129,18
287155,16
287171,16
287172,39
287173,16
287174,24
287175,16
287176,8
287177,24
287178,16
287179,30
287180,28
287181,23
287182,5
287183,27
287184,24
287185,24
287186,16
287187,28
287189,28
287190,13
287191,16
287192,8
287193,27
287194,26
287195,16
287196,24
287197,24
287198,24
287199,30
287200,24
287201,37
287202,25
287203,16
287204,28
287205,19
287206,24
287207,16
287208,30
287209,16
287210,16
287211,24
287212,31
287213,24
287214,24
287215,27
287216,24
287217,16
287218,4
287219,16
287220,24
287221,16
287222,16
287223,13
287224,9
287225,13
287226,24
287227,9
287229,10
287230,27
287231,24
287232,8
287233,28
287234,27
287235,31
287236,16
287237,4
287238,16
287239,24
287240,30
287241,28
287242,8
287243,24
287244,31
287245,36
287246,16
287247,16
287248,16
287249,16
287250,10
287251,34
287252,15
287253,16
287254,10
287255,19
287256,26
287257,16
287258,24
287259,24
287260,36
287261,30
287262,30
287263,24
287264,24
287265,31
287267,8
287268,28
287286,3
287297,25
287305,16
287311,16
287328,4
287358,16
287361,4
287409,16
287422,30
287425,4
287455,36
287466,30
287472,10
287480,2
287481,19
287488,34
287493,27
287501,24
287503,19
287505,24
287511,27
287516,10
287532,13
287533,30
287534,24
287535,34
287536,16
287537,4
287538,34
287540,36
287541,37
287542,34
287543,10
287544,24
287546,30
287548,16
287549,28
287550,16
287551,34
287554,16
287555,26
287556,16
287557,24
287558,16
287559,27
287560,4
287561,26
287562,16
287563,10
287564,24
287565,16
287566,16
287567,24
287568,10
287569,16
287570,24
287571,30
287572,30
287573,8
287574,5
287575,10
287576,36
287577,24
287578,30
287579,30
287580,24
287581,16
287582,8
287583,9
287584,24
287585,30
287586,24
287587,24
287588,26
287589,30
287590,24
287591,13
287592,16
287593,16
287594,16
287595,16
287596,8
287597,24
287598,30
287599,5
287600,4
287601,24
287602,16
287603,24
287604,2
287605,30
287606,26
287607,24
287608,24
287609,34
287610,10
287611,24
287612,31
287613,24
287614,25
287615,26
287616,16
287617,28
287618,24
287619,24
287620,24
287621,30
287622,16
287623,27
287624,31
287625,3
287626,24
287627,30
287628,28
287629,27
287630,30
287631,24
287632,30
287633,30
287634,30
287635,23
287636,24
287637,30
287638,28
287639,16
287640,34
287641,37
287642,26
287643,24
287644,20
287645,16
287646,24
287647,28
287648,28
287649,30
287650,16
287651,24
287652,16
287653,30
287654,16
287655,16
287656,16
287657,30
287658,16
287659,26
287660,16
287662,30
287663,16
287664,37
287665,22
287666,24
287667,26
287668,16
287669,16
287670,16
287671,23
287672,34
287673,31
287674,5
287675,28
287676,1
287677,34
287678,30
287679,28
287680,8
287681,28
287682,23
287683,5
287684,16
287685,26
287686,5
287687,16
287688,30
287689,4
287690,34
287691,24
287692,4
287693,5
287694,24
287695,10
287696,28
287697,16
287698,24
287699,8
287700,24
287701,34
287702,30
287703,33
287704,24
287705,24
287706,10
287707,24
287708,31
287709,23
287710,10
287711,16
287712,16
288137,16
288244,31
288253,24
288274,8
288300,24
288307,24
288310,16
288313,16
288314,16
288315,28
288316,26
288318,28
288319,16
288320,16
288321,3
288322,24
288323,36
288324,24
288325,16
288326,16
288327,24
288328,30
288329,24
288331,4
288332,10
288333,24
288334,28
288335,26
288336,16
288337,24
288338,16
288339,24
288340,27
288341,5
288342,13
288343,27
288345,28
288346,23
288347,16
288348,16
288349,28
288351,10
288352,16
288353,24
288354,16
288355,30
288356,27
288357,32
288358,10
288359,24
288360,16
288361,16
288362,23
288363,16
288364,28
288365,10
288366,16
288367,16
288368,10
288369,16
288370,37
288371,34
288372,25
288373,16
288374,4
288375,25
288376,16
288377,24
288378,24
288379,30
288380,24
288381,4
288382,16
288383,34
288384,28
288385,16
288386,4
288387,16
288389,24
288390,16
288391,28
288392,22
288393,26
288394,27
288395,16
288396,37
288397,23
288399,3
288400,24
288401,16
288402,4
288403,10
288404,24
288405,16
288406,31
288407,24
288408,24
288409,16
288410,10
288411,30
288412,16
288413,30
288414,23
288415,16
288416,30
288420,30
288424,16
288429,36
288432,30
288446,30
288464,16
288480,36
288492,30
288553,31
288562,24
288581,24
288600,24
288631,30
288648,23
288651,16
288653,16
288654,2
288655,24
288657,30
288658,16
288659,27
288660,30
288661,16
288662,5
288663,30
288666,10
288667,16
288668,23
288669,27
288670,24
288671,4
288672,4
288673,27
288674,30
288675,10
288676,2
288677,16
288678,30
288679,16
288680,30
288681,4
288682,38
288683,5
288684,24
288685,24
288686,24
288687,16
288688,30
288689,30
288690,16
288691,13
288692,24
288693,30
288694,25
288695,4
288696,24
288697,16
288698,5
288699,19
288700,5
288701,28
288702,30
288703,16
288704,16
288705,24
288706,27
288707,16
288708,16
288709,24
288710,30
288711,24
288712,30
288713,16
288714,16
288715,28
288716,13
288717,6
288718,16
288719,16
288720,24
288721,10
288722,30
288723,26
288724,3
288725,37
288726,26
288727,16
288728,16
288729,24
288730,16
288731,10
288732,24
288733,24
288734,16
288735,30
288737,27
288738,9
288739,16
288740,24
288741,24
288742,20
288743,10
288744,16
288745,36
288746,10
288747,24
288748,24
288749,28
288750,5
288751,16
288752,36
288753,16
288754,22
288755,24
288756,10
288757,30
288758,27
288759,16
288760,5
288761,24
288762,30
288763,24
288764,24
288765,13
288766,16
288767,5
288768,30
288769,16
288770,26
288771,16
288772,16
288773,24
288774,30
288775,16
288776,28
288777,5
288778,34
288779,4
288780,27
288781,9
288782,24
288783,24
288784,30
288785,30
288787,24
288789,16
288790,24
288791,16
288792,2
288793,23
288794,36
288796,10
288797,28
288798,26
288799,30
288800,26
288801,16
288802,26
288803,24
288804,24
288805,34
288806,30
288807,30
288808,24
288809,30
288810,13
288811,16
288812,24
288813,4
288814,27
288815,16
288816,26
288817,5
288818,24
288819,16
288820,26
288821,27
288822,23
288823,24
288824,24
288825,30
288826,24
288827,2
288828,13
288829,16
288830,30
288831,28
288832,10
288833,2
288834,16
288835,24
288836,13
288837,25
288838,24
288839,24
288840,16
288841,2
288842,16
288843,16
288844,24
288845,34
288846,16
288847,28
288848,16
288849,4
288850,24
288851,24
288852,24
288853,30
288854,30
288855,16
288856,19
288857,16
288858,16
289245,4
289269,37
289282,4
289355,2
289356,27
289448,16
289450,16
289452,36
289466,16
289467,16
289468,28
289469,5
289470,16
289471,24
289472,13
289473,24
289474,28
289475,28
289476,24
289477,16
289478,16
289479,10
289480,5
289481,24
289482,4
289483,16
289484,37
289485,28
289486,16
289487,2
289488,24
289489,24
289490,16
289491,24
289492,5
289493,28
289494,34
289495,28
289496,16
289497,16
289498,24
289499,16
289500,39
289501,16
289502,28
289503,19
289504,27
289505,24
289506,16
289507,16
289508,4
289509,28
289510,30
289511,16
289512,25
289513,24
289514,24
289515,16
289516,30
289517,5
289518,16
289519,16
289520,31
289521,10
289522,37
289523,37
289524,24
289525,16
289526,16
289527,30
289528,6
289529,16
289531,16
289532,16
289533,16
289534,16
289535,16
289536,28
289537,2
289538,4
289539,4
289540,24
289541,27
289542,23
289543,16
289544,36
289545,27
289546,20
289547,28
289548,16
289549,30
289550,24
289551,24
289552,18
289553,16
289554,28
289555,16
289556,24
289557,24
289558,36
289559,16
289560,24
289562,16
289563,24
289564,16
289565,30
289566,26
289567,4
289568,24
289578,16
289586,34
289594,16
289610,30
289611,16
289619,28
289624,24
289628,10
289636,30
289639,16
289661,30
289669,16
289670,24
289671,16
289689,16
289704,16
289706,30
289725,30
289759,2
289762,36
289776,4
289800,16
289802,24
289804,38
289809,16
289810,30
289812,30
289813,13
289814,19
289815,34
289816,27
289817,27
289818,24
289819,10
289820,16
289821,27
289822,24
289824,6
289826,10
289827,10
289828,34
289829,28
289832,24
289833,16
289835,24
289836,30
289837,16
289838,16
289839,16
289840,23
289841,16
289842,24
289843,26
289844,16
289845,24
289846,16
289847,24
289848,23
289849,16
289850,30
289851,24
289852,24
289853,8
289854,30
289855,8
289856,24
289857,24
289858,28
289859,26
289860,30
289861,24
289862,16
289863,31
289864,30
289865,31
289866,24
289867,24
289868,24
289869,16
289870,16
289871,27
289872,10
289873,24
289874,24
289875,30
289876,8
289877,30
289878,24
289879,30
289880,20
289881,30
289882,27
289883,16
289884,16
289885,34
289886,4
289887,16
289888,34
289889,30
289890,28
289891,24
289892,19
289893,16
289894,10
289895,30
289896,16
289897,24
289898,28
289899,36
289900,24
289901,16
289902,26
289903,28
289904,10
289905,16
289906,10
289907,16
289908,30
289909,28
289910,24
289911,30
289912,10
289913,24
289914,24
289915,16
289916,24
289917,16
289918,24
289919,16
289920,34
289921,22
289922,28
289923,36
289924,30
289925,4
289926,2
289927,5
289928,24
289929,5
289930,24
289931,24
289932,8
289933,24
289934,28
289935,20
289936,16
289937,16
289938,16
289939,24
289940,16
289941,10
289942,16
289943,28
289944,24
289945,24
289946,14
289947,30
289948,10
289949,28
289950,4
289951,2
289952,30
289953,13
289954,16
289955,2
289956,25
289957,16
289958,24
289959,30
289960,3
289961,24
289962,28
289963,16
289964,24
289965,16
289966,24
289967,27
289968,16
289969,16
289970,16
289971,10
289972,10
289973,13
289974,16
289975,24
289976,16
289977,16
289978,30
289979,28
289980,16
289981,24
289982,5
289983,14
289984,16
289985,16
289986,28
289987,16
289988,16
289989,13
289990,30
289991,24
289992,34
289993,27
289994,34
289995,4
289996,24
289997,10
289998,28
289999,30
290000,27
290001,4
290002,16
290003,24
290004,24
290005,37
290006,16
290007,4
290008,27
290009,16
290010,39
290011,23
290012,16
290013,30
290014,24
290015,24
290016,16
290017,4
290018,16
290019,24
290020,16
290368,5
290413,19
290520,16
290547,30
290564,16
290611,27
290617,37
290633,6
290637,24
290640,30
290641,16
290642,30
290643,16
290644,16
290645,19
290646,16
290647,5
290649,28
290650,30
290651,16
290652,34
290653,28
290654,24
290655,2
290656,28
290657,8
290658,23
290659,34
290661,8
290662,19
290664,30
290665,14
290666,5
290667,24
290669,16
290670,24
290671,5
290672,19
290673,2
290674,38
290675,20
290676,24
290677,16
290678,4
290679,19
290680,16
290681,8
290682,24
290683,24
290684,23
290685,24
290686,30
290687,24
290688,16
290689,19
290690,24
290691,33
290692,15
290693,30
290694,16
290695,10
290696,16
290697,28
290698,28
290699,4
290700,26
290701,28
290702,30
290703,16
290704,24
290705,28
290706,16
290707,24
290708,16
290709,16
290710,30
290711,27
290712,28
290713,16
290714,16
290715,16
290716,5
290717,16
290719,23
290720,5
290721,28
290722,19
290723,28
290724,30
290725,30
290726,5
290727,27
290728,34
290729,34
290731,26
290732,24
290733,14
290734,24
290735,8
290736,5
290737,10
290738,30
290739,24
290740,24
290742,30
290743,27
290744,16
290745,27
290747,19
290756,16
290768,30
290796,25
290807,27
290811,30
290828,0
290829,27
290833,3
290834,30
290841,13
290844,16
290868,30
290869,5
290878,34
290891,30
290898,24
290902,34
290932,37
290951,5
290962,37
290963,30
290966,4
290979,24
290982,16
290985,16
290993,16
291019,27
291020,4
291022,24
291023,34
291024,30
291025,24
291026,5
291027,28
291028,20
291030,16
291031,36
291032,2
291033,36
291034,5
291035,28
291036,16
291037,16
291038,30
291039,16
291040,5
291042,16
291043,24
291044,2
291046,16
291047,27
291048,16
291049,4
291050,16
291051,24
291052,16
291053,16
291054,2
291055,34
291056,30
291057,8
291058,16
291059,18
291060,24
291061,27
291062,8
291063,24
291064,28
291065,34
291066,5
291067,30
291068,24
291069,27
291071,16
291072,30
291073,10
291074,30
291075,27
291076,30
291077,16
291078,16
291079,23
291080,30
291081,5
291082,36
291083,16
291084,28
291085,13
291086,24
291087,30
291088,30
291090,24
291091,30
291092,30
291094,22
291095,24
291096,26
291097,2
291098,23
291099,30
291100,27
291101,24
291102,24
291103,19
291104,16
291105,24
291106,25
291107,34
291108,30
291109,34
291110,16
291111,24
291112,4
291113,30
291114,36
291115,16
291116,24
291117,24
291118,30
291119,36
291120,5
291121,24
291122,16
291123,16
291124,36
291125,28
291126,24
291127,16
291128,16
291129,28
291130,34
291131,16
291132,20
291133,28
291134,30
291135,24
291136,16
291137,4
291138,10
291139,32
291140,30
291141,30
291142,24
291143,16
291144,27
291145,5
291146,16
291147,3
291148,16
291149,24
291150,16
291151,31
291152,16
291153,30
291154,30
291155,24
291156,24
291157,10
291159,11
291160,20
291161,16
291162,30
291163,16
291164,16
291165,10
291166,16
291167,30
291168,16
291169,26
291170,16
291171,24
291172,36
291173,30
291174,30
291175,24
291176,3
291177,24
291178,31
291179,10
291180,24
291181,23
291182,9
291183,30
291184,16
291185,23
291187,16
291188,28
291189,26
291190,24
291191,5
291192,3
291193,16
291194,39
291195,30
291196,22
291197,16
291198,13
291199,31
291200,26
291201,30
291202,16
291203,31
291204,24
291205,16
291206,16
291207,24
291208,8
291209,16
291210,16
291211,16
291212,16
291213,27
291214,16
291215,34
291216,24
291217,26
291218,24
291219,27
291220,26
291221,24
291222,36
291223,37
291224,4
291225,28
291226,24
291227,8
291228,10
291229,16
291230,24
291231,8
291232,34
291233,24
291234,24
291235,24
291236,16
291237,28
291238,30
291239,5
291240,16
291241,30
291242,30
291243,31
291244,31
291245,16
291246,30
291247,16
291248,36
291249,28
291498,34
291718,16
291729,30
291742,26
291746,28
291799,4
291800,16
291806,30
291821,16
291834,38
291850,16
291870,16
291874,24
291878,24
291880,10
291882,34
291885,16
291886,2
291887,16
291888,34
291889,7
291891,28
291892,9
291893,30
291894,16
291895,4
291896,24
291897,28
291898,24
291899,23
291900,38
291901,16
291902,5
291903,4
291904,30
291905,38
291906,4
291907,16
291908,16
291909,16
291910,2
291911,24
291912,10
291913,10
291914,4
291915,24
291916,34
291917,30
291918,16
291919,2
291920,24
291921,16
291924,27
291925,36
291927,24
291928,28
291929,34
291930,4
291931,5
291932,16
291933,9
291934,30
291935,28
291936,26
291937,24
291938,20
291939,13
291940,28
291941,2
291942,16
291943,16
291944,16
291945,16
291946,28
291947,30
291948,16
291949,16
291950,5
291951,30
291952,16
291953,16
291954,16
291955,16
291956,16
291957,24
291958,16
291959,24
291960,6
291961,28
291962,34
291963,24
291964,16
291965,24
291966,30
291967,4
291968,4
291969,24
291970,24
291971,31
291972,24
291973,4
291974,24
291975,16
291976,8
291977,1
291979,30
291980,20
291982,26
291983,30
291984,24
291985,30
291995,5
292011,27
292035,24
292041,30
292044,25
292048,24
292050,30
292058,10
292114,30
292120,24
292133,4
292136,24
292141,16
292145,26
292147,16
292152,24
292153,25
292165,18
292169,16
292192,30
292197,24
292198,39
292206,16
292211,34
292216,30
292226,16
292236,16
292238,13
292239,24
292240,19
292241,7
292242,34
292243,34
292244,24
292245,24
292246,16
292247,28
292248,24
292249,34
292250,34
292251,23
292252,16
292254,16
292255,24
292256,4
292258,16
292259,24
292262,16
292263,2
292265,37
292266,28
292267,16
292268,16
292269,30
292270,30
292271,34
292272,16
292273,24
292274,20
292275,16
292276,8
292277,23
292278,23
292279,16
292280,30
292281,16
292282,16
292283,16
292284,36
292285,26
292286,24
292287,30
292288,30
292289,16
292290,24
292291,38
292292,24
292293,30
292294,30
292295,16
292296,25
292297,10
292298,4
292299,24
292300,24
292301,26
292302,24
292303,30
292304,24
292305,30
292306,30
292307,31
292308,16
292309,30
292310,16
292311,16
292312,16
292313,28
292314,37
292315,16
292316,20
292317,30
292318,25
292319,36
292320,30
292321,24
292322,16
292323,24
292324,30
292325,9
292326,30
292327,24
292328,16
292329,6
292330,30
292331,24
292332,39
292333,16
292334,24
292335,5
292336,16
292337,5
292338,24
292339,16
292340,30
292341,30
292342,16
292343,16
292344,16
292345,24
292346,24
292347,24
292349,16
292350,5
292351,28
292352,28
292353,30
292354,6
292355,16
292356,24
292357,8
292358,24
292359,2
292360,28
292361,31
292362,24
292363,16
292364,30
292365,16
292366,28
292367,10
292368,16
292369,30
292370,28
292371,4
292372,5
292373,16
292374,16
292375,28
292376,2
292377,24
292378,22
292379,27
292380,5
292381,10
292382,16
292383,24
292384,16
292385,22
292386,34
292388,36
292389,30
292390,16
292391,28
292392,24
292393,16
292394,16
292395,4
292396,24
292397,16
292398,31
292399,24
292400,16
292401,27
292402,39
292403,16
292404,16
292405,24
292406,27
292407,34
292408,16
292409,16
292410,27
292411,16
292412,28
292413,24
292414,34
292415,24
292416,16
292417,30
292418,24
292683,16
292782,16
292783,16
292829,19
292843,16
292850,36
292861,23
292878,36
292891,28
292895,4
292904,16
292915,2
292918,5
292934,27
292941,24
292946,28
292957,10
292959,13
292967,16
292986,34
292987,27
292988,4
292989,26
292990,24
292991,16
292992,37
292993,5
292994,26
292995,30
292996,8
292998,4
292999,16
293000,16
293001,26
293002,3
293003,24
293004,16
293005,4
293006,8
293007,24
293008,10
293009,13
293010,16
293011,24
293012,19
293013,27
293014,16
293015,24
293016,19
293017,16
293018,30
293019,16
293020,30
293021,38
293022,24
293024,4
293025,28
293026,16
293027,4
293028,16
293029,16
293030,25
293031,16
293032,16
293033,16
293034,4
293035,16
293037,30
293038,16
293039,24
293040,15
293041,16
293042,19
293043,24
293044,30
293045,16
293046,10
293047,5
293048,16
293049,5
293050,30
293051,34
293052,4
293053,16
293054,34
293055,4
293056,19
293057,36
293058,34
293059,16
293060,24
293061,16
293062,4
293063,8
293064,23
293065,6
293066,24
293067,24
293068,24
293069,4
293070,31
293071,27
293072,34
293073,5
293074,30
293075,30
293076,24
293077,25
293078,34
293112,24
293121,24
293123,24
293145,26
293158,27
293160,10
293193,16
293213,24
293237,5
293239,10
293249,8
293253,30
293274,16
293302,4
293329,33
293335,30
293336,9
293337,30
293338,28
293339,16
293340,16
293341,26
293342,16
293343,16
293344,2
293345,16
293346,10
293347,2
293348,28
293350,16
293351,16
293352,34
293354,2
293355,24
293356,26
293357,2
293358,3
293359,5
293360,16
293361,28
293362,24
293363,16
293364,24
293365,34
293366,16
293367,16
293368,16
293369,30
293370,10
293371,10
293372,30
293373,34
293374,30
293375,16
293376,34
293377,24
293379,24
293380,30
293381,9
293382,30
293383,27
293384,23
293385,24
293386,24
293387,24
293388,16
293389,28
293390,18
293391,16
293392,3
293393,24
293394,13
293395,16
293396,24
293397,28
293398,16
293399,24
293400,24
293401,24
293402,24
293403,18
293404,16
293405,28
293406,16
293407,34
293409,16
293410,16
293411,5
293412,30
293413,15
293414,16
293415,16
293416,30
293417,8
293418,24
293419,2
293420,5
293421,16
293422,16
293423,20
293424,16
293425,28
293426,24
293427,30
293428,30
293429,25
293430,34
293431,27
293432,30
293433,24
293434,16
293435,24
293436,16
293437,16
293438,28
293439,24
293440,24
293441,37
293442,24
293443,24
293444,24
293445,30
293446,24
293447,24
293448,5
293449,16
293451,16
293452,24
293453,23
293454,16
293455,16
293456,31
293457,28
293458,8
293460,24
293461,24
293462,16
293463,16
293464,28
293465,4
293466,16
293467,8
293468,30
293469,16
293470,16
293471,16
293472,39
293473,28
293474,24
293475,16
293476,16
293477,8
293478,24
293479,4
293481,27
293482,16
293483,24
293484,4
293485,16
293486,23
293487,4
293488,5
293489,24
293490,2
293491,24
293492,16
293493,30
293494,10
293495,30
293496,30
293497,16
293498,34
293499,24
293500,16
293501,38
293502,4
293503,24
293504,24
293505,24
293506,24
293507,34
293508,24
293509,24
293510,16
293511,31
293512,20
293513,16
293514,16
293515,16
293516,24
293883,20
293885,23
293932,16
293969,16
294005,16
294006,27
294008,16
294009,16
294022,16
294062,24
294068,24
294079,30
294081,24
294082,28
294083,4
294084,4
294085,9
294086,16
294087,10
294088,2
294089,30
294090,13
294091,28
294092,24
294093,25
294094,34
294095,16
294096,28
294097,16
294098,5
294099,24
294100,27
294101,30
294102,24
294103,24
294104,24
294105,24
294106,28
294107,4
294108,28
294109,16
294110,36
294112,28
294113,30
294114,16
294115,4
294116,16
294117,16
294118,24
294119,5
294120,16
294121,28
294122,16
294123,16
294124,19
294125,28
294126,16
294127,28
294128,30
294129,16
294130,8
294131,16
294132,2
294133,16
294134,13
294135,30
294136,16
294137,8
294138,16
294139,23
294140,24
294141,28
294143,24
294144,28
294145,30
294146,24
294147,16
294148,34
294149,16
294150,36
294151,30
294152,5
294153,16
294155,30
294156,24
294157,30
294158,31
294159,16
294160,22
294161,24
294162,24
294163,34
294164,30
294165,30
294166,30
294167,34
294168,10
294169,16
294170,24
294171,10
294172,9
294173,24
294174,23
294175,24
294176,30
294177,4
294178,16
294179,13
294180,34
294188,30
294191,4
294195,26
294197,13
294201,28
294202,30
294203,28
294221,16
294241,24
294255,27
294263,16
294275,28
294279,30
294280,28
294287,10
294289,25
294308,30
294317,16
294350,16
294355,16
294388,13
294391,28
294395,30
294399,24
294400,24
294401,28
294402,3
294404,34
294405,23
294407,16
294408,23
294409,8
294410,39
294411,16
294412,16
294414,24
294415,9
294417,30
294419,24
294421,5
294422,16
294423,0
294424,19
294426,16
294428,24
294429,16
294430,24
294431,31
294432,26
294433,36
294434,31
294435,24
294436,24
294437,30
294438,16
294439,16
294440,5
294441,30
294442,30
294443,26
294445,31
294446,24
294447,25
294448,16
294449,28
294450,6
294451,28
294452,8
294453,16
294454,10
294455,24
294456,30
294457,27
294458,16
294459,28
294460,10
294461,10
294462,34
294463,23
294464,30
294465,4
294466,26
294467,16
294468,5
294469,30
294470,27
294471,16
294472,16
294473,16
294474,8
294475,34
294476,30
294477,16
294478,24
294479,24
294480,4
294481,24
294482,4
294483,24
294484,16
294485,24
294486,16
294488,24
294489,26
294490,5
294491,30
294492,24
294493,16
294494,16
294495,16
294496,30
294497,16
294498,16
294499,10
294500,16
294501,16
294502,19
294503,16
294504,24
294505,25
294506,24
294507,27
294508,10
294509,9
294510,28
294511,26
294512,30
294513,37
294514,30
294515,28
294516,8
294517,31
294518,23
294519,8
294521,24
294522,4
294523,34
294524,28
294525,16
294526,25
294527,23
294528,34
294529,24
294530,16
294531,23
294532,18
294533,16
294534,10
294535,16
294536,24
294537,16
294538,5
294539,38
294540,24
294541,16
294542,8
294543,16
294544,2
294545,30
294546,28
294547,23
294548,16
294549,24
294550,16
294551,24
294552,24
294553,27
294554,24
294557,28
294558,19
294559,10
294560,27
294561,16
294562,10
294563,24
294564,24
294565,30
294566,22
294567,16
294568,24
294569,24
294570,16
294571,28
294572,10
294573,24
294574,28
294575,30
294576,3
294577,16
294578,24
294579,30
294580,24
294581,11
294582,30
294583,27
294584,26
294585,24
294586,24
294587,28
294588,30
294589,34
294590,36
294591,16
294592,24
294593,24
294594,10
294595,16
294596,24
294597,27
294598,36
294599,28
294600,10
294601,30
294602,4
294603,8
294604,27
294605,4
294606,6
294607,27
294608,24
294609,34
294610,30
294611,38
294612,30
294613,16
294614,16
294615,16
294616,16
294617,16
294618,27
294619,4
294620,24
294621,14
294622,24
294917,2
294992,27
295123,30
295194,16
295207,31
295208,20
295210,19
295219,13
295220,16
295223,4
295225,24
295226,36
295227,24
295228,16
295229,8
295230,16
295231,24
295232,28
295233,16
295234,30
295235,5
295236,30
295237,19
295238,16
295239,24
295240,24
295241,28
295242,24
295243,5
295244,27
295245,19
295246,24
295247,16
295248,26
295249,26
295250,16
295251,30
295253,30
295254,16
295255,30
295256,28
295257,16
295258,24
295259,16
295260,19
295261,20
295262,4
295263,34
295264,24
295265,16
295266,16
295267,19
295268,23
295269,30
295270,28
295271,4
295273,24
295274,28
295275,27
295276,26
295277,25
295278,36
295279,24
295280,16
295281,24
295282,37
295283,8
295284,10
295285,19
295286,30
295287,24
295288,24
295290,30
295291,24
295292,16
295293,24
295294,28
295295,24
295296,16
295297,37
295298,30
295299,30
295300,16
295309,8
295311,16
295324,10
295335,28
295337,36
295349,30
295357,19
295372,16
295397,16
295412,24
295424,24
295435,5
295455,24
295470,30
295486,2
295494,24
295498,2
295509,30
295517,4
295535,30
295563,2
295570,16
295574,27
295575,16
295576,16
295578,16
295579,34
295580,10
295581,19
295582,24
295583,10
295584,16
295586,33
295588,16
295589,10
295590,24
295591,16
295592,24
295593,30
295594,24
295595,6
295596,13
295597,26
295598,24
295599,23
295600,30
295602,24
295603,16
295604,10
295605,24
295606,30
295607,30
295608,28
295609,16
295610,31
295611,16
295612,24
295613,16
295614,16
295615,16
295616,30
295617,16
295618,30
295619,24
295620,30
295621,34
295622,3
295623,24
295624,16
295625,16
295626,27
295627,10
295628,36
295629,24
295630,24
295631,30
295632,10
295633,24
295634,27
295635,30
295636,24
295637,16
295638,2
295639,26
295640,24
295641,24
295642,16
295643,16
295644,36
295645,24
295646,10
295647,30
295648,30
295649,22
295650,27
295651,25
295652,38
295653,16
295654,24
295655,16
295656,2
295657,30
295658,24
295659,22
295660,10
295661,24
295662,30
295663,25
295664,23
295665,16
295666,16
295667,30
295669,24
295670,16
295671,24
295672,28
295673,28
295674,30
295675,10
295676,16
295677,39
295678,25
295679,16
295680,30
295681,24
295682,28
295683,4
295684,30
295685,5
295686,28
295687,16
295688,16
295689,24
295690,30
295691,24
295692,36
295693,28
295694,28
295695,16
295697,10
295698,36
295699,16
295700,24
295701,16
295702,24
295703,28
295704,16
295705,23
295706,30
295707,24
295708,6
295709,16
295710,16
295711,28
295712,24
295713,24
295714,5
295715,28
295716,38
295717,28
295718,36
295719,28
295720,36
295721,10
295722,30
295723,16
295724,9
295725,16
295726,30
295727,16
295728,10
295729,28
295730,33
295731,34
295732,4
295733,24
295734,26
295735,37
295736,4
295737,24
295738,24
295739,8
295740,16
295741,5
295742,24
295743,5
295744,23
295745,16
295746,28
295747,16
295748,8
295749,24
295750,8
295751,24
295752,20
295753,2
295754,34
295755,8
295756,24
295757,28
295758,36
295759,26
295760,24
295761,24
295762,5
295763,16
295764,16
295765,24
295766,34
295767,6
295768,16
295769,16
295770,16
295813,37
296008,10
296141,28
296168,24
296213,16
296226,1
296260,23
296266,16
296295,26
296298,3
296306,27
296318,16
296326,31
296328,16
296331,30
296344,28
296345,10
296346,10
296347,2
296348,16
296349,4
296350,8
296352,4
296353,28
296354,28
296355,4
296356,16
296357,2
296359,30
296360,3
296361,26
296362,28
296364,24
296365,8
296366,16
296367,16
296368,0
296369,9
296370,27
296371,16
296372,16
296373,27
296374,10
296375,24
296376,10
296377,4
296378,24
296379,2
296380,24
296381,16
296382,16
296383,2
296384,34
296385,5
296386,16
296387,36
296388,24
296389,4
296390,16
296391,24
296392,16
296393,16
296394,36
296395,30
296396,16
296397,16
296398,24
296399,16
296400,16
296401,31
296403,16
296404,16
296405,16
296406,24
296407,16
296408,20
296409,28
296410,8
296411,25
296412,16
296413,27
296414,16
296415,16
296416,36
296417,16
296418,24
296419,24
296420,16
296421,9
296422,16
296423,13
296424,18
296425,26
296426,16
296427,16
296428,24
296429,24
296430,24
296431,24
296433,30
296434,30
296435,24
296436,10
296437,27
296438,30
296439,16
296440,30
296441,24
296442,24
296443,24
296444,19
296445,19
296446,34
296447,24
296448,16
296449,4
296450,24
296451,16
296452,24
296453,16
296458,10
296496,16
296504,31
296513,16
296522,26
296532,23
296548,30
296553,2
296567,30
296575,10
296597,23
296600,16
296623,16
296624,34
296628,31
296668,36
296689,13
296690,16
296691,8
296693,16
296695,30
296696,8
296697,13
296698,28
296699,27
296700,24
296701,16
296703,16
296704,16
296705,30
296706,24
296708,16
296710,30
296711,10
296712,16
296713,18
296714,16
296715,16
296716,16
296717,34
296718,16
296719,16
296720,5
296721,16
296722,28
296723,3
296724,16
296725,4
296727,31
296728,16
296729,31
296730,10
296731,30
296732,24
296733,28
296734,26
296735,16
296736,16
296737,27
296738,16
296739,30
296740,30
296741,16
296742,30
296743,16
296744,24
296745,19
296746,30
296747,24
296748,30
296749,34
296750,26
296751,27
296752,30
296753,24
296754,30
296755,37
296756,27
296757,16
296758,26
296759,24
296760,38
296761,24
296762,24
296763,16
296764,16
296765,13
296766,16
296767,24
296768,24
296769,16
296770,30
296771,30
296772,24
296773,16
296774,22
296775,16
296776,30
296777,27
296778,24
296779,30
296780,4
296781,30
296782,28
296783,24
296784,2
296785,16
296786,31
296787,23
296788,31
296789,16
296790,16
296791,16
296792,16
296793,16
296794,24
296795,24
296796,24
296797,24
296798,25
296799,24
296800,9
296801,9
296802,31
296803,19
296804,16
296805,16
296806,16
296808,8
296809,10
296810,16
296812,23
296813,16
296814,24
296815,28
296816,16
296817,8
296818,28
296819,10
296820,31
296821,33
296822,24
296823,16
296824,24
296825,3
296826,24
296827,24
296828,26
296829,34
296830,8
296831,24
296832,28
296833,24
296834,30
296835,30
296836,34
296837,26
296838,24
296839,6
296840,16
296841,26
296842,9
296843,24
296844,28
296845,24
296846,2
296847,24
296848,24
296849,27
296850,5
296851,24
296852,8
296853,16
296854,36
296855,16
296856,24
296857,24
296858,2
296859,27
296860,24
296861,24
296862,27
296863,31
296864,39
296865,28
296866,10
296867,27
296868,16
296869,37
296870,16
296871,5
296872,16
296873,4
296874,13
296875,16
296876,24
297285,30
297314,10
297318,16
297380,10
297386,28
297401,10
297409,24
297428,30
297439,2
297441,28
297443,5
297446,34
297447,5
297448,36
297449,16
297450,16
297451,24
297452,36
297453,5
297454,24
297455,5
297456,16
297457,27
297459,23
297460,24
297461,24
297462,24
297463,19
297464,26
297465,16
297466,16
297467,5
297468,5
297469,24
297470,28
297471,30
297472,16
297473,24
297474,4
297475,28
297477,27
297478,24
297479,16
297480,13
297481,24
297482,16
297483,16
297484,28
297485,30
297486,16
297487,26
297490,9
297491,24
297492,31
297493,30
297494,30
297495,16
297496,13
297497,2
297498,16
297499,16
297500,16
297501,2
297502,16
297503,16
297504,28
297506,16
297507,24
297508,24
297509,16
297510,28
297511,30
297512,4
297513,28
297514,26
297515,24
297516,24
297517,23
297518,30
297519,30
297520,27
297521,4
297522,28
297523,25
297524,16
297525,16
297526,16
297527,31
297528,23
297529,30
297530,34
297531,16
297532,24
297533,24
297534,0
297535,16
297536,24
297537,36
297538,24
297539,24
297540,24
297541,16
297542,16
297543,30
297544,16
297545,5
297551,24
297568,16
297575,30
297579,16
297582,16
297587,34
297601,24
297605,30
297608,4
297612,31
297625,5
297627,16
297630,16
297634,18
297637,24
297639,16
297644,24
297646,20
297648,16
297675,16
297700,30
297701,36
297731,30
297736,16
297745,30
297755,24
297764,30
297773,28
297784,16
297792,24
297794,16
297807,30
297808,16
297811,16
297812,36
297813,30
297814,16
297815,24
297816,10
297817,10
297818,30
297819,30
297820,10
297822,34
297823,27
297824,8
297825,24
297826,30
297827,34
297829,10
297830,16
297831,24
297832,16
297833,16
297834,4
297835,3
297836,16
297837,10
297838,31
297839,28
297840,36
297841,16
297842,16
297843,27
297844,27
297847,24
297849,1
297850,28
297851,24
297852,34
297853,34
297854,27
297855,30
297856,16
297857,24
297858,30
297859,30
297860,4
297861,26
297862,16
297863,16
297864,16
297865,10
297867,16
297868,5
297870,28
297871,34
297872,4
297873,16
297874,30
297875,24
297876,24
297877,26
297878,30
297879,24
297880,28
297881,27
297882,24
297883,16
297884,8
297885,10
297886,5
297887,30
297888,4
297889,16
297890,24
297891,24
297892,16
297893,31
297894,28
297895,13
297896,16
297897,24
297898,8
297899,4
297900,4
297901,30
297902,16
297903,24
297904,9
297905,24
297906,24
297907,13
297908,16
297909,20
297910,30
297911,24
297913,8
297914,16
297915,24
297916,24
297917,28
297918,30
297919,30
297920,10
297921,27
297922,16
297923,28
297924,24
297925,30
297926,24
297927,4
297928,30
297929,24
297930,24
297931,30
297932,30
297933,25
297934,16
297935,4
297936,8
297937,16
297938,30
297939,30
297940,30
297941,24
297942,24
297943,30
297944,30
297945,6
297946,24
297947,24
297948,4
297949,16
297950,24
297951,16
297952,4
297953,16
297954,13
297955,24
297956,16
297957,24
297958,30
297959,16
297960,34
297961,8
297962,38
297963,20
297965,16
297966,25
297968,28
297969,8
297970,30
297971,3
297972,16
297973,3
297974,27
297975,16
297976,16
297977,27
297978,30
297979,32
297980,16
297981,27
297982,6
297983,1
297984,4
297985,22
297986,33
297987,16
297988,10
297989,8
297990,20
297991,28
297992,23
297993,4
297994,16
297995,28
297996,26
297997,30
297998,36
297999,30
298000,13
298001,24
298002,30
298003,26
298004,25
298005,28
298006,5
298007,24
298008,30
298009,25
298010,5
298011,27
298012,30
298013,4
298014,24
298015,24
298016,3
298017,24
298018,16
298019,30
298020,24
298021,34
298022,24
298023,3
298024,30
298025,30
298026,24
298027,34
298028,24
298029,16
298030,16
298031,26
298032,27
298033,28
298034,34
298035,24
298036,30
298394,27
298405,18
298478,4
298565,4
298574,15
298592,16
298601,31
298606,16
298618,38
298627,8
298630,16
298631,4
298632,16
298634,16
298636,24
298637,30
298638,26
298640,28
298641,24
298642,5
298643,32
298644,16
298645,13
298646,28
298647,34
298648,8
298649,19
298650,24
298651,4
298652,24
298655,24
298656,26
298657,30
298658,28
298659,16
298660,27
298661,24
298662,24
298663,24
298664,19
298665,16
298666,10
298667,27
298668,4
298669,28
298670,16
298671,28
298672,24
298673,27
298674,27
298675,28
298676,16
298677,24
298678,16
298679,30
298680,16
298681,3
298682,16
298683,16
298684,37
298685,16
298686,31
298687,26
298688,16
298689,16
298690,16
298691,16
298692,24
298693,13
298694,24
298695,16
298696,27
298697,24
298698,5
298699,16
298700,34
298701,16
298702,24
298703,39
298704,5
298705,23
298707,16
298708,24
298709,33
298710,24
298711,16
298712,28
298713,24
298714,34
298715,30
298716,27
298717,24
298718,24
298719,4
298720,8
298721,31
298722,36
298723,16
298724,23
298725,16
298726,30
298727,24
298728,24
298729,24
298730,27
298731,30
298732,24
298733,10
298735,4
298736,10
298737,4
298738,24
298772,30
298796,16
298803,28
298816,24
298820,16
298824,10
298826,24
298831,25
298839,34
298845,27
298853,24
298911,16
298913,1
298919,30
298926,25
298956,30
298957,4
298963,30
298996,31
299005,25
299006,13
299007,8
299008,16
299009,0
299010,10
299011,16
299012,16
299013,30
299014,30
299015,13
299016,28
299017,19
299018,30
299019,2
299020,4
299021,27
299023,16
299024,13
299025,31
299027,36
299028,16
299029,16
299030,24
299031,36
299032,5
299033,26
299034,10
299035,28
299036,34
299037,23
299038,28
299039,24
299042,30
299043,28
299044,2
299045,16
299046,24
299047,24
299048,26
299049,30
299050,16
299051,23
299052,16
299053,8
299054,23
299055,30
299056,16
299057,28
299058,31
299059,16
299060,16
299061,24
299062,24
299064,24
299065,10
299066,16
299068,10
299069,30
299070,30
299071,16
299072,30
299073,26
299074,30
299075,27
299076,16
299077,27
299078,20
299079,30
299080,24
299081,10
299082,31
299083,8
299084,4
299085,30
299086,24
299087,30
299088,8
299089,5
299090,24
299091,4
299092,16
299093,27
299094,30
299095,16
299096,30
299097,31
299098,28
299099,13
299100,24
299101,24
299102,10
299103,31
299104,24
299105,30
299106,24
299107,30
299108,34
299109,16
299110,34
299111,30
299112,24
299113,27
299114,16
299115,37
299116,27
299117,28
299118,10
299119,36
299120,16
299121,4
299122,34
299123,10
299124,28
299125,25
299126,30
299127,24
299128,24
299129,16
299130,26
299131,24
299132,26
299133,8
299134,34
299135,24
299136,24
299137,25
299138,19
299139,16
299140,16
299141,4
299142,16
299143,16
299144,30
299145,16
299146,24
299147,16
299148,24
299149,23
299150,24
299151,30
299152,16
299153,30
299154,16
299155,24
299156,30
299157,16
299158,16
299159,16
299160,16
299161,5
299162,16
299163,16
299164,24
299165,8
299166,16
299167,5
299168,26
299169,28
299170,30
299171,25
299172,16
299173,22
299174,24
299175,16
299176,16
299177,24
299178,26
299179,5
299180,33
299181,28
299182,24
299183,4
299184,1
299185,4
299186,24
299187,28
299188,4
299189,30
299190,27
299191,28
299192,24
299193,10
299194,24
299195,31
299196,24
299197,24
299198,16
299199,25
299200,24
299201,24
299202,16
299203,30
299204,30
299205,2
299206,27
299207,24
299208,27
299209,4
299210,30
299211,24
299212,27
299213,24
299214,10
299215,24
299216,24
299217,24
299218,24
299219,26
299220,27
299221,10
299222,4
299223,16
299224,10
299225,16
299226,38
299227,24
299518,24
299597,16
299603,26
299704,16
299709,27
299729,0
299730,16
299761,34
299767,30
299768,16
299794,31
299812,13
299814,16
299815,26
299823,23
299825,16
299826,16
299827,24
299829,24
299830,23
299831,24
299832,2
299833,34
299834,24
299835,24
299836,27
299837,24
299838,24
299839,36
299840,19
299841,16
299842,26
299843,24
299844,2
299845,8
299846,24
299847,34
299848,4
299849,8
299850,28
299851,5
299852,27
299853,30
299854,30
299855,16
299856,16
299857,10
299858,16
299859,28
299860,16
299861,30
299862,4
299863,28
299864,24
299865,16
299866,28
299867,18
299868,11
299869,10
299870,30
299871,28
299872,16
299873,16
299874,16
299875,36
299876,30
299877,16
299878,16
299879,16
299880,27
299881,4
299882,16
299883,16
299884,16
299885,34
299886,23
299887,16
299888,34
299889,24
299890,16
299891,16
299892,16
299893,16
299894,4
299895,30
299896,13
299897,24
299898,24
299899,16
299900,36
299901,34
299902,34
299903,30
299904,30
299905,3
299906,24
299907,9
299908,16
299909,24
299910,16
299911,16
299912,13
299913,34
299914,16
299915,16
299916,31
299917,16
299918,34
299919,37
299920,26
299921,26
299922,4
299923,24
299926,16
299953,36
299966,16
299975,30
299977,1
299980,30
300006,26
300020,36
300021,30
300024,28
300044,16
300045,30
300050,30
300051,6
300062,16
300064,24
300073,23
300077,27
300093,8
300097,24
300098,30
300115,30
300131,9
300160,27
300163,16
300164,2
300165,16
300166,4
300168,24
300170,27
300171,19
300172,16
300173,2
300174,24
300175,34
300176,24
300177,31
300178,27
300179,2
300180,25
300181,27
300182,2
300184,16
300185,24
300186,3
300187,24
300188,37
300189,16
300190,24
300191,24
300192,16
300194,30
300195,31
300196,16
300197,37
300198,16
300199,10
300200,16
300201,37
300204,16
300205,24
300206,6
300207,3
300208,28
300209,24
300210,37
300211,30
300212,30
300213,16
300214,16
300215,16
300216,10
300217,26
300218,31
300219,37
300220,31
300221,24
300222,24
300223,30
300224,16
300225,24
300226,24
300227,27
300228,24
300229,16
300230,23
300231,4
300233,16
300234,16
300235,5
300236,28
300237,24
300238,28
300239,10
300240,16
300241,4
300242,24
300243,30
300244,30
300245,30
300246,27
300247,34
300248,16
300249,16
300250,30
300251,24
300252,30
300253,30
300254,30
300255,24
300256,30
300257,16
300258,16
300260,27
300261,4
300262,24
300263,24
300264,16
300265,24
300266,24
300267,4
300268,16
300269,3
300270,10
300271,5
300272,19
300273,4
300274,30
300275,24
300276,24
300277,30
300278,16
300279,16
300280,4
300281,16
300282,16
300283,10
300284,24
300285,24
300286,36
300287,16
300288,16
300289,16
300290,28
300291,16
300292,24
300293,16
300294,16
300295,24
300296,28
300297,30
300298,27
300299,24
300300,27
300301,24
300302,4
300303,30
300304,4
300305,30
300306,24
300307,26
300308,16
300309,16
300310,16
300311,10
300312,10
300313,24
300314,16
300315,30
300316,16
300317,16
300318,24
300319,24
300320,16
300321,4
300322,24
300323,27
300324,3
300325,30
300326,24
300327,24
300328,16
300329,16
300330,10
300331,24
300332,24
300333,34
300334,28
300335,38
300336,26
300337,16
300338,4
300339,16
300340,24
300341,27
300342,16
300343,28
300344,16
300345,30
300346,28
300347,25
300348,28
300349,30
300350,24
300351,26
300352,19
300353,16
300354,16
300355,10
300356,37
300357,30
300358,25
300359,27
300360,26
300361,16
300362,30
300363,16
300364,30
300365,24
300366,30
300367,16
300368,16
300369,28
300370,24
300371,24
300372,24
300373,24
300374,16
300375,37
300376,24
300377,24
300378,16
300379,16
300380,16
300381,30
300382,37
300383,24
300384,16
300385,16
300386,5
300615,27
300716,2
300757,31
300781,24
300833,26
300847,24
300862,36
300868,24
300881,28
300894,13
300905,38
300916,16
300933,18
300947,16
300951,2
300956,16
300963,16
300978,38
300983,30
300989,31
300991,34
300992,27
300993,8
300994,16
300995,28
300997,27
300998,30
300999,30
301000,5
301002,36
301003,24
301004,25
301005,24
301006,24
301007,24
301008,16
301009,20
301010,16
301011,16
301012,8
301013,24
301014,16
301015,16
301016,24
301017,23
301018,9
301019,9
301020,27
301021,24
301022,16
301023,28
301024,36
301025,16
301026,16
301027,16
301028,16
301029,28
301030,13
301031,24
301032,16
301033,16
301034,24
301035,34
301036,16
301037,27
301038,24
301039,28
301040,16
301042,16
301043,16
301044,13
301045,10
301046,16
301047,16
301048,24
301049,34
301050,16
301051,16
301052,16
301053,30
301054,16
301055,16
301056,27
301057,24
301058,31
301059,9
301060,24
301061,24
301062,30
301063,16
301064,16
301065,16
301066,24
301067,16
301068,24
301069,5
301070,36
301071,16
301072,24
301073,16
301074,36
301075,36
301076,36
301077,30
301078,24
301079,24
301080,30
301081,24
301082,24
301083,13
301084,30
301085,34
301087,30
301088,19
301089,16
301090,24
301091,16
301114,38
301116,22
301120,30
301137,24
301138,30
301147,16
301150,16
301171,8
301192,24
301205,30
301209,16
301214,24
301241,30
301247,24
301256,24
301273,34
301274,24
301278,16
301299,8
301314,3
301322,28
301326,24
301327,28
301328,19
301329,24
301330,16
301331,24
301332,32
301334,5
301335,16
301336,25
301337,16
301338,30
301339,27
301340,38
301341,24
301342,16
301343,24
301345,26
301346,10
301349,27
301350,4
301351,22
301352,24
301354,8
301356,3
301358,28
301359,27
301361,16
301362,4
301363,34
301364,30
301365,16
301366,5
301367,24
301369,15
301370,31
301371,16
301372,4
301373,31
301374,36
301375,28
301376,3
301377,27
301378,16
301379,16
301380,16
301381,34
301382,4
301383,23
301384,16
301385,24
301386,3
301387,30
301388,13
301389,28
301390,27
301391,16
301392,24
301393,27
301394,4
301395,36
301396,10
301397,5
301398,24
301399,28
301400,19
301401,24
301402,30
301403,8
301404,24
301405,30
301406,16
301407,30
301408,24
301409,24
301410,16
301411,8
301412,16
301413,37
301414,10
301415,16
301416,16
301417,16
301418,24
301419,16
301420,16
301421,16
301422,30
301423,16
301424,16
301425,16
301426,26
301427,24
301428,13
301429,24
301430,13
301431,16
301432,28
301433,16
301435,24
301436,2
301437,16
301438,24
301439,30
301440,30
301441,24
301442,24
301443,16
301444,30
301445,30
301446,37
301447,30
301448,30
301449,31
301450,16
301451,24
301452,30
301453,16
301454,24
301456,30
301457,16
301459,24
301460,10
301461,23
301462,24
301463,16
301465,16
301466,9
301467,27
301468,28
301469,25
301470,28
301471,2
301472,26
301473,28
301474,16
301475,24
301476,27
301477,4
301478,10
301479,16
301480,4
301481,24
301482,16
301483,16
301484,31
301485,16
301486,16
301487,26
301488,16
301489,34
301490,5
301491,24
301492,26
301493,26
301494,30
301495,34
301496,28
301497,28
301498,10
301499,26
301500,25
301501,24
301502,24
301503,24
301504,28
301505,28
301506,24
301507,2
301508,31
301509,31
301510,27
301511,16
301512,4
301513,16
301514,27
301515,24
301516,4
301517,30
301518,4
301519,27
301520,24
301521,5
301522,16
301523,24
301524,25
301525,16
301526,16
301927,16
301935,10
302034,16
302035,30
302060,13
302079,34
302085,13
302093,16
302095,16
302099,5
302101,28
302102,31
302103,28
302104,16
302105,16
302106,32
302108,30
302109,26
302110,27
302111,16
302112,24
302114,5
302115,8
302116,24
302117,4
302118,1
302119,5
302120,33
302121,16
302122,28
302123,19
302124,24
302125,37
302126,27
302127,20
302128,24
302129,28
302130,24
302131,28
302132,16
302133,16
302134,5
302135,36
302136,10
302137,34
302138,16
302139,28
302140,16
302141,8
302142,24
302143,34
302144,16
302145,4
302146,16
302147,24
302148,9
302149,10
302151,16
302152,27
302153,30
302154,30
302155,16
302156,16
302157,26
302158,5
302159,27
302160,24
302161,30
302162,10
302163,20
302164,16
302165,34
302166,4
302167,24
302168,24
302169,34
302170,24
302171,16
302172,24
302173,5
302174,16
302175,24
302176,5
302177,20
302178,37
302179,10
302180,32
302181,28
302182,22
302183,24
302184,30
302185,8
302186,16
302187,16
302188,10
302189,16
302191,24
302192,24
302193,23
302194,24
302195,5
302196,16
302197,24
302198,10
302199,2
302200,24
302201,30
302211,16
302222,16
302233,16
302245,16
302268,16
302272,24
302279,16
302308,25
302316,16
302321,30
302329,24
302343,23
302359,4
302363,28
302364,16
302372,18
302390,16
302402,37
302417,16
302438,27
302445,34
302451,33
302469,34
302470,24
302471,23
302472,10
302473,4
302474,3
302475,3
302476,34
302477,27
302478,16
302479,30
302480,18
302481,27
302482,36
302483,16
302484,16
302485,16
302486,28
302487,27
302489,19
302491,28
302492,34
302493,10
302494,26
302496,2
302497,28
302498,23
302499,24
302500,28
302502,16
302503,23
302504,30
302505,4
302506,34
302507,6
302508,28
302509,24
302510,16
302511,24
302512,16
302513,24
302514,4
302515,24
302516,16
302517,5
302518,16
302519,13
302520,16
302521,30
302522,30
302523,16
302524,30
302525,36
302526,10
302527,16
302528,30
302529,24
302530,27
302531,16
302532,24
302533,30
302534,30
302535,10
302536,24
302537,28
302538,30
302539,30
302540,30
302541,16
302542,16
302543,30
302544,28
302545,16
302546,5
302547,30
302548,16
302549,3
302550,6
302551,8
302552,27
302553,30
302554,30
302555,28
302556,25
302557,16
302558,24
302559,8
302560,16
302561,30
302562,36
302563,24
302564,24
302565,23
302566,24
302567,16
302568,27
302569,24
302570,16
302571,27
302572,27
302573,4
302574,24
302575,4
302576,5
302577,24
302578,24
302579,16
302581,25
302582,24
302583,30
302584,30
302585,24
302586,28
302587,26
302588,24
302589,24
302590,2
302591,30
302592,16
302593,16
302594,27
302595,9
302596,28
302598,24
302599,16
302600,30
302601,24
302602,16
302603,23
302604,24
302605,5
302606,27
302607,28
302608,10
302609,16
302610,30
302611,24
302612,16
302613,16
302614,30
302615,16
302616,24
302617,1
302618,24
302619,37
302620,31
302621,27
302622,13
302623,4
302624,26
302625,24
302626,24
302627,16
302628,24
302629,31
302630,24
302631,16
302632,24
302633,11
302634,16
302635,18
302636,24
302637,28
302638,30
302639,10
302640,24
302641,4
302642,10
302643,24
302644,24
302645,27
302646,28
302647,28
302648,2
302649,10
302650,16
302651,24
302652,19
302653,8
302654,14
302655,19
302656,24
302657,2
302658,28
302659,16
302660,24
302661,24
302662,30
302663,34
302664,6
302665,8
302666,24
302667,4
302668,31
302669,10
302670,30
302671,24
302672,16
302673,27
302674,24
302675,24
302676,5
302677,10
302678,28
302679,6
302680,16
302681,4
302682,27
302683,24
302684,16
302685,24
302686,24
302687,4
302688,25
302689,23
302690,8
302691,24
302692,16
302693,16
302694,24
302695,24
302696,24
302697,28
302698,24
302699,16
302700,34
302701,16
302702,16
302703,24
302704,28
302705,5
302706,30
302707,27
303149,25
303152,36
303185,16
303198,7
303204,7
303209,16
303216,4
303236,28
303238,28
303248,16
303260,3
303266,38
303267,4
303276,38
303285,10
303290,26
303312,19
303314,30
303315,16
303316,27
303317,16
303318,15
303319,31
303321,10
303322,16
303323,24
303324,16
303325,24
303326,28
303327,16
303328,23
303329,27
303330,37
303331,16
303332,16
303333,34
303334,30
303335,16
303336,23
303337,26
303338,24
303340,30
303341,4
303342,16
303343,16
303344,28
303345,16
303347,24
303348,34
303349,23
303350,16
303351,16
303352,28
303353,24
303355,4
303356,16
303357,30
303358,30
303359,37
303360,26
303361,2
303362,5
303363,4
303364,30
303365,27
303366,5
303367,25
303368,19
303369,24
303370,30
303371,13
303372,39
303373,16
303374,16
303375,28
303376,16
303377,30
303378,30
303379,23
303380,16
303381,24
303382,16
303383,10
303384,24
303385,16
303386,16
303387,4
303388,16
303389,30
303390,16
303391,16
303392,16
303393,9
303394,36
303395,10
303396,1
303397,3
303398,32
303399,24
303400,19
303401,24
303402,24
303403,30
303404,31
303405,2
303406,24
303407,4
303408,24
303409,30
303410,16
303411,4
303412,24
303413,26
303414,8
303420,4
303437,30
303442,4
303484,27
303495,27
303498,23
303511,8
303539,33
303559,30
303586,16
303588,33
303622,4
303636,24
303642,13
303680,3
303681,24
303682,28
303683,8
303684,24
303685,16
303686,23
303688,10
303689,31
303690,28
303691,16
303692,24
303693,24
303695,4
303696,16
303697,30
303698,4
303699,34
303700,16
303702,24
303703,30
303704,38
303705,31
303706,4
303707,36
303708,28
303709,30
303710,30
303711,16
303712,30
303713,16
303714,24
303715,4
303716,28
303717,15
303718,30
303719,8
303720,23
303721,30
303722,31
303723,20
303724,5
303725,16
303726,16
303727,16
303729,30
303730,4
303731,36
303732,16
303733,4
303734,24
303735,30
303736,24
303737,24
303738,10
303739,23
303740,16
303741,30
303742,5
303743,31
303744,16
303745,5
303746,24
303747,24
303748,24
303749,30
303750,5
303751,3
303752,30
303753,10
303754,16
303756,16
303757,20
303758,16
303759,24
303760,30
303761,27
303762,2
303763,3
303764,10
303765,24
303766,31
303767,27
303768,24
303769,16
303770,8
303771,31
303772,37
303773,22
303774,24
303775,30
303776,10
303777,16
303778,23
303779,25
303780,24
303781,16
303782,23
303783,24
303784,16
303785,28
303786,34
303787,24
303788,19
303789,34
303790,28
303791,16
303792,34
303793,16
303794,10
303795,16
303796,30
303797,37
303798,24
303799,16
303800,16
303801,30
303802,16
303803,10
303804,16
303805,16
303806,24
303807,24
303808,31
303809,28
303810,36
303811,24
303812,16
303813,16
303814,24
303815,28
303816,24
303817,28
303818,8
303819,1
303820,24
303821,38
303822,16
303823,24
303824,16
303825,10
303826,30
303827,24
303828,25
303829,4
303830,24
303831,34
303832,16
303833,8
303834,24
303835,26
303836,23
303837,22
303838,28
303839,26
303840,28
303841,19
303842,16
303843,16
303844,10
303845,24
303846,30
303847,16
303848,24
303849,24
303850,23
303851,16
303852,16
303853,24
303854,24
303855,13
303856,24
303857,10
303858,24
303859,6
303860,27
303861,16
303862,16
303863,24
303864,16
303865,16
303866,16
303867,16
303868,28
303869,24
303870,31
303872,24
303873,16
304284,28
304287,31
304312,24
304403,24
304437,25
304444,24
304467,26
304496,16
304503,28
304508,28
304509,8
304511,16
304512,36
304513,10
304514,24
304515,16
304516,34
304517,24
304518,24
304519,6
304520,30
304521,24
304522,16
304523,24
304524,10
304525,19
304526,24
304527,24
304528,16
304529,16
304530,4
304531,16
304532,24
304533,19
304534,34
304535,4
304536,24
304537,16
304539,13
304540,34
304541,16
304543,30
304544,5
304545,16
304546,5
304547,24
304548,16
304549,30
304550,23
304551,27
304552,4
304553,8
304554,16
304555,28
304556,10
304558,34
304559,9
304560,16
304561,24
304562,28
304563,8
304565,34
304566,1
304567,5
304568,30
304569,16
304570,31
304571,16
304572,27
304573,16
304574,27
304575,16
304576,28
304577,16
304578,38
304579,30
304580,24
304581,10
304582,24
304583,16
304584,24
304585,24
304586,28
304587,27
304588,24
304589,24
304590,5
304591,24
304592,8
304593,24
304594,24
304595,16
304596,15
304597,16
304598,37
304599,24
304600,30
304601,23
304602,28
304603,16
304604,30
304605,24
304606,24
304607,16
304608,16
304638,36
304639,24
304646,23
304651,30
304658,27
304676,19
304694,30
304713,16
304720,4
304726,24
304733,8
304754,30
304756,24
304760,24
304761,19
304767,34
304771,16
304773,10
304780,24
304790,28
304791,36
304797,25
304798,24
304813,24
304821,24
304822,16
304829,4
304831,16
304832,16
304833,24
304834,24
304835,2
304836,34
304837,16
304838,30
304839,16
304840,28
304841,28
304842,16
304843,28
304844,5
304845,16
304847,8
304848,16
304849,16
304850,4
304851,5
304852,20
304853,26
304854,16
304855,25
304856,16
304857,34
304858,24
304859,16
304860,24
304861,16
304863,28
304864,36
304865,26
304866,28
304867,31
304868,16
304869,34
304870,16
304871,16
304872,16
304873,23
304874,16
304875,24
304876,20
304877,24
304878,30
304879,30
304880,31
304881,34
304882,16
304883,30
304884,30
304885,27
304886,4
304887,34
304888,8
304889,9
304890,30
304891,16
304892,27
304893,16
304894,34
304895,16
304896,16
304897,2
304898,27
304899,22
304900,10
304901,16
304902,24
304903,28
304904,27
304905,16
304906,30
304907,31
304908,30
304909,34
304910,16
304911,10
304912,30
304913,4
304914,16
304915,30
304916,16
304917,24
304918,16
304919,24
304920,16
304921,4
304922,16
304923,16
304924,24
304925,16
304926,10
304927,13
304928,30
304929,28
304930,30
304931,30
304932,30
304933,8
304934,22
304935,28
304936,19
304937,24
304938,36
304939,24
304940,30
304941,30
304943,25
304944,16
304945,34
304946,4
304947,16
304948,16
304949,24
304950,30
304951,30
304952,30
304953,4
304954,2
304955,0
304956,8
304957,16
304958,26
304959,30
304960,14
304961,16
304962,24
304963,24
304964,24
304965,24
304966,16
304967,28
304968,24
304969,4
304970,24
304971,30
304972,16
304974,16
304975,16
304976,24
304977,2
304978,30
304979,16
304980,24
304981,28
304982,16
304983,10
304984,24
304985,6
304986,14
304987,27
304988,24
304989,16
304990,4
304991,5
304992,16
304993,28
304994,10
304995,24
304996,24
304997,16
304998,37
304999,30
305000,24
305001,24
305002,9
305003,8
305004,28
305005,3
305006,10
305007,16
305008,26
305009,16
305010,27
305011,28
305012,34
305013,24
305014,34
305015,24
305016,4
305017,16
305018,16
305019,24
305020,16
305091,28
305424,27
305507,26
305515,3
305555,16
305558,38
305598,16
305613,16
305625,24
305626,16
305627,24
305628,6
305629,16
305630,16
305631,5
305632,27
305633,4
305634,24
305635,1
305636,16
305637,24
305638,27
305639,8
305640,30
305641,24
305642,24
305643,23
305644,28
305645,24
305646,5
305647,0
305648,16
305649,28
305650,36
305651,16
305652,16
305653,26
305654,16
305655,26
305656,4
305658,27
305660,6
305661,36
305662,19
305663,24
305664,30
305665,24
305666,16
305667,30
305668,8
305669,16
305670,24
305671,27
305672,24
305673,16
305674,24
305675,28
305676,24
305677,30
305678,16
305679,24
305681,8
305682,27
305683,16
305684,24
305685,5
305686,24
305687,16
305688,30
305689,16
305690,19
305691,16
305692,16
305693,24
305694,0
305695,9
305696,8
305697,36
305698,28
305699,38
305700,31
305701,23
305702,16
305703,16
305704,36
305705,32
305706,24
305707,5
305708,24
305709,24
305710,36
305711,24
305712,36
305713,30
305714,31
305715,25
305716,23
305717,31
305718,36
305719,30
305720,10
305721,10
305722,24
305723,24
305724,22
305725,30
305726,24
305727,38
305728,8
305758,34
305761,30
305768,34
305777,23
305787,30
305791,8
305817,34
305838,23
305846,34
305883,30
305897,4
305919,24
305920,28
305939,4
305947,10
305954,30
305981,31
305983,24
305992,10
305994,5
305995,10
305996,24
305998,34
305999,30
306000,16
306001,8
306002,16
306003,16
306004,34
306005,4
306006,24
306007,5
306008,34
306009,28
306010,24
306011,36
306012,30
306013,16
306014,10
306015,28
306016,16
306017,28
306018,24
306019,30
306020,28
306021,22
306022,28
306023,28
306024,16
306025,34
306026,28
306027,16
306028,27
306029,34
306030,28
306031,16
306033,16
306034,23
306035,30
306036,28
306037,2
306038,30
306039,34
306040,16
306041,24
306042,24
306043,31
306044,16
306045,16
306046,16
306047,26
306048,26
306049,24
306050,26
306051,16
306052,30
306053,5
306054,24
306055,27
306056,24
306057,19
306058,16
306059,26
306060,27
306061,16
306062,5
306063,6
306064,27
306065,27
306066,16
306067,24
306068,20
306069,34
306070,27
306071,16
306072,28
306073,27
306074,16
306075,26
306076,30
306077,16
306078,24
306079,16
306080,24
306081,28
306082,24
306083,24
306084,8
306085,16
306086,34
306087,8
306088,26
306089,24
306090,16
306091,28
306092,16
306093,28
306094,30
306095,16
306096,24
306097,22
306098,10
306099,22
306100,16
306101,28
306102,34
306103,24
306104,30
306105,4
306106,16
306107,24
306108,24
306109,24
306110,16
306111,30
306112,16
306113,16
306114,30
306115,26
306116,30
306117,24
306118,20
306119,4
306120,28
306121,24
306122,16
306123,16
306124,24
306125,16
306126,8
306127,16
306128,16
306129,5
306130,24
306131,8
306132,24
306133,16
306134,24
306135,27
306136,16
306137,27
306138,24
306139,2
306140,28
306141,16
306142,24
306143,16
306144,16
306145,31
306146,16
306147,24
306148,27
306149,34
306150,16
306151,37
306152,23
306153,24
306154,26
306155,28
306156,16
306157,28
306158,20
306159,1
306160,28
306161,28
306162,5
306163,16
306164,8
306165,30
306166,28
306167,16
306168,30
306169,24
306170,30
306171,24
306172,28
306173,10
306174,13
306175,16
306176,4
306177,30
306178,24
306179,24
306180,34
306181,31
306182,24
306183,36
306184,16
306185,19
306186,28
306187,16
306188,4
306189,30
306190,28
306191,5
306192,16
306193,24
306194,34
306195,24
306196,27
306197,34
306198,24
306199,13
306200,34
306201,27
306202,24
306203,16
306204,6
306205,5
306206,16
306207,16
306208,16
306209,16
306210,26
306211,24
306212,19
306213,20
306214,28
306215,16
306216,30
306217,16
306218,0
306478,16
306563,28
306596,3
306665,4
306681,28
306723,16
306731,16
306732,8
306734,18
306745,23
306751,16
306780,34
306786,30
306790,4
306794,24
306795,9
306796,19
306797,28
306798,10
306799,19
306800,16
306801,24
306802,28
306803,28
306804,30
306805,30
306806,16
306807,13
306808,30
306809,16
306810,16
306811,4
306812,24
306813,24
306814,16
306815,16
306816,31
306817,19
306818,24
306819,24
306820,16
306821,16
306822,16
306823,16
306824,30
306825,5
306826,24
306827,10
306828,16
306829,34
306830,8
306831,19
306832,7
306833,28
306834,16
306835,16
306836,30
306837,2
306838,30
306839,30
306840,4
306841,16
306842,10
306843,34
306844,30
306845,19
306846,31
306847,20
306848,37
306849,16
306850,19
306851,26
306852,24
306853,30
306854,16
306855,30
306856,13
306857,24
306858,16
306859,16
306860,24
306861,28
306862,28
306863,16
306864,4
306865,16
306866,16
306867,34
306868,16
306869,16
306870,24
306873,16
306874,4
306875,16
306876,5
306877,24
306878,8
306879,25
306880,30
306881,27
306882,31
306883,36
306884,16
306885,24
306886,10
306887,38
306888,10
306889,30
306890,31
306891,4
306892,30
306894,30
306895,13
306896,24
306897,24
306898,24
306899,30
306905,24
306909,30
306915,16
306920,20
306925,10
306947,24
306952,6
306991,24
307012,34
307020,4
307030,24
307034,4
307036,16
307041,24
307060,24
307063,2
307064,16
307066,30
307071,24
307078,16
307080,30
307091,30
307111,24
307117,30
307122,4
307123,34
307124,16
307126,20
307127,27
307128,24
307129,16
307130,10
307132,16
307134,24
307135,31
307136,4
307137,28
307138,5
307139,4
307140,24
307141,9
307142,36
307145,6
307146,24
307147,16
307148,5
307149,19
307150,4
307151,24
307153,16
307154,26
307155,16
307157,16
307158,16
307159,31
307160,16
307161,30
307162,6
307163,30
307164,28
307165,26
307166,24
307167,27
307168,24
307169,6
307170,5
307172,5
307173,24
307174,16
307176,2
307177,22
307178,19
307179,39
307180,24
307181,24
307182,27
307183,34
307184,24
307185,31
307186,34
307187,2
307188,2
307189,30
307190,30
307191,30
307192,10
307193,5
307194,10
307195,24
307196,16
307197,30
307198,25
307199,24
307200,24
307201,27
307202,24
307203,31
307204,30
307205,16
307206,10
307207,16
307208,30
307209,16
307210,16
307211,16
307212,28
307213,16
307214,30
307215,30
307216,30
307217,39
307218,4
307219,16
307220,16
307221,27
307222,24
307223,24
307225,25
307226,30
307227,30
307228,27
307229,30
307230,24
307231,30
307232,30
307233,16
307234,34
307235,30
307236,25
307237,24
307238,24
307239,27
307240,30
307241,24
307242,28
307243,30
307244,27
307245,28
307246,24
307247,13
307248,16
307249,24
307250,30
307251,28
307252,16
307253,28
307254,37
307255,27
307256,13
307257,16
307258,24
307259,30
307260,36
307261,27
307262,4
307263,16
307264,28
307265,24
307266,30
307267,3
307268,28
307269,28
307270,24
307271,27
307272,24
307273,16
307274,28
307275,8
307276,16
307277,4
307278,34
307279,16
307280,28
307281,16
307282,30
307283,28
307284,30
307285,10
307286,24
307287,24
307288,10
307289,10
307290,30
307291,24
307292,4
307293,24
307294,4
307295,30
307296,9
307297,34
307298,4
307299,28
307300,16
307301,8
307302,24
307303,24
307304,30
307305,16
307306,16
307307,37
307308,5
307309,30
307310,24
307311,16
307312,16
307313,10
307314,24
307315,24
307316,27
307317,5
307318,24
307319,16
307320,27
307321,8
307323,27
307324,24
307325,27
307326,24
307327,28
307328,24
307329,30
307330,30
307331,28
307332,27
307333,24
307334,34
307335,16
307336,5
307337,4
307730,33
307751,26
307872,31
307895,16
307900,16
307911,19
307924,31
307925,16
307926,19
307929,16
307936,10
307941,24
307944,27
307947,5
307948,16
307950,33
307951,24
307952,19
307953,24
307954,31
307955,16
307956,5
307957,28
307958,27
307959,27
307960,16
307961,8
307962,24
307963,38
307964,27
307965,24
307966,6
307967,4
307968,4
307969,16
307970,23
307971,23
307972,31
307973,16
307974,10
307975,27
307976,30
307977,24
307978,13
307979,31
307981,16
307982,16
307983,16
307984,24
307986,24
307987,30
307988,4
307989,10
307990,31
307991,24
307992,28
307993,24
307994,16
307995,25
307996,16
307997,32
307998,16
307999,16
308000,16
308001,34
308002,19
308003,24
308004,2
308005,4
308006,8
308007,27
308008,24
308009,30
308010,2
308011,16
308012,24
308013,30
308014,24
308015,8
308016,24
308017,8
308018,24
308019,16
308020,26
308021,16
308022,34
308023,24
308024,27
308025,16
308026,26
308027,28
308028,34
308029,30
308030,16
308031,38
308032,16
308033,16
308034,4
308035,24
308036,24
308037,37
308038,16
308039,16
308040,8
308041,16
308042,16
308043,30
308044,16
308045,28
308052,24
308054,28
308056,30
308065,28
308071,16
308077,37
308091,28
308129,22
308139,36
308141,16
308154,25
308170,30
308222,16
308229,16
308239,37
308249,10
308250,36
308251,24
308252,1
308253,24
308254,16
308256,27
308257,26
308258,30
308259,16
308260,30
308261,37
308262,28
308263,25
308265,30
308266,19
308267,24
308269,24
308270,24
308271,16
308272,28
308273,6
308274,16
308275,3
308276,30
308277,24
308278,8
308279,4
308280,28
308281,16
308282,16
308283,24
308284,16
308285,30
308286,16
308288,36
308289,30
308290,30
308291,30
308292,16
308293,24
308294,24
308295,16
308297,24
308298,24
308299,30
308300,31
308301,8
308302,4
308304,24
308305,16
308306,28
308307,30
308308,16
308309,24
308310,30
308311,16
308312,2
308313,10
308314,30
308315,24
308316,30
308317,24
308318,16
308319,16
308320,28
308321,30
308322,3
308323,8
308324,30
308325,24
308326,16
308327,24
308328,28
308329,10
308330,16
308331,27
308332,16
308333,30
308334,24
308335,27
308336,16
308337,16
308338,4
308339,27
308340,4
308341,16
308342,10
308343,31
308344,30
308345,10
308346,30
308347,23
308348,30
308349,25
308350,24
308351,30
308352,24
308353,24
308354,24
308355,30
308356,24
308357,24
308358,28
308359,24
308360,16
308361,30
308362,18
308363,24
308364,24
308365,16
308366,24
308367,16
308368,24
308369,24
308370,24
308371,24
308372,16
308373,16
308374,24
308375,16
308376,24
308377,16
308378,16
308379,30
308380,24
308381,24
308382,24
308384,16
308385,16
308386,16
308387,2
308388,8
308389,24
308390,16
308391,16
308392,28
308393,24
308394,24
308395,16
308396,4
308397,30
308398,24
308399,24
308400,30
308401,30
308402,2
308403,16
308404,10
308405,3
308406,5
308407,34
308408,28
308409,30
308410,36
308411,16
308412,28
308413,16
308414,10
308415,4
308417,8
308418,24
308419,27
308420,16
308421,24
308422,24
308423,24
308424,24
308425,16
308426,28
308427,26
308428,30
308429,24
308430,24
308431,24
308432,24
308433,34
308434,26
308435,27
308436,16
308437,16
308438,34
308439,23
308440,15
308441,16
308442,24
308443,9
308444,24
308445,22
308446,24
308447,16
308448,24
308449,16
308450,24
308451,26
308452,24
308453,28
308454,34
308455,27
308456,24
308457,4
308458,27
308459,16
308460,28
308461,24
308462,16
308463,24
308464,39
308465,2
308466,28
308815,27
308852,16
308907,16
308912,13
308974,24
308998,31
309015,16
309020,24
309026,28
309029,16
309030,8
309031,16
309032,7
309033,10
309034,1
309035,10
309036,24
309037,24
309039,25
309040,16
309041,10
309042,16
309043,28
309044,16
309045,16
309046,10
309047,24
309049,10
309050,24
309051,34
309052,34
309053,16
309054,24
309055,16
309056,5
309057,5
309058,19
309059,38
309060,4
309061,16
309062,18
309063,10
309064,24
309065,24
309066,16
309067,30
309068,24
309069,16
309070,16
309071,30
309072,24
309074,27
309075,28
309076,39
309077,24
309078,22
309079,8
309080,16
309081,16
309082,4
309083,34
309084,30
309085,16
309086,30
309087,30
309088,24
309089,28
309090,16
309091,4
309092,4
309094,16
309095,10
309096,27
309097,24
309098,24
309099,10
309100,5
309101,34
309102,34
309103,4
309104,16
309105,4
309106,24
309107,24
309108,30
309109,36
309110,36
309111,24
309112,24
309113,16
309114,25
309115,10
309116,24
309117,24
309118,8
309119,24
309120,24
309121,16
309122,4
309123,24
309124,5
309125,27
309126,16
309127,4
309128,30
309129,30
309130,30
309131,5
309132,24
309133,30
309134,16
309153,9
309157,13
309163,31
309167,16
309183,16
309192,8
309193,24
309195,24
309205,24
309213,2
309224,24
309241,3
309249,30
309254,24
309274,26
309309,30
309310,24
309312,16
309327,20
309356,13
309362,4
309364,16
309375,24
309377,16
309379,24
309380,16
309382,24
309383,4
309384,30
309385,8
309386,4
309387,34
309388,24
309390,31
309391,23
309392,25
309393,3
309394,34
309395,10
309396,26
309397,24
309398,16
309399,24
309401,24
309402,27
309403,30
309405,28
309407,34
309408,28
309409,16
309410,28
309411,16
309412,30
309413,30
309414,16
309415,16
309417,6
309418,16
309419,16
309420,2
309421,5
309422,30
309423,16
309424,5
309425,24
309426,24
309427,38
309428,24
309429,4
309430,10
309431,10
309432,34
309433,16
309434,16
309435,2
309436,16
309437,24
309438,8
309440,16
309441,34
309442,16
309443,8
309444,25
309445,24
309446,24
309447,34
309448,25
309449,30
309450,16
309451,16
309452,34
309453,27
309454,34
309455,27
309456,30
309457,16
309458,16
309459,16
309460,16
309461,24
309462,10
309463,23
309464,16
309465,24
309466,27
309467,30
309468,24
309469,27
309470,26
309471,24
309472,24
309473,24
309474,34
309475,37
309476,16
309477,30
309478,28
309479,3
309480,16
309481,24
309482,30
309484,24
309485,5
309486,16
309487,24
309488,30
309489,16
309490,16
309491,34
309492,24
309493,16
309494,34
309495,9
309496,26
309497,2
309498,30
309499,30
309500,10
309501,16
309502,24
309503,38
309504,24
309505,16
309506,16
309507,36
309508,16
309509,24
309510,5
309511,24
309512,16
309513,24
309514,24
309515,24
309516,4
309517,24
309518,16
309519,16
309520,16
309521,30
309523,5
309524,16
309525,28
309526,30
309527,24
309528,34
309529,24
309530,28
309531,4
309532,30
309533,24
309534,28
309535,28
309536,28
309537,4
309538,25
309539,24
309540,24
309541,16
309542,5
309543,24
309544,4
309545,5
309546,28
309547,31
309548,31
309549,26
309550,34
309551,24
309552,27
309553,23
309554,24
309555,27
309556,24
309557,4
309558,16
309559,24
309560,28
309561,24
309562,28
309563,24
309564,27
309565,16
309566,16
309567,28
309568,24
309569,16
309570,16
309571,34
309572,30
309573,16
309574,4
309575,27
309576,24
309577,23
309578,24
309579,8
309580,31
309581,24
309582,31
309583,27
309584,10
309585,39
309586,10
309872,4
310049,16
310056,34
310078,26
310079,16
310097,28
310102,8
310111,30
310129,5
310142,22
310148,8
310154,28
310157,16
310160,30
310163,24
310165,30
310166,5
310168,4
310169,28
310170,24
310171,28
310172,26
310174,16
310175,23
310177,32
310178,8
310179,24
310180,37
310181,34
310182,24
310183,24
310184,24
310185,26
310186,37
310187,27
310188,27
310189,23
310190,24
310191,5
310192,16
310193,28
310194,22
310195,24
310196,34
310197,2
310198,33
310199,16
310200,16
310201,2
310202,27
310203,34
310204,5
310205,26
310206,27
310207,34
310208,27
310209,30
310210,27
310211,10
310212,27
310213,16
310214,26
310215,28
310216,19
310217,13
310218,8
310219,28
310220,16
310221,25
310222,8
310223,16
310224,22
310225,24
310226,24
310227,16
310228,13
310229,16
310230,2
310231,13
310232,16
310233,24
310234,30
310235,34
310236,34
310237,13
310238,24
310239,10
310240,16
310241,30
310242,28
310243,5
310244,16
310245,5
310246,16
310247,37
310248,6
310249,28
310250,16
310251,38
310252,30
310253,31
310254,10
310255,28
310256,24
310257,24
310258,23
310259,24
310260,16
310261,4
310262,24
310263,16
310264,24
310265,24
310266,30
310267,16
310268,37
310269,16
310270,27
310271,30
310272,24
310273,30
310274,27
310275,5
310276,33
310277,27
310278,34
310279,16
310280,24
310281,16
310282,25
310283,24
310285,27
310286,36
310287,16
310288,24
310289,30
310306,13
310312,19
310329,38
310352,4
310357,36
310366,24
310372,16
310385,24
310391,30
310406,16
310420,16
310428,16
310444,16
310460,26
310462,27
310487,16
310488,16
310499,30
310501,16
310512,24
310513,34
310514,16
310515,4
310517,31
310518,16
310519,32
310520,23
310521,24
310522,34
310524,36
310525,24
310526,24
310528,9
310529,22
310530,2
310531,18
310532,34
310533,4
310534,10
310536,24
310537,30
310538,16
310539,30
310540,24
310541,31
310542,16
310543,34
310544,27
310545,16
310546,34
310547,4
310548,23
310549,24
310550,4
310551,3
310552,25
310553,24
310554,16
310555,30
310556,24
310557,26
310558,26
310559,26
310561,24
310562,27
310563,13
310564,30
310565,30
310566,10
310567,13
310568,16
310569,31
310570,5
310571,30
310572,28
310573,28
310574,24
310575,10
310576,27
310577,28
310578,16
310579,27
310580,24
310581,16
310582,28
310583,16
310584,27
310585,4
310586,27
310587,2
310588,30
310589,24
310590,30
310591,30
310592,26
310593,23
310594,9
310595,30
310596,27
310597,5
310598,23
310599,24
310600,30
310601,24
310602,16
310603,24
310604,24
310605,31
310606,34
310607,4
310608,34
310609,24
310610,24
310611,2
310612,16
310613,30
310614,24
310615,34
310616,30
310617,30
310618,3
310619,3
310620,30
310621,28
310622,30
310623,30
310624,8
310625,16
310626,30
310627,30
310628,16
310629,16
310630,30
310631,16
310632,24
310633,13
310634,16
310635,28
310636,8
310638,26
310639,24
310640,30
310641,26
310642,27
310643,34
310644,16
310645,8
310646,24
310647,10
310648,24
310649,20
310650,10
310653,34
310654,24
310655,16
310656,30
310657,30
310658,16
310659,8
310660,8
310661,25
310662,27
310663,24
310664,16
310665,13
310666,16
310667,25
310668,16
310669,24
310670,24
310671,5
310672,24
310673,5
310674,8
310675,16
310676,4
310677,34
310678,16
310679,37
310680,30
310681,5
310682,34
310683,4
310684,24
310685,16
310686,24
310687,27
310688,26
310689,16
310690,16
310691,10
310692,24
310693,16
310694,24
310695,28
310696,5
310697,37
310698,34
310699,24
310700,16
310701,27
310702,16
310703,16
310704,16
310705,4
310706,26
310707,24
310708,16
310709,4
310710,27
311118,26
311154,16
311168,8
311255,16
311262,16
311269,24
311277,16
311324,28
311326,16
311328,16
311330,24
311331,24
311332,34
311333,2
311334,24
311335,27
311336,27
311337,26
311338,16
311339,27
311340,30
311341,26
311342,24
311343,34
311344,20
311345,16
311346,16
311347,24
311348,8
311349,24
311350,5
311351,8
311352,30
311353,24
311354,27
311355,5
311356,30
311357,16
311358,16
311359,26
311360,4
311361,30
311362,16
311363,3
311364,16
311365,27
311366,9
311368,16
311369,24
311370,9
311371,8
311372,4
311373,16
311374,30
311375,16
311376,30
311377,24
311378,4
311379,16
311381,24
311382,2
311384,11
311385,16
311386,16
311387,16
311388,4
311389,4
311390,16
311391,4
311392,16
311393,24
311394,27
311395,31
311396,37
311397,16
311398,16
311399,16
311400,25
311401,24
311402,16
311403,22
311404,16
311405,34
311406,28
311407,2
311408,2
311409,16
311410,23
311411,24
311412,16
311413,4
311414,24
311415,37
311416,24
311417,2
311418,30
311419,16
311420,24
311421,28
311422,26
311424,4
311425,4
311426,10
311427,16
311428,10
311429,23
311431,24
311432,16
311434,4
311437,4
311442,27
311459,16
311463,16
311467,30
311475,4
311481,19
311482,34
311489,10
311493,27
311495,23
311496,16
311504,10
311533,24
311552,16
311586,34
311588,34
311589,26
311595,30
311599,30
311626,27
311637,31
311640,16
311642,24
311660,24
311684,4
311685,34
311686,16
311687,16
311688,5
311689,16
311690,9
311691,10
311692,28
311693,24
311694,28
311695,30
311696,30
311697,24
311698,20
311700,16
311701,28
311702,16
311703,30
311704,24
311706,36
311707,30
311708,5
311709,16
311710,37
311711,4
311712,24
311713,36
311714,27
311715,24
311716,24
311717,10
311718,37
311719,8
311720,34
311721,10
311722,24
311723,13
311724,30
311725,28
311726,30
311727,24
311728,32
311729,27
311731,23
311732,16
311733,10
311734,16
311735,16
311736,30
311737,16
311738,24
311739,16
311740,10
311742,30
311743,16
311744,16
311745,3
311746,1
311747,30
311748,24
311749,30
311750,24
311751,16
311752,24
311753,37
311754,24
311755,30
311756,30
311757,16
311758,24
311759,4
311760,24
311761,5
311762,24
311763,10
311764,10
311765,24
311766,16
311767,16
311768,16
311770,30
311771,30
311772,24
311773,30
311774,26
311775,30
311776,16
311777,10
311778,30
311779,24
311780,16
311781,4
311782,4
311783,16
311784,36
311785,23
311786,10
311787,32
311788,34
311789,31
311790,34
311791,28
311792,37
311793,28
311794,30
311795,16
311796,24
311797,16
311798,24
311799,24
311800,23
311801,4
311802,30
311803,27
311804,37
311805,16
311806,5
311807,30
311808,16
311809,30
311810,24
311811,9
311812,28
311813,10
311814,5
311815,16
311816,16
311817,24
311818,9
311819,2
311820,27
311821,4
311822,30
311823,16
311824,34
311825,10
311826,24
311827,36
311828,13
311829,16
311830,16
311831,37
311832,24
311833,34
311834,27
311835,5
311836,24
311837,27
311838,16
311839,16
311840,28
311841,24
311842,5
311843,4
311844,5
311845,16
311846,24
311847,8
311848,27
311849,24
311850,16
311851,13
311852,5
311853,24
311854,4
311855,16
311856,16
311857,31
311858,34
311859,30
311860,24
311861,24
311862,16
311863,34
311864,24
312174,28
312227,25
312276,26
312293,28
312317,19
312351,16
312365,37
312367,16
312372,24
312385,4
312392,28
312414,31
312434,30
312438,3
312441,28
312446,16
312447,16
312448,10
312449,5
312450,34
312451,24
312452,13
312453,27
312454,28
312455,10
312456,24
312457,8
312458,16
312459,23
312460,8
312461,23
312462,24
312464,24
312465,30
312466,24
312467,16
312468,8
312469,34
312470,16
312471,27
312472,3
312473,16
312474,4
312475,30
312476,16
312477,10
312479,26
312480,24
312483,28
312484,24
312485,16
312486,16
312487,4
312488,24
312489,24
312490,27
312492,16
312493,30
312494,24
312495,16
312496,16
312497,24
312498,16
312499,16
312500,4
312501,16
312502,28
312503,24
312504,25
312505,24
312506,27
312507,10
312508,16
312509,6
312510,16
312511,24
312512,8
312513,30
312514,24
312515,16
312516,16
312517,24
312518,34
312519,28
312520,10
312521,28
312522,27
312523,28
312524,24
312525,24
312526,30
312527,24
312528,23
312529,24
312530,11
312531,3
312532,24
312533,28
312534,10
312535,24
312538,31
312539,28
312540,16
312541,36
312542,24
312544,31
312545,9
312546,24
312547,16
312548,30
312549,4
312550,5
312551,34
312552,16
312553,5
312554,30
312555,33
312556,30
312557,24
312563,10
312564,30
312565,8
312568,30
312569,30
312575,24
312625,4
312634,16
312639,31
312640,13
312644,2
312677,30
312711,30
312712,24
312717,10
312726,20
312728,16
312736,16
312745,30
312746,16
312748,28
312759,16
312788,2
312792,5
312800,24
312812,1
312813,24
312818,16
312820,2
312821,16
312822,28
312823,27
312824,24
312825,24
312827,28
312828,24
312830,24
312831,30
312832,24
312833,10
312834,30
312835,28
312836,4
312837,30
312838,4
312840,10
312841,28
312842,24
312844,24
312845,10
312847,16
312848,31
312849,31
312850,30
312851,30
312852,2
312853,16
312854,16
312855,16
312856,30
312857,27
312858,38
312859,34
312860,4
312861,6
312862,16
312863,24
312864,30
312865,23
312866,16
312867,9
312868,16
312869,36
312870,16
312871,31
312872,16
312873,27
312874,16
312875,4
312876,36
312877,23
312878,16
312879,8
312880,31
312881,23
312882,26
312883,30
312884,16
312885,27
312886,16
312887,24
312888,16
312889,30
312890,1
312891,27
312892,34
312893,30
312894,30
312895,28
312896,24
312897,27
312898,24
312899,24
312900,24
312901,24
312902,8
312903,27
312904,16
312905,16
312906,24
312907,30
312909,24
312910,5
312911,16
312912,10
312913,24
312914,26
312915,30
312916,16
312917,28
312918,30
312919,16
312920,24
312921,24
312922,34
312923,30
312924,24
312925,30
312926,4
312927,37
312928,24
312929,24
312930,4
312931,27
312932,16
312933,28
312934,10
312935,28
312936,24
312937,16
312938,27
312939,24
312940,16
312941,28
312942,30
312943,16
312944,16
312945,16
312946,16
312947,16
312948,27
312949,24
312950,16
312951,16
312952,16
312953,30
312954,16
312955,26
312956,5
312957,24
312958,30
312959,30
312960,16
312961,24
312962,16
312963,24
312964,32
312965,28
312966,16
312967,5
312968,24
312969,4
312970,28
312971,16
312972,24
312973,2
312974,24
312975,28
312976,33
312977,28
312978,16
312979,24
312980,24
312981,30
312982,30
312983,24
312984,16
312985,24
312986,10
312987,4
312988,2
312989,8
312990,2
312991,34
312992,30
312993,30
312994,16
312995,16
312996,34
312997,16
312998,24
312999,24
313000,36
313001,24
313002,24
313003,24
313004,16
313005,16
313006,16
313007,16
313008,27
313009,4
313010,8
313011,24
313012,4
313013,24
313014,23
313015,24
313016,28
313017,36
313018,28
313019,27
313020,16
313021,24
313022,24
313023,28
313024,24
313025,24
313026,37
313027,24
313028,16
313030,30
313031,16
313032,16
313457,16
313458,16
313473,16
313499,32
313532,24
313536,10
313550,20
313571,16
313587,5
313590,24
313613,24
313633,24
313634,28
313637,25
313638,37
313639,31
313640,24
313642,8
313643,30
313644,10
313645,10
313646,24
313647,5
313648,24
313649,2
313650,20
313653,16
313654,30
313655,10
313656,28
313657,30
313658,31
313659,25
313660,30
313661,26
313662,24
313663,16
313664,16
313665,36
313666,24
313667,4
313668,16
313669,24
313670,31
313671,24
313672,24
313673,3
313674,31
313675,33
313676,30
313677,16
313678,2
313679,24
313680,27
313681,24
313682,19
313683,37
313684,16
313685,30
313686,38
313687,24
313688,16
313689,28
313690,16
313691,16
313692,27
313695,16
313696,5
313697,20
313698,24
313699,24
313700,4
313701,16
313703,28
313704,30
313705,30
313706,16
313707,16
313708,34
313709,2
313710,2
313711,31
313712,27
313713,28
313714,24
313715,16
313716,5
313718,5
313719,26
313720,4
313721,5
313722,19
313723,34
313724,24
313726,16
313727,30
313728,24
313729,10
313730,10
313731,24
313732,5
313733,24
313734,24
313735,24
313750,30
313771,24
313775,19
313792,10
313798,16
313802,16
313804,16
313808,30
313820,28
313828,37
313830,24
313845,16
313877,18
313878,28
313883,2
313909,8
313956,34
313962,16
313979,24
313984,28
313989,30
313995,30
313996,24
313997,16
314000,25
314001,33
314002,13
314003,27
314005,16
314006,16
314008,24
314009,16
314010,4
314011,10
314013,20
314014,31
314015,4
314017,4
314018,16
314019,27
314020,34
314022,4
314023,24
314024,4
314025,16
314026,16
314027,39
314028,16
314029,16
314030,16
314031,16
314032,14
314033,24
314034,31
314035,30
314036,24
314037,28
314038,30
314039,30
314040,28
314041,24
314042,30
314043,31
314044,24
314045,24
314046,24
314047,30
314048,24
314049,16
314050,23
314051,30
314052,23
314053,5
314054,28
314055,34
314056,27
314057,27
314058,16
314059,16
314060,30
314061,24
314062,16
314063,16
314064,23
314065,28
314066,30
314067,38
314068,8
314069,30
314070,2
314071,24
314072,30
314073,10
314074,5
314075,26
314076,24
314077,30
314078,24
314079,30
314080,10
314081,24
314082,28
314083,24
314084,16
314085,28
314086,16
314087,25
314088,34
314089,28
314090,16
314091,24
314092,27
314093,27
314094,4
314095,24
314096,5
314097,34
314098,10
314099,10
314100,5
314101,4
314102,24
314104,16
314105,26
314106,16
314107,24
314108,16
314109,4
314110,14
314111,30
314112,24
314114,19
314115,16
314116,30
314117,16
314118,36
314119,16
314120,3
314121,24
314122,13
314123,24
314124,30
314125,0
314126,27
314127,27
314128,24
314129,16
314130,16
314131,31
314132,7
314133,24
314134,24
314135,13
314136,7
314137,16
314138,16
314139,8
314140,16
314141,28
314142,16
314143,30
314144,26
314145,3
314146,24
314147,27
314148,8
314149,24
314150,28
314151,24
314152,1
314153,24
314154,24
314155,30
314156,15
314157,24
314158,16
314159,4
314160,36
314161,24
314162,24
314163,24
314164,24
314165,37
314166,24
314167,24
314168,24
314169,4
314170,34
314171,16
314172,24
314173,28
314174,4
314175,16
314176,16
314177,9
314178,16
314179,16
314542,23
314605,3
314640,16
314656,16
314699,23
314702,16
314711,30
314757,34
314764,10
314788,16
314789,16
314791,16
314794,24
314796,28
314798,16
314799,24
314800,16
314801,34
314802,25
314803,23
314804,5
314805,9
314806,16
314807,28
314808,24
314809,30
314810,8
314811,24
314812,24
314813,24
314814,24
314815,16
314816,5
314817,16
314818,26
314819,24
314820,28
314821,26
314822,13
314823,37
314824,30
314826,16
314827,16
314828,16
314829,24
314830,16
314831,34
314832,16
314833,27
314834,16
314835,16
314836,4
314838,28
314839,15
314840,13
314841,30
314842,24
314843,16
314844,16
314845,30
314846,30
314847,16
314848,30
314849,16
314850,16
314851,16
314852,36
314853,16
314854,25
314855,16
314856,5
314857,27
314858,26
314859,2
314860,24
314861,27
314862,26
314863,25
314864,24
314865,5
314866,16
314867,24
314868,28
314869,28
314870,24
314871,19
314872,16
314873,23
314874,24
314875,16
314876,34
314877,16
314878,16
314879,16
314880,27
314881,24
314882,30
314883,26
314884,24
314885,34
314886,24
314887,24
314888,24
314889,24
314890,24
314891,24
314892,26
314893,8
314894,16
314895,19
314896,24
314897,30
314898,28
314899,24
314900,30
314912,34
314935,24
314948,24
314955,31
314960,8
314984,24
314987,16
315030,16
315036,30
315044,24
315059,4
315066,16
315085,30
315089,26
315111,24
315115,8
315123,24
315126,28
315128,16
315132,24
315143,16
315154,16
315158,16
315159,24
315160,16
315162,5
315163,36
315164,24
315165,27
315166,4
315167,31
315169,24
315170,10
315171,24
315172,39
315173,16
315174,16
315176,5
315177,28
315178,4
315179,16
315180,10
315181,34
315182,19
315183,16
315184,30
315185,31
315186,30
315187,5
315188,16
315189,23
315190,30
315191,10
315192,16
315193,24
315194,24
315195,2
315196,30
315197,26
315198,24
315199,24
315200,30
315201,30
315202,30
315203,27
315204,16
315205,5
315206,24
315207,27
315208,27
315209,39
315210,30
315211,2
315212,16
315213,27
315214,24
315215,30
315216,30
315217,10
315218,34
315219,16
315220,24
315221,10
315222,30
315224,24
315225,24
315226,31
315227,10
315228,30
315229,27
315230,30
315231,24
315232,30
315233,30
315234,30
315235,16
315236,5
315237,16
315238,10
315239,27
315240,16
315242,24
315243,30
315244,37
315245,16
315246,24
315247,24
315248,24
315249,16
315250,30
315251,10
315252,34
315253,4
315254,34
315255,24
315256,27
315257,24
315258,30
315259,30
315260,24
315261,28
315262,23
315263,24
315264,30
315265,16
315266,26
315267,4
315268,28
315269,30
315270,16
315271,24
315272,1
315273,34
315274,8
315275,30
315276,16
315277,31
315278,16
315279,16
315280,16
315281,16
315282,9
315283,30
315284,16
315285,30
315286,20
315287,31
315288,30
315289,36
315290,13
315291,28
315292,36
315293,16
315294,24
315295,2
315297,24
315298,8
315299,16
315300,24
315301,16
315302,28
315303,24
315304,16
315305,34
315306,28
315307,4
315308,24
315309,30
315310,31
315311,3
315312,28
315313,16
315314,23
315315,16
315316,30
315317,16
315318,34
315319,0
315320,24
315321,3
315322,16
315324,30
315325,24
315326,24
315327,16
315328,4
315329,24
315330,33
315331,24
315332,16
315333,24
315334,30
315335,30
315336,24
315337,24
315338,16
315339,10
315340,30
315341,27
315342,24
315343,37
315344,24
315345,4
315346,16
315347,24
315348,16
315349,8
315350,2
315351,16
315352,24
315353,24
315354,10
315355,16
315356,23
315357,26
315358,27
315359,16
315360,36
315361,24
315362,31
315363,26
315364,24
315365,24
315366,30
315367,16
315368,2
315369,10
315370,30
315371,16
315372,27
315373,16
315374,16
315375,16
315850,5
315941,5
315955,24
315958,16
315971,34
315985,20
315987,16
315988,16
315989,4
315991,5
315993,30
315994,16
315995,26
315996,16
315997,8
315998,24
315999,24
316000,4
316001,24
316002,30
316003,16
316004,6
316005,5
316006,28
316007,34
316008,16
316009,24
316010,23
316013,24
316014,16
316015,39
316016,19
316017,4
316018,19
316019,23
316020,2
316021,16
316022,24
316023,38
316024,5
316025,30
316026,30
316027,30
316028,24
316029,16
316030,16
316031,16
316032,25
316033,19
316034,19
316035,24
316036,30
316037,28
316038,16
316039,30
316040,28
316041,16
316042,13
316043,16
316044,28
316045,16
316046,30
316047,16
316048,19
316049,19
316050,19
316051,18
316052,24
316053,28
316054,19
316055,8
316056,31
316057,24
316058,10
316059,16
316060,30
316061,4
316062,8
316063,24
316064,16
316066,10
316067,30
316068,24
316069,24
316070,24
316071,4
316072,4
316073,10
316074,24
316075,33
316076,24
316077,24
316078,16
316079,16
316080,30
316081,16
316082,24
316083,16
316084,16
316085,30
316095,34
316099,26
316113,24
316115,28
316129,26
316148,9
316152,30
316159,30
316170,16
316174,16
316180,16
316186,30
316188,24
316196,24
316204,16
316212,16
316219,24
316227,24
316233,16
316236,16
316243,16
316263,30
316266,30
316267,24
316269,30
316283,30
316284,28
316295,30
316297,16
316304,36
316314,24
316315,31
316316,31
316317,4
316318,28
316319,31
316320,19
316321,4
316323,16
316324,31
316325,16
316326,24
316327,3
316328,2
316329,30
316330,30
316332,27
316333,36
316335,30
316336,4
316337,10
316338,27
316339,30
316340,30
316341,28
316343,5
316344,27
316345,34
316346,4
316348,24
316349,30
316350,28
316351,24
316352,30
316353,16
316354,36
316355,34
316356,30
316357,16
316358,30
316359,4
316361,34
316362,28
316363,28
316364,30
316365,4
316366,30
316367,4
316368,30
316369,16
316370,34
316371,24
316372,16
316373,31
316374,16
316375,24
316376,16
316377,24
316378,24
316379,24
316380,30
316381,16
316382,10
316383,16
316384,16
316385,23
316386,4
316387,30
316388,24
316389,16
316390,13
316391,24
316392,24
316393,16
316394,27
316395,34
316396,34
316397,27
316398,34
316399,26
316400,4
316401,24
316402,16
316403,34
316404,2
316405,24
316406,25
316407,27
316408,24
316409,31
316411,25
316412,13
316413,16
316414,24
316415,24
316416,4
316417,34
316418,24
316419,10
316421,36
316423,4
316424,28
316425,19
316426,24
316427,16
316428,34
316429,24
316430,10
316431,24
316432,4
316433,16
316434,28
316435,16
316436,16
316437,25
316438,24
316439,24
316440,24
316441,30
316442,16
316443,24
316444,26
316445,16
316446,31
316447,3
316448,16
316449,34
316450,10
316451,16
316452,30
316453,30
316454,5
316455,16
316456,16
316457,36
316458,28
316459,16
316460,28
316461,28
316462,28
316463,16
316464,16
316465,37
316466,28
316467,24
316468,0
316469,4
316470,16
316471,16
316472,24
316473,16
316474,22
316475,10
316476,24
316477,16
316478,16
316479,2
316480,24
316481,5
316482,6
316483,24
316484,24
316485,9
316486,30
316487,27
316488,16
316489,24
316490,16
316491,16
316492,24
316493,24
316494,24
316495,2
316496,24
316497,27
316498,2
316499,30
316500,24
316501,27
316502,10
316503,31
316504,16
316505,24
316506,30
316507,24
316508,30
316509,27
316510,30
316511,30
316512,16
316513,2
316514,36
316515,16
316516,5
316517,16
316518,28
316519,16
316520,30
316521,19
316522,27
316523,16
316524,24
316525,16
316526,26
316527,24
316528,30
316529,25
316530,16
316631,3
316863,19
316933,16
316961,22
317005,16
317038,24
317067,4
317076,16
317139,9
317141,16
317142,28
317143,5
317144,4
317145,16
317146,24
317147,30
317148,16
317149,26
317150,26
317151,16
317153,4
317155,3
317157,25
317158,4
317159,37
317160,24
317161,24
317163,2
317164,26
317165,4
317166,6
317167,10
317168,34
317169,9
317170,28
317171,24
317172,26
317173,24
317174,24
317175,2
317176,16
317177,5
317178,4
317179,16
317180,2
317181,16
317182,16
317183,33
317184,13
317185,28
317186,28
317187,16
317188,24
317189,27
317190,27
317191,28
317192,2
317193,24
317194,30
317195,30
317196,30
317197,24
317198,16
317199,28
317200,16
317201,16
317202,26
317203,27
317204,24
317205,16
317206,16
317207,16
317208,16
317209,10
317210,16
317211,26
317212,2
317213,28
317214,16
317215,28
317216,24
317218,24
317219,24
317220,26
317221,24
317222,16
317223,16
317224,30
317225,24
317226,16
317227,16
317228,28
317229,30
317230,28
317231,13
317232,30
317233,8
317234,27
317235,24
317236,3
317237,30
317238,24
317239,37
317240,16
317241,4
317249,30
317257,10
317258,4
317274,30
317308,36
317315,16
317317,24
317319,30
317330,8
317355,10
317360,27
317377,28
317378,30
317382,30
317385,24
317387,24
317388,24
317393,16
317394,3
317405,16
317426,30
317441,24
317451,34
317465,8
317472,24
317484,8
317487,10
317491,30
317492,25
317493,5
317494,16
317495,24
317496,10
317497,16
317499,4
317500,24
317501,5
317504,24
317507,4
317508,3
317510,34
317511,24
317512,16
317513,10
317514,30
317515,16
317516,8
317517,36
317518,10
317519,10
317522,30
317523,30
317524,3
317525,16
317526,4
317527,16
317528,10
317529,22
317530,5
317531,24
317532,16
317533,30
317534,34
317535,16
317536,16
317537,24
317538,16
317539,23
317540,16
317541,16
317542,24
317543,30
317544,20
317545,24
317546,24
317547,24
317548,10
317549,27
317550,3
317551,30
317552,16
317553,8
317554,30
317556,16
317557,16
317558,5
317559,16
317560,8
317561,16
317562,25
317563,2
317564,8
317565,16
317566,16
317567,4
317568,30
317569,27
317570,16
317571,16
317572,16
317573,30
317574,16
317575,30
317576,34
317577,5
317578,16
317579,36
317580,30
317581,24
317582,24
317583,30
317584,24
317585,16
317587,2
317588,10
317589,16
317590,30
317591,16
317592,16
317593,27
317594,24
317595,30
317596,16
317597,30
317598,16
317599,16
317600,24
317601,28
317602,30
317603,24
317604,16
317605,16
317606,24
317608,4
317609,27
317610,5
317611,16
317612,16
317613,24
317614,16
317616,30
317617,28
317618,24
317619,10
317620,30
317621,36
317622,30
317623,4
317624,30
317625,31
317626,16
317627,16
317628,37
317629,24
317630,24
317631,16
317632,30
317633,24
317634,24
317635,24
317636,24
317637,24
317638,16
317639,24
317640,16
317641,25
317642,20
317643,24
317644,30
317645,16
317646,16
317647,24
317648,16
317649,24
317650,16
317651,24
317652,24
317653,16
317654,24
317655,24
317656,37
317657,16
317658,18
317659,27
317660,34
317661,24
317662,16
317663,24
317664,34
317665,30
317666,24
317667,16
317668,16
317669,16
317670,30
317671,24
317672,24
317673,16
317674,28
317675,33
317676,24
317677,24
317678,31
317679,28
317680,30
317681,24
317682,16
317683,34
317684,28
317685,24
317686,24
317687,28
317688,16
317689,24
317690,24
317691,30
317692,4
317693,24
317694,34
317695,16
317696,26
317697,24
317698,13
317699,16
317700,19
317701,26
317702,24
317703,30
317704,5
317705,4
317706,16
317707,31
317708,24
317709,16
317710,13
317711,27
317712,30
317713,24
317714,16
317715,28
317716,24
317717,36
317718,24
317719,5
317720,24
317721,16
317722,16
317723,24
317724,16
317727,23
318107,16
318262,18
318274,24
318275,28
318294,23
318300,16
318327,30
318356,28
318362,10
318363,33
318364,10
318368,24
318369,10
318370,28
318371,28
318372,24
318373,26
318374,16
318375,14
318376,16
318377,30
318378,24
318379,31
318380,28
318381,36
318382,30
318383,24
318384,16
318386,30
318387,5
318388,13
318389,10
318390,5
318391,27
318392,16
318393,24
318394,13
318395,27
318396,16
318397,4
318398,23
318399,19
318400,28
318401,16
318402,26
318403,16
318404,16
318405,28
318406,20
318407,22
318408,24
318409,28
318410,9
318411,16
318412,16
318413,30
318414,16
318415,30
318416,28
318417,2
318418,37
318419,16
318420,10
318421,5
318422,9
318423,16
318424,31
318425,16
318426,16
318427,30
318428,8
318429,24
318430,24
318432,24
318433,27
318434,24
318435,24
318436,16
318437,13
318438,24
318439,16
318441,10
318442,34
318443,22
318444,16
318445,24
318446,27
318447,24
318448,8
318449,16
318450,10
318451,31
318453,16
318454,28
318455,16
318456,16
318457,4
318458,28
318468,34
318483,24
318484,28
318511,24
318545,16
318553,16
318582,10
318591,16
318601,2
318602,8
318610,17
318615,24
318620,30
318633,16
318645,5
318695,5
318701,16
318702,16
318703,2
318704,16
318705,34
318706,34
318707,20
318708,16
318709,16
318710,16
318711,5
318712,34
318714,24
318715,10
318716,24
318717,24
318718,16
318719,16
318720,28
318721,16
318722,28
318723,16
318724,23
318725,16
318726,16
318727,16
318728,16
318729,31
318730,16
318731,16
318732,30
318733,16
318734,30
318735,24
318736,16
318738,31
318739,31
318740,16
318741,24
318742,30
318743,30
318744,3
318745,9
318746,23
318747,24
318748,24
318749,4
318751,2
318752,16
318753,27
318754,24
318755,20
318756,16
318757,27
318758,10
318759,16
318760,24
318761,16
318762,24
318763,36
318765,30
318766,30
318767,30
318768,24
318769,16
318770,30
318771,28
318772,27
318773,34
318774,28
318775,24
318776,28
318777,28
318778,30
318779,16
318780,36
318781,30
318783,28
318784,23
318785,10
318786,24
318787,30
318788,24
318789,24
318790,16
318791,34
318792,4
318793,34
318794,31
318795,5
318796,19
318797,30
318798,16
318799,30
318800,16
318801,10
318802,27
318803,30
318804,28
318805,16
318806,24
318807,26
318808,25
318809,10
318810,24
318811,24
318812,2
318813,16
318814,30
318815,26
318816,30
318818,24
318819,16
318820,3
318821,24
318822,24
318823,24
318824,16
318826,16
318827,24
318828,30
318829,30
318830,24
318831,28
318832,24
318833,16
318834,24
318835,30
318836,26
318837,4
318838,24
318839,2
318840,16
318841,30
318842,5
318843,31
318845,37
318846,24
318847,16
318848,24
318849,16
318850,30
318851,16
318852,24
318853,16
318854,24
318855,34
318856,34
318857,30
318858,2
318859,16
318860,27
318861,36
318862,24
318863,4
318864,24
318865,16
318866,28
318867,30
318868,24
318869,26
318870,16
318871,34
318872,16
318873,38
318874,31
318875,24
318876,1
318877,25
318878,14
318879,5
318880,34
318881,28
318882,24
318883,28
318884,5
318885,23
318886,28
318887,24
318888,36
318889,37
318890,34
318891,24
318892,27
318893,10
318894,24
318895,34
318896,16
318897,16
318898,16
318899,27
318900,24
318901,16
318902,10
318903,16
318904,27
318905,27
318906,16
318907,27
319269,28
319313,28
319343,28
319384,30
319447,4
319464,0
319469,28
319483,13
319490,32
319496,31
319503,16
319505,16
319507,16
319509,8
319510,26
319512,13
319513,27
319514,28
319516,16
319517,34
319518,16
319519,28
319520,30
319521,28
319522,18
319523,24
319524,2
319525,31
319526,9
319527,24
319528,31
319529,28
319530,5
319531,30
319532,28
319533,28
319534,24
319535,28
319536,24
319537,28
319538,5
319539,3
319540,16
319542,28
319543,27
319544,13
319545,24
319546,23
319547,30
319548,24
319549,24
319550,24
319551,24
319552,10
319553,24
319554,16
319555,30
319556,16
319557,28
319558,16
319559,37
319560,24
319561,19
319562,16
319563,27
319564,24
319565,36
319566,30
319567,24
319568,30
319570,16
319571,28
319572,28
319573,28
319574,24
319575,16
319576,16
319577,13
319578,37
319579,27
319580,16
319581,16
319582,14
319583,9
319584,2
319586,24
319587,28
319588,16
319589,4
319590,30
319591,34
319592,16
319593,4
319594,10
319595,24
319596,13
319598,0
319599,31
319600,24
319601,24
319602,16
319604,34
319605,30
319606,30
319607,24
319608,18
319609,30
319610,34
319611,16
319612,16
319613,24
319614,24
319621,30
319630,2
319631,4
319652,24
319660,30
319664,24
319671,30
319678,28
319683,30
319717,24
319724,30
319729,36
319730,24
319735,30
319750,26
319780,22
319801,30
319819,16
319822,24
319837,24
319838,30
319840,3
319841,16
319842,34
319843,24
319844,10
319845,25
319846,3
319848,30
319849,4
319850,23
319852,30
319853,16
319854,10
319855,30
319856,16
319857,34
319858,34
319859,28
319860,16
319861,4
319862,30
319863,4
319865,16
319866,5
319867,13
319868,30
319869,24
319870,16
319871,27
319872,24
319873,30
319874,16
319875,24
319876,24
319877,9
319878,16
319879,28
319880,20
319881,24
319882,3
319883,28
319884,30
319885,31
319887,30
319888,25
319889,2
319890,16
319891,16
319892,24
319893,24
319894,37
319895,10
319896,24
319897,4
319898,28
319899,26
319900,30
319901,24
319902,30
319903,24
319904,4
319905,23
319906,27
319907,8
319908,30
319910,6
319911,24
319912,24
319913,4
319914,30
319915,10
319916,16
319917,33
319918,5
319919,24
319920,10
319921,24
319922,16
319923,30
319924,4
319925,16
319926,24
319927,8
319928,28
319929,24
319930,30
319931,26
319932,16
319933,5
319934,24
319935,30
319936,24
319937,8
319938,8
319939,16
319940,24
319941,28
319942,30
319943,16
319944,24
319945,27
319946,24
319947,24
319948,24
319949,30
319950,34
319951,30
319953,16
319954,10
319955,24
319956,36
319957,10
319958,24
319959,9
319960,16
319961,27
319962,27
319963,16
319964,31
319965,30
319966,16
319967,16
319968,16
319969,16
319970,16
319971,5
319972,10
319973,24
319975,30
319976,4
319977,16
319978,28
319979,30
319980,16
319981,16
319982,4
319983,30
319984,16
319985,23
319986,30
319987,16
319988,24
319989,27
319990,36
319991,16
319992,16
319993,10
319994,6
319995,34
319996,16
319997,16
319998,24
319999,24
320000,36
320001,26
320002,30
320003,24
320004,8
320005,24
320006,16
320007,16
320008,27
320009,24
320010,24
320011,30
320012,30
320013,10
320014,24
320015,24
320016,16
320017,27
320018,24
320019,30
320020,27
320021,16
320022,14
320023,10
320024,16
320025,30
320026,16
320027,16
320028,24
320029,8
320030,24
320031,10
320032,10
320033,5
320034,24
320035,30
320036,24
320037,24
320038,16
320039,16
320040,24
320041,16
320042,24
320043,23
320044,10
320045,5
320046,4
320047,16
320048,24
320049,27
320050,27
320051,10
320052,30
320053,31
320054,16
320055,24
320056,24
320057,34
320058,16
320059,31
320060,37
320061,33
320062,16
320063,16
320064,27
320065,24
320066,24
320067,16
320068,16
320329,19
320390,10
320561,24
320563,28
320573,36
320604,4
320628,24
320642,16
320657,2
320663,16
320664,24
320665,34
320666,16
320667,16
320668,10
320669,19
320670,14
320671,24
320672,30
320673,25
320674,38
320675,24
320676,16
320677,24
320678,19
320679,16
320680,10
320682,16
320683,30
320684,16
320685,28
320686,16
320687,28
320688,30
320689,24
320690,39
320691,31
320692,24
320693,4
320694,16
320695,16
320696,1
320697,16
320698,30
320699,24
320700,5
320701,16
320702,24
320703,5
320704,37
320705,19
320706,27
320707,27
320708,34
320709,4
320710,24
320711,24
320712,8
320713,16
320714,24
320715,16
320716,6
320717,34
320719,3
320720,8
320721,5
320722,4
320723,16
320724,4
320725,16
320726,16
320727,16
320728,2
320729,16
320730,2
320731,4
320732,24
320733,0
320734,26
320735,24
320736,31
320737,30
320738,2
320739,26
320741,10
320742,16
320743,24
320744,24
320745,10
320746,16
320747,24
320748,22
320749,24
320750,24
320751,24
320752,16
320753,24
320754,16
320755,10
320756,23
320757,23
320767,18
320770,28
320790,24
320798,4
320817,24
320839,24
320841,24
320855,27
320860,24
320901,24
320906,30
320917,16
320919,24
320933,30
320935,28
320946,23
320948,24
320966,26
320968,16
320977,4
320979,24
320997,5
321001,24
321018,4
321019,26
321020,30
321021,16
321022,24
321023,13
321024,24
321025,37
321026,30
321028,20
321030,16
321031,24
321033,10
321034,36
321035,24
321036,16
321037,2
321039,8
321040,24
321041,37
321042,36
321043,5
321044,16
321045,7
321046,16
321047,5
321048,5
321050,4
321051,16
321052,24
321053,24
321054,16
321055,24
321056,28
321057,16
321058,30
321059,4
321060,30
321061,31
321062,30
321063,4
321064,16
321065,24
321066,4
321067,28
321068,37
321069,30
321070,27
321071,10
321072,16
321073,24
321074,19
321075,16
321076,16
321077,30
321078,30
321079,27
321080,30
321081,30
321082,30
321083,30
321084,16
321085,30
321086,16
321087,24
321088,24
321089,8
321090,8
321091,24
321092,30
321093,16
321094,16
321095,24
321096,16
321097,18
321098,24
321099,4
321100,34
321101,16
321102,24
321103,5
321104,20
321105,30
321106,22
321107,27
321108,8
321109,31
321110,4
321111,24
321112,24
321113,30
321114,10
321115,5
321116,24
321117,24
321118,26
321119,28
321120,4
321121,24
321122,16
321123,24
321124,31
321125,24
321126,24
321128,2
321129,28
321130,24
321131,24
321132,24
321133,30
321134,24
321135,5
321136,4
321137,27
321138,16
321139,24
321140,16
321141,30
321142,26
321143,24
321144,24
321145,24
321146,24
321147,27
321148,16
321149,2
321150,28
321151,24
321152,24
321153,16
321154,8
321155,10
321156,16
321157,23
321158,24
321159,24
321161,30
321162,13
321163,16
321164,10
321165,27
321166,30
321167,23
321168,31
321169,16
321170,24
321171,30
321172,24
321173,37
321174,24
321175,24
321176,16
321177,16
321178,23
321179,24
321180,10
321181,24
321182,31
321183,2
321184,28
321185,22
321186,5
321187,2
321189,33
321190,16
321191,2
321192,16
321193,16
321194,10
321195,26
321196,16
321197,24
321198,24
321199,16
321200,5
321201,28
321202,28
321203,24
321204,13
321205,4
321206,16
321207,36
321208,24
321209,30
321210,16
321211,24
321212,16
321213,24
321214,24
321215,24
321216,27
321217,16
321218,28
321219,2
321220,24
321221,14
321222,24
321223,24
321224,24
321225,27
321226,16
321227,27
321228,24
321229,24
321230,30
321231,16
321232,28
321233,14
321234,34
321235,24
321236,16
321237,16
321238,16
321624,16
321643,16
321703,16
321727,28
321750,30
321798,16
321800,24
321801,25
321804,37
321805,5
321806,16
321807,30
321808,24
321809,2
321810,16
321811,28
321812,5
321813,30
321814,31
321815,30
321816,28
321817,4
321819,24
321820,16
321821,24
321822,28
321823,34
321824,28
321825,8
321826,16
321828,30
321829,16
321830,30
321831,16
321832,16
321833,2
321834,28
321835,24
321836,4
321837,16
321838,24
321839,23
321840,2
321841,10
321842,27
321843,16
321844,28
321845,16
321847,27
321848,16
321849,24
321850,6
321851,20
321852,27
321853,16
321854,27
321855,10
321856,30
321857,16
321858,16
321859,4
321860,16
321861,16
321862,26
321863,16
321864,24
321865,28
321866,28
321867,16
321868,34
321869,16
321870,28
321871,24
321872,4
321873,8
321874,16
321875,19
321876,24
321877,14
321879,31
321880,15
321881,19
321882,16
321883,22
321884,22
321885,4
321886,38
321887,2
321888,16
321889,24
321890,26
321891,24
321892,24
321893,36
321894,23
321895,19
321896,31
321897,26
321898,24
321899,5
321900,16
321901,25
321902,16
321903,24
321904,16
321905,30
321906,28
321907,30
321908,24
321909,24
321911,27
321927,30
321936,30
321966,3
321980,30
321991,10
321997,23
322000,16
322008,16
322011,16
322020,28
322046,24
322050,16
322053,19
322063,16
322083,30
322085,16
322091,38
322093,16
322099,23
322105,24
322135,24
322137,34
322138,13
322140,10
322141,24
322143,30
322144,24
322145,16
322146,30
322147,24
322149,26
322150,26
322151,5
322152,16
322153,24
322154,18
322155,16
322156,16
322157,22
322158,31
322159,30
322161,10
322162,28
322164,16
322165,34
322166,30
322167,23
322168,30
322169,16
322170,8
322171,9
322172,31
322173,24
322174,30
322175,16
322176,16
322177,26
322178,19
322179,10
322180,24
322181,24
322182,31
322183,24
322184,38
322185,16
322186,16
322188,16
322189,3
322190,4
322191,30
322192,24
322193,16
322194,6
322195,30
322196,30
322197,4
322198,30
322199,16
322200,24
322201,16
322202,16
322203,2
322204,24
322205,16
322206,30
322207,27
322208,5
322209,30
322210,24
322211,26
322212,4
322213,31
322215,34
322216,10
322217,25
322218,5
322219,9
322220,5
322221,16
322222,24
322223,36
322224,24
322225,24
322226,30
322227,3
322228,10
322229,23
322230,24
322231,16
322232,27
322233,2
322234,5
322235,5
322236,30
322237,27
322238,30
322239,24
322240,27
322241,24
322242,28
322243,28
322244,8
322245,16
322246,36
322247,24
322248,24
322249,26
322250,24
322251,24
322252,26
322253,28
322254,16
322255,24
322256,16
322257,26
322258,2
322260,16
322261,16
322262,16
322263,24
322264,38
322265,7
322266,16
322267,24
322268,9
322269,16
322270,23
322271,22
322272,16
322273,16
322274,4
322275,2
322276,16
322277,24
322278,36
322279,30
322280,26
322281,30
322282,24
322283,30
322284,10
322285,37
322286,28
322287,16
322288,27
322289,26
322290,24
322291,34
322292,23
322293,24
322294,24
322295,16
322296,26
322297,26
322298,16
322299,16
322300,30
322301,24
322302,16
322303,3
322304,38
322305,16
322306,5
322307,34
322308,27
322309,16
322310,24
322311,16
322312,10
322313,24
322314,10
322315,16
322316,24
322317,16
322318,16
322319,16
322320,36
322321,24
322322,16
322323,4
322324,16
322325,16
322662,37
322714,28
322755,10
322837,28
322858,26
322864,19
322889,26
322897,24
322898,16
322899,9
322900,3
322901,4
322902,30
322903,28
322904,24
322905,26
322906,28
322907,8
322908,34
322910,24
322911,19
322912,24
322913,10
322914,30
322915,28
322917,2
322918,24
322919,5
322920,16
322922,24
322923,24
322924,10
322925,24
322926,34
322927,34
322928,16
322929,24
322930,9
322931,16
322932,16
322933,8
322934,36
322935,8
322936,16
322937,25
322938,16
322939,16
322940,24
322941,5
322942,16
322943,5
322944,16
322945,24
322946,16
322947,4
322948,31
322949,16
322950,34
322951,4
322952,16
322954,28
322955,30
322956,30
322957,26
322958,16
322959,30
322960,16
322962,24
322963,2
322964,34
322965,16
322966,16
322967,4
322968,16
322969,24
322970,26
322971,24
322972,19
322973,16
322974,24
322975,10
322976,16
322977,24
322978,24
322979,13
322980,34
322981,16
322982,24
322983,16
322984,30
322985,26
322986,28
322987,5
322988,24
322989,24
322990,16
322991,27
322992,30
322993,24
322994,5
322995,28
322996,27
322997,16
322998,30
322999,30
323000,16
323001,24
323002,16
323020,16
323023,16
323026,28
323031,24
323038,27
323040,13
323041,38
323044,24
323073,24
323080,16
323081,16
323086,8
323095,16
323100,8
323115,16
323130,30
323139,10
323148,10
323157,24
323162,30
323163,10
323175,4
323178,16
323179,9
323184,30
323199,24
323204,30
323208,24
323229,24
323244,10
323249,24
323250,26
323252,27
323253,34
323254,16
323255,16
323256,19
323257,30
323258,13
323259,6
323260,24
323261,31
323262,4
323263,24
323264,24
323265,9
323266,24
323267,24
323268,6
323269,23
323270,27
323271,10
323272,24
323273,13
323274,2
323275,24
323276,30
323277,16
323279,16
323281,24
323282,2
323283,5
323284,27
323285,16
323286,16
323287,30
323288,16
323289,16
323290,23
323291,30
323292,30
323293,22
323294,10
323295,20
323296,30
323298,30
323300,26
323301,16
323302,22
323304,8
323305,2
323306,9
323307,24
323308,30
323309,4
323310,8
323311,28
323312,3
323313,5
323315,24
323316,27
323317,24
323318,16
323319,30
323320,28
323321,5
323322,24
323323,5
323324,5
323325,34
323326,4
323327,27
323328,24
323329,24
323330,4
323331,4
323332,16
323333,27
323334,30
323335,31
323336,16
323337,24
323338,4
323339,34
323340,16
323341,24
323342,4
323343,30
323344,16
323345,10
323346,10
323347,34
323348,13
323349,13
323350,34
323351,16
323352,4
323353,24
323354,10
323355,27
323356,16
323357,16
323358,10
323359,16
323360,30
323361,34
323362,24
323363,16
323364,16
323365,8
323367,30
323368,24
323369,24
323370,27
323371,4
323372,24
323373,10
323374,25
323375,24
323376,24
323377,5
323378,16
323379,24
323380,28
323381,24
323382,30
323384,4
323385,30
323386,16
323388,16
323389,24
323390,4
323391,16
323392,16
323393,16
323394,34
323395,30
323396,5
323397,34
323398,8
323399,16
323400,8
323401,7
323403,3
323404,34
323405,24
323406,8
323407,30
323408,24
323409,16
323410,28
323411,24
323412,16
323413,2
323414,25
323415,8
323416,5
323417,30
323418,27
323419,16
323420,24
323421,16
323422,13
323423,16
323424,32
323425,16
323426,37
323427,16
323428,23
323429,38
323430,16
323431,28
323432,30
323433,24
323434,16
323435,24
323436,5
323437,30
323438,28
323439,24
323440,15
323441,24
323442,27
323443,30
323444,16
323445,2
323446,16
323447,5
323448,24
323449,16
323450,16
323451,16
323452,1
323453,16
323454,27
323455,27
323456,10
323457,16
323458,16
323642,16
323763,31
323821,26
323859,16
323866,16
323895,5
323910,8
323932,27
323973,38
323975,16
324013,24
324029,8
324032,16
324036,16
324037,26
324040,18
324041,24
324042,16
324043,28
324044,24
324045,6
324046,24
324047,27
324048,16
324049,26
324050,9
324051,16
324052,16
324053,13
324055,16
324056,19
324057,16
324058,20
324059,16
324060,24
324061,24
324062,28
324063,16
324064,16
324065,24
324066,16
324067,19
324068,16
324069,16
324070,3
324071,13
324072,30
324073,28
324074,28
324075,16
324076,5
324077,16
324078,16
324079,16
324080,30
324081,24
324082,25
324083,28
324084,30
324085,25
324086,4
324087,5
324088,27
324089,10
324090,30
324091,28
324092,16
324093,30
324094,26
324095,8
324096,16
324098,10
324099,30
324100,16
324101,16
324102,31
324103,4
324104,24
324105,15
324106,31
324107,20
324108,4
324109,24
324110,24
324111,26
324113,16
324114,24
324115,8
324116,28
324117,23
324118,16
324119,13
324120,16
324121,25
324122,24
324124,16
324125,24
324126,24
324127,26
324128,33
324129,31
324130,30
324131,16
324132,16
324133,16
324134,16
324135,16
324136,24
324137,30
324138,24
324139,24
324140,30
324141,10
324142,16
324143,16
324144,24
324145,24
324147,24
324152,16
324164,16
324180,30
324198,4
324199,16
324210,16
324211,5
324213,28
324223,16
324226,4
324239,16
324254,8
324292,16
324299,4
324302,24
324305,10
324307,24
324334,24
324343,27
324344,23
324356,16
324393,28
324403,24
324410,30
324414,30
324415,24
324416,24
324417,23
324419,31
324420,16
324421,16
324422,24
324424,10
324425,27
324426,16
324427,30
324428,24
324429,23
324430,23
324431,6
324432,25
324433,10
324435,16
324437,28
324438,13
324439,16
324440,16
324441,27
324442,24
324443,30
324444,30
324445,16
324446,38
324447,5
324448,27
324449,16
324450,30
324451,24
324452,16
324453,24
324454,8
324455,2
324456,16
324457,28
324458,16
324459,28
324460,30
324461,24
324462,16
324463,10
324464,30
324465,24
324466,16
324467,30
324468,10
324469,4
324470,27
324471,5
324472,24
324473,24
324474,28
324475,16
324477,30
324478,4
324479,16
324480,24
324481,28
324482,16
324483,24
324484,24
324485,16
324486,16
324488,10
324489,16
324490,34
324491,28
324492,30
324493,28
324494,30
324495,27
324496,10
324497,24
324498,24
324499,24
324500,24
324501,28
324502,16
324503,28
324504,13
324505,16
324506,25
324507,16
324508,28
324509,16
324510,16
324511,30
324512,24
324513,23
324514,2
324515,24
324516,25
324517,16
324518,8
324519,24
324520,4
324521,22
324522,27
324523,24
324524,30
324525,28
324526,24
324527,3
324528,28
324529,30
324530,39
324531,4
324532,38
324533,16
324534,31
324535,28
324536,16
324537,30
324538,30
324539,24
324540,10
324541,30
324542,16
324543,16
324544,34
324545,34
324546,34
324547,16
324548,19
324549,16
324550,30
324551,16
324552,34
324553,16
324554,10
324555,36
324556,16
324557,27
324558,10
324559,16
324560,24
324561,25
324562,26
324563,24
324564,16
324565,16
324566,16
324567,16
324568,26
324569,16
324570,8
324571,34
324572,23
324573,26
324574,16
324575,24
324576,16
324577,20
324578,13
324579,24
324580,34
324581,24
324582,24
324583,16
324584,16
324585,24
324586,23
324587,24
324588,16
324589,30
324590,24
324591,16
324592,10
324593,24
324594,16
324595,24
324596,24
324597,17
324598,24
324599,36
324600,24
324601,37
324602,24
324603,16
324604,24
324605,24
324606,24
324607,3
324608,16
324609,24
324610,24
324611,25
324612,16
324613,26
324614,30
324615,24
324616,26
324617,16
324618,5
324619,30
324620,30
324621,16
324622,27
324921,28
325052,28
325108,28
325109,4
325128,16
325132,24
325153,16
325161,16
325169,13
325178,0
325192,30
325193,24
325201,2
325202,24
325212,24
325213,16
325214,30
325217,16
325218,24
325219,24
325220,24
325221,4
325222,16
325223,24
325224,26
325225,16
325226,16
325227,24
325228,30
325229,30
325230,26
325231,16
325232,24
325233,8
325234,16
325235,31
325236,16
325237,8
325238,16
325239,16
325241,23
325242,30
325243,3
325244,24
325245,26
325246,16
325247,8
325248,4
325249,6
325250,24
325251,24
325252,16
325253,19
325254,5
325255,16
325256,19
325257,16
325258,26
325260,28
325261,24
325262,28
325263,16
325264,24
325265,27
325266,24
325267,22
325268,25
325269,16
325270,16
325271,13
325272,16
325273,30
325275,19
325276,16
325277,4
325278,4
325279,10
325280,20
325281,16
325283,28
325284,8
325285,24
325286,38
325287,28
325288,16
325289,16
325290,16
325291,28
325292,10
325293,4
325294,39
325295,30
325296,27
325297,28
325298,26
325299,24
325301,24
325302,24
325303,16
325304,10
325305,24
325306,28
325307,34
325308,24
325309,30
325310,16
325311,28
325312,24
325313,27
325314,16
325315,24
325316,37
325325,30
325328,30
325357,30
325366,10
325373,24
325374,5
325377,18
325382,2
325387,31
325408,28
325409,28
325418,4
325419,20
325430,10
325434,30
325458,16
325469,16
325474,30
325475,16
325503,22
325514,5
325518,24
325524,24
325526,4
325532,31
325534,2
325536,6
325539,34
325541,5
325542,38
325546,36
325552,16
325553,30
325556,25
325577,27
325578,24
325579,30
325580,36
325581,8
325583,24
325584,24
325585,31
325586,24
325587,24
325588,16
325589,27
325590,14
325591,4
325592,6
325593,19
325594,26
325595,4
325596,30
325597,6
325598,16
325599,36
325601,28
325602,30
325603,30
325604,30
325605,22
325606,30
325607,24
325608,5
325609,4
325610,16
325611,16
325612,23
325613,4
325614,28
325615,24
325616,10
325617,16
325618,24
325619,30
325620,24
325621,20
325622,24
325623,28
325624,20
325625,31
325626,16
325627,28
325628,30
325629,28
325630,16
325631,10
325632,24
325633,28
325634,24
325635,24
325636,24
325637,30
325638,16
325639,36
325640,27
325641,24
325642,16
325643,37
325644,24
325645,16
325647,24
325648,16
325649,24
325650,27
325651,16
325652,30
325653,37
325654,24
325655,33
325656,16
325657,24
325658,16
325659,13
325660,16
325661,31
325662,30
325663,28
325664,28
325665,24
325666,16
325667,30
325668,24
325669,28
325670,30
325671,24
325672,28
325673,16
325674,16
325675,16
325676,30
325677,16
325678,32
325679,30
325680,30
325681,9
325682,30
325683,23
325684,16
325685,28
325686,16
325687,30
325688,30
325689,5
325690,4
325691,28
325692,23
325693,16
325694,26
325695,36
325696,4
325697,24
325698,24
325699,30
325700,4
325701,30
325702,10
325703,4
325704,16
325705,30
325706,2
325707,24
325708,16
325709,8
325710,16
325711,24
325712,28
325714,24
325715,23
325716,37
325717,30
325718,16
325719,10
325720,4
325721,30
325722,10
325723,24
325724,16
325725,28
325726,10
325727,27
325728,16
325729,30
325730,30
325731,28
325732,16
325733,24
325734,4
325735,16
325736,4
325737,16
325738,30
325739,23
325740,3
325741,30
325742,19
325743,28
325744,30
325745,24
325746,16
325747,24
325748,24
325749,16
325750,4
325751,28
325752,24
325753,22
325754,24
325755,10
325756,36
325757,16
325758,16
325759,24
325760,28
325761,24
325762,16
325763,24
325764,16
325765,34
325766,28
325767,24
325768,34
325769,30
325770,39
325771,34
325772,24
325773,24
325774,16
325775,16
325776,16
325777,27
325778,16
325779,16
325780,24
325781,34
325782,24
325783,36
325784,24
325785,16
325786,5
325787,13
325788,24
325789,19
325790,16
325791,24
325792,3
325793,24
325794,24
325795,3
325796,24
325797,24
326200,16
326261,24
326315,30
326357,27
326358,16
326361,16
326363,16
326368,16
326369,34
326370,24
326371,24
326372,28
326373,10
326374,34
326375,16
326376,28
326377,19
326378,4
326379,4
326380,34
326381,16
326382,16
326383,31
326384,24
326385,18
326386,24
326387,24
326388,2
326389,16
326390,28
326391,19
326392,16
326393,24
326395,10
326397,37
326398,27
326399,6
326400,24
326401,30
326402,16
326403,28
326404,19
326405,5
326406,16
326407,24
326408,34
326409,24
326410,24
326411,27
326412,23
326413,24
326414,22
326415,10
326416,16
326417,8
326418,28
326419,16
326420,16
326421,16
326422,24
326423,26
326425,28
326426,25
326427,24
326428,16
326429,10
326430,19
326431,10
326432,24
326433,30
326434,30
326435,30
326436,30
326437,24
326438,24
326439,36
326440,16
326441,4
326442,36
326443,10
326444,22
326445,24
326446,16
326447,16
326448,24
326449,27
326450,4
326451,4
326452,24
326453,10
326454,5
326455,4
326456,16
326457,24
326458,24
326459,31
326460,24
326461,24
326462,24
326463,28
326464,26
326465,16
326466,30
326467,24
326468,16
326469,10
326470,24
326471,13
326472,30
326474,30
326476,30
326498,24
326511,13
326516,24
326522,30
326523,16
326525,8
326533,24
326535,30
326547,24
326551,30
326556,24
326560,23
326567,16
326572,24
326587,16
326588,19
326598,19
326603,16
326621,37
326628,24
326636,16
326692,16
326700,30
326704,8
326705,24
326707,28
326708,6
326709,31
326710,16
326711,30
326712,3
326713,16
326714,27
326715,24
326716,24
326717,16
326718,22
326719,27
326720,24
326721,24
326722,30
326723,34
326724,27
326725,10
326726,16
326727,31
326729,26
326730,10
326731,34
326732,10
326733,16
326734,22
326735,24
326736,27
326737,27
326738,24
326739,16
326741,16
326742,16
326743,10
326744,16
326745,2
326747,28
326748,18
326749,16
326750,30
326751,30
326752,30
326753,16
326754,28
326755,16
326756,30
326757,24
326758,3
326759,24
326760,16
326761,16
326762,4
326763,24
326764,16
326765,16
326766,10
326767,25
326768,16
326770,27
326771,2
326772,36
326773,16
326774,10
326775,36
326776,27
326777,16
326778,30
326779,2
326780,16
326781,30
326782,24
326783,10
326784,4
326785,4
326786,24
326787,30
326788,30
326789,16
326790,27
326791,27
326792,25
326793,28
326794,28
326795,24
326797,30
326798,30
326800,23
326801,16
326802,3
326803,24
326804,27
326805,28
326806,27
326807,24
326808,26
326809,16
326810,18
326811,4
326812,16
326813,30
326814,24
326815,25
326816,4
326817,5
326818,30
326819,16
326820,24
326821,16
326822,27
326823,24
326824,36
326825,16
326827,16
326828,34
326829,10
326830,36
326831,26
326832,28
326833,10
326834,4
326835,24
326836,24
326837,24
326838,16
326839,16
326840,16
326841,16
326842,16
326843,16
326844,24
326845,22
326846,16
326847,8
326848,28
326849,37
326850,30
326851,37
326853,16
326854,16
326855,2
326857,23
326858,5
326859,27
326860,23
326861,24
326862,24
326863,30
326864,5
326865,24
326866,24
326867,24
326868,16
326869,26
326870,5
326871,24
326872,34
326873,24
326874,24
326875,3
326876,31
326877,28
326878,16
326880,24
326881,26
326882,16
326883,24
326884,28
326885,30
326886,28
326887,16
326888,16
326889,16
326890,30
326891,26
326892,2
326893,24
326894,24
326895,22
326896,36
326897,4
326898,16
326899,4
326900,5
326901,5
326902,16
326903,10
326904,30
326905,24
326906,16
326907,28
326908,24
326909,34
326910,10
326911,34
326912,10
326913,24
326914,16
326915,16
326916,16
326917,27
326918,16
326919,16
326920,16
326921,30
326922,13
326923,18
326924,24
326925,8
326926,2
326927,16
326928,16
326929,9
326930,16
326931,24
327225,34
327226,5
327341,28
327351,26
327390,24
327396,27
327397,16
327420,19
327455,16
327466,28
327482,28
327517,30
327523,2
327525,24
327526,24
327528,16
327529,16
327530,24
327531,24
327532,16
327533,30
327534,24
327535,10
327536,30
327537,28
327538,27
327539,28
327540,27
327542,16
327543,30
327544,30
327545,23
327546,36
327547,24
327548,27
327549,19
327550,24
327551,8
327552,16
327553,24
327554,27
327555,16
327556,24
327557,27
327558,24
327559,25
327560,23
327561,27
327562,26
327563,5
327564,16
327565,30
327566,23
327567,9
327568,24
327569,28
327570,16
327571,13
327572,16
327573,16
327574,5
327575,23
327576,16
327577,10
327578,19
327579,5
327581,16
327582,28
327583,19
327584,16
327585,34
327586,16
327587,24
327588,16
327589,24
327590,27
327591,2
327592,8
327593,36
327594,31
327595,2
327596,28
327597,22
327598,24
327599,28
327600,24
327601,24
327602,37
327603,24
327604,16
327605,26
327606,30
327607,16
327608,16
327609,24
327610,27
327611,4
327612,10
327613,24
327614,16
327615,16
327616,15
327617,19
327618,24
327619,16
327620,38
327621,34
327622,34
327624,24
327625,24
327626,23
327627,10
327628,23
327629,24
327630,24
327631,25
327632,31
327661,16
327663,30
327668,16
327678,30
327679,24
327688,30
327691,36
327704,16
327730,24
327732,30
327735,28
327766,34
327775,5
327776,16
327826,28
327844,38
327851,24
327860,8
327873,16
327884,22
327885,26
327886,24
327887,23
327888,34
327890,16
327891,19
327893,5
327895,30
327896,16
327897,16
327898,4
327899,16
327900,16
327901,24
327902,23
327903,31
327904,5
327905,23
327906,36
327907,24
327908,28
327909,28
327910,24
327913,24
327914,4
327916,13
327917,24
327918,16
327919,30
327920,24
327921,37
327922,4
327923,25
327924,16
327925,30
327926,31
327927,10
327928,16
327929,10
327930,24
327931,10
327932,30
327933,16
327934,16
327935,13
327936,16
327937,34
327938,2
327939,24
327940,30
327941,16
327942,27
327943,28
327944,7
327945,30
327946,26
327947,28
327948,30
327949,27
327950,30
327951,24
327952,27
327953,31
327955,16
327956,4
327957,16
327958,16
327959,30
327960,18
327961,34
327963,10
327964,4
327965,16
327966,30
327967,24
327968,8
327969,10
327970,24
327971,16
327972,16
327973,16
327974,2
327975,16
327976,30
327977,5
327978,30
327979,16
327980,24
327981,24
327982,23
327983,24
327984,16
327985,24
327986,25
327987,28
327988,3
327989,30
327990,27
327991,30
327992,24
327993,16
327994,22
327995,16
327996,30
327997,30
327998,16
327999,5
328000,20
328001,13
328002,16
328003,8
328004,24
328005,16
328006,10
328007,16
328008,28
328009,30
328010,30
328011,28
328012,16
328013,24
328014,36
328015,16
328016,26
328017,5
328018,30
328019,24
328020,10
328021,24
328022,30
328024,16
328025,24
328026,24
328027,24
328028,28
328029,16
328030,24
328031,28
328032,16
328033,16
328034,25
328035,27
328036,28
328037,31
328038,16
328039,0
328040,10
328041,24
328042,18
328043,8
328044,30
328045,11
328046,2
328047,28
328048,16
328049,34
328050,16
328051,24
328052,28
328053,34
328054,8
328055,4
328056,16
328057,24
328058,3
328059,16
328060,24
328061,24
328062,16
328063,28
328064,22
328065,24
328066,4
328067,2
328068,16
328069,24
328070,24
328071,16
328072,24
328073,24
328074,16
328075,30
328076,34
328077,16
328078,27
328079,24
328080,24
328081,16
328082,26
328083,31
328084,26
328085,24
328086,16
328087,36
328088,24
328089,16
328090,16
328091,4
328092,30
328093,16
328094,24
328095,24
328096,31
328097,16
328098,24
328099,2
328101,4
328102,30
328103,16
328104,27
328487,16
328517,6
328589,24
328633,16
328650,24
328665,37
328679,5
328691,23
328692,28
328693,24
328695,14
328696,9
328698,23
328700,28
328701,30
328702,34
328703,16
328704,28
328705,27
328706,26
328707,16
328708,16
328709,24
328710,1
328711,24
328713,2
328714,24
328715,24
328716,4
328717,14
328718,30
328719,24
328720,24
328721,24
328722,38
328723,4
328724,24
328725,4
328726,28
328727,16
328728,13
328730,4
328731,24
328732,19
328734,16
328735,38
328739,26
328740,13
328741,4
328742,4
328743,16
328744,16
328745,16
328746,16
328747,5
328748,25
328749,8
328750,16
328751,2
328752,10
328753,4
328754,16
328755,31
328756,16
328757,30
328758,30
328759,27
328760,24
328761,16
328762,24
328763,16
328764,36
328765,24
328767,16
328768,13
328769,32
328770,24
328771,16
328772,34
328773,30
328774,16
328775,16
328776,30
328777,30
328778,5
328779,16
328780,16
328789,37
328794,16
328809,24
328818,10
328823,28
328829,4
328830,16
328886,30
328910,36
328911,4
328920,30
328923,16
328941,16
328969,23
328981,16
328991,24
328995,2
328998,30
329005,37
329017,16
329020,30
329028,26
329033,1
329044,24
329060,24
329061,34
329062,24
329063,24
329064,26
329065,16
329066,5
329068,32
329070,34
329071,24
329072,24
329073,5
329074,16
329075,30
329077,24
329078,16
329079,9
329080,34
329081,27
329082,2
329084,24
329085,31
329086,34
329088,16
329089,36
329090,38
329091,24
329092,24
329093,27
329094,16
329095,25
329096,31
329097,10
329098,16
329099,13
329100,28
329101,10
329102,24
329103,26
329104,24
329106,16
329107,2
329108,4
329109,16
329110,30
329111,24
329112,27
329113,24
329114,30
329115,37
329116,16
329118,30
329119,8
329120,30
329121,28
329122,30
329123,16
329124,30
329125,2
329126,24
329127,4
329128,24
329129,16
329130,4
329131,16
329132,30
329133,24
329134,27
329135,24
329136,16
329137,24
329138,24
329139,16
329140,28
329141,16
329142,36
329143,5
329144,10
329145,36
329146,24
329147,10
329148,34
329149,27
329150,16
329151,16
329152,16
329153,30
329154,13
329155,16
329156,24
329157,30
329158,24
329159,5
329160,13
329161,24
329162,30
329163,5
329164,28
329165,4
329166,30
329167,16
329168,9
329169,24
329170,16
329171,4
329172,8
329173,24
329174,18
329175,34
329176,30
329177,30
329178,16
329179,16
329180,4
329181,26
329182,2
329183,4
329184,4
329185,28
329186,16
329187,13
329188,24
329189,16
329190,8
329192,24
329193,16
329194,25
329195,16
329197,16
329198,31
329199,30
329200,30
329201,34
329202,24
329203,5
329205,30
329206,25
329207,4
329208,26
329209,13
329210,16
329211,28
329212,16
329213,34
329214,38
329215,24
329216,16
329217,24
329218,28
329219,5
329220,24
329221,24
329222,24
329223,28
329224,16
329225,16
329226,28
329227,31
329228,16
329229,6
329230,4
329231,23
329232,34
329233,5
329234,24
329235,24
329236,24
329237,30
329238,28
329239,16
329240,24
329241,14
329242,10
329243,24
329244,24
329245,34
329246,16
329247,19
329248,24
329249,24
329250,24
329251,16
329252,24
329253,24
329254,16
329255,22
329256,34
329257,16
329258,28
329259,16
329260,24
329261,27
329262,37
329263,16
329264,26
329265,27
329266,24
329267,24
329584,16
329612,28
329628,36
329714,5
329744,34
329759,31
329774,28
329779,5
329785,4
329819,13
329839,8
329840,16
329841,16
329850,27
329865,16
329866,16
329867,8
329868,5
329870,24
329871,28
329872,8
329873,2
329874,16
329875,3
329876,23
329877,2
329878,5
329879,36
329880,16
329881,20
329882,34
329883,24
329884,2
329885,24
329886,24
329887,24
329889,34
329890,24
329891,16
329892,16
329893,24
329894,27
329895,4
329896,16
329897,24
329898,24
329901,26
329902,25
329903,16
329904,16
329905,4
329906,2
329907,23
329908,16
329909,26
329910,16
329911,16
329912,24
329913,4
329914,24
329915,3
329916,24
329917,30
329918,25
329919,28
329920,4
329921,27
329922,16
329923,16
329924,28
329925,19
329926,30
329927,34
329928,2
329929,16
329930,37
329931,16
329932,16
329933,30
329934,30
329935,19
329936,16
329937,28
329938,16
329939,16
329940,16
329941,10
329942,30
329943,30
329944,24
329945,24
329946,16
329947,4
329948,24
329949,24
329950,27
329951,28
329952,16
329953,14
329954,28
329955,25
329956,24
329958,24
329959,24
329960,28
329961,16
329962,27
329963,18
329975,24
329976,13
330013,24
330021,4
330030,27
330031,2
330035,37
330037,23
330043,28
330044,31
330050,24
330054,5
330071,23
330086,24
330097,20
330124,34
330138,8
330170,28
330181,10
330182,24
330183,30
330184,16
330185,27
330186,16
330187,16
330188,14
330189,36
330191,16
330193,16
330194,16
330195,24
330196,24
330197,30
330198,4
330199,25
330200,16
330201,16
330202,16
330203,30
330204,27
330205,16
330206,16
330207,16
330208,24
330209,30
330210,24
330211,16
330212,31
330213,8
330214,16
330215,27
330216,27
330217,24
330218,10
330219,30
330220,31
330221,16
330222,27
330223,16
330224,30
330225,5
330226,19
330227,37
330228,24
330229,16
330230,30
330231,24
330232,31
330233,31
330234,23
330235,16
330236,28
330237,31
330238,23
330239,25
330240,16
330241,24
330242,5
330243,30
330244,16
330245,16
330246,16
330247,30
330248,4
330249,16
330250,16
330251,24
330252,16
330253,10
330254,1
330255,31
330256,31
330257,24
330258,9
330259,24
330260,16
330261,30
330262,24
330263,30
330264,6
330265,30
330266,16
330267,16
330268,24
330269,28
330270,3
330271,24
330272,24
330273,34
330274,23
330275,8
330276,16
330277,10
330278,10
330279,24
330280,4
330281,16
330282,24
330283,24
330285,30
330286,25
330287,16
330288,25
330289,24
330290,24
330291,34
330292,30
330293,30
330294,37
330295,24
330296,24
330297,16
330298,10
330299,30
330300,8
330301,24
330302,3
330303,9
330304,16
330305,8
330306,16
330307,13
330308,16
330309,24
330310,18
330311,16
330312,30
330313,4
330314,24
330315,26
330316,16
330317,37
330318,34
330319,30
330320,24
330321,27
330322,16
330324,10
330325,24
330326,30
330327,16
330328,31
330329,16
330330,28
330331,28
330332,28
330333,16
330334,16
330335,16
330336,16
330337,27
330338,28
330339,16
330340,2
330341,30
330342,8
330343,5
330344,10
330345,16
330346,31
330347,23
330348,24
330349,16
330350,4
330351,4
330352,10
330353,24
330354,24
330355,5
330356,30
330357,2
330359,24
330360,37
330361,27
330362,16
330363,27
330364,10
330365,24
330366,16
330367,16
330369,34
330370,24
330371,3
330372,5
330373,24
330374,24
330375,34
330377,36
330378,9
330379,4
330380,10
330381,34
330382,34
330383,27
330384,16
330385,16
330386,16
330387,24
330388,13
330389,27
330390,4
330391,24
330392,10
330782,30
330886,1
330897,24
330902,16
330928,5
330946,10
330958,16
330967,24
330986,16
330989,8
330990,8
330991,16
330992,8
330993,24
330994,24
330995,26
330996,36
330998,26
330999,28
331000,24
331001,26
331002,22
331003,26
331004,34
331005,24
331006,16
331007,30
331008,4
331009,2
331010,24
331011,36
331012,16
331013,10
331014,0
331015,34
331016,28
331017,5
331018,24
331019,16
331020,28
331021,19
331022,31
331023,16
331024,10
331025,4
331026,30
331028,16
331029,16
331030,30
331031,22
331032,28
331033,4
331034,24
331035,30
331036,16
331037,16
331038,10
331039,4
331040,24
331041,16
331042,16
331043,30
331044,30
331045,28
331046,24
331047,16
331048,28
331049,10
331050,22
331051,5
331052,16
331053,16
331054,5
331055,24
331056,24
331057,26
331058,8
331059,24
331060,8
331061,24
331062,24
331064,38
331065,23
331066,24
331067,26
331068,16
331069,24
331070,8
331071,19
331072,24
331073,28
331074,24
331075,16
331076,24
331077,27
331078,16
331079,16
331080,37
331081,18
331082,24
331083,34
331084,24
331085,16
331086,24
331087,30
331089,24
331090,9
331091,16
331092,24
331093,30
331094,16
331095,30
331101,36
331102,30
331115,16
331132,16
331147,24
331167,24
331196,30
331204,24
331205,26
331223,28
331227,31
331248,30
331260,37
331266,30
331279,19
331285,27
331289,24
331293,23
331314,30
331327,16
331334,16
331346,39
331352,16
331353,10
331354,24
331355,16
331356,24
331357,16
331358,16
331359,31
331362,16
331363,34
331364,1
331365,16
331366,16
331367,16
331369,24
331370,28
331372,24
331373,16
331374,24
331375,16
331376,4
331377,24
331378,30
331379,26
331380,15
331381,5
331382,4
331383,28
331384,28
331385,30
331386,27
331387,30
331388,24
331390,4
331391,28
331392,30
331393,13
331394,16
331395,24
331396,24
331397,30
331398,24
331399,25
331400,10
331401,24
331402,10
331403,28
331404,13
331405,26
331406,16
331407,30
331408,23
331409,24
331410,11
331411,24
331412,24
331413,10
331414,30
331415,16
331416,36
331417,10
331418,31
331419,28
331420,2
331421,24
331422,16
331423,4
331424,10
331425,24
331426,4
331427,16
331428,4
331429,30
331430,10
331431,31
331432,30
331433,28
331434,10
331435,23
331436,24
331437,24
331438,28
331439,16
331440,5
331441,26
331442,30
331443,24
331444,30
331445,10
331446,16
331447,16
331448,16
331449,28
331450,28
331451,36
331452,16
331453,24
331454,15
331455,24
331456,30
331457,24
331458,16
331459,16
331460,34
331461,4
331462,26
331463,16
331464,16
331465,28
331466,16
331468,16
331469,27
331470,16
331471,24
331472,4
331473,8
331474,30
331475,27
331476,27
331477,26
331478,8
331479,24
331480,0
331481,16
331482,4
331483,28
331484,16
331485,16
331486,4
331487,13
331488,7
331489,30
331490,28
331491,24
331492,24
331493,16
331494,24
331495,30
331496,30
331497,4
331498,24
331499,30
331500,13
331501,24
331502,24
331505,28
331506,36
331507,16
331508,24
331509,16
331510,16
331511,31
331512,24
331513,24
331514,4
331515,4
331516,30
331517,8
331518,4
331519,9
331520,24
331521,24
331522,5
331523,8
331524,24
331525,16
331526,22
331527,4
331528,25
331529,16
331530,10
331531,10
331532,3
331533,25
331534,20
331535,6
331536,5
331537,27
331538,34
331539,16
331540,10
331541,16
331542,4
331543,24
331544,16
331545,30
331546,24
331547,24
331548,16
331549,24
331550,28
331551,26
331552,10
331553,30
331554,16
331555,13
331556,28
331557,24
331558,5
331559,9
331560,30
331561,4
331562,8
331563,31
331564,16
331565,16
331900,9
331937,5
331985,34
332001,24
332062,30
332067,5
332119,30
332120,28
332148,10
332153,34
332154,16
332155,2
332156,6
332157,4
332158,27
332160,26
332161,26
332162,36
332163,16
332164,24
332165,26
332166,23
332167,34
332168,24
332169,16
332170,8
332171,34
332172,24
332173,6
332174,24
332175,27
332176,16
332177,4
332178,24
332179,16
332180,23
332181,4
332182,36
332183,28
332185,18
332186,28
332187,13
332188,27
332189,19
332190,30
332191,19
332192,16
332193,28
332194,10
332195,27
332196,19
332197,28
332198,28
332200,24
332201,30
332202,10
332203,31
332204,16
332205,16
332206,5
332207,16
332208,16
332209,6
332210,6
332211,0
332212,24
332213,16
332215,16
332216,24
332217,19
332218,27
332219,30
332221,30
332222,16
332223,31
332224,34
332226,16
332227,31
332228,26
332229,27
332230,27
332231,19
332232,24
332233,24
332234,24
332235,24
332236,16
332237,16
332238,24
332239,5
332240,4
332241,10
332242,34
332243,16
332244,16
332245,24
332246,4
332247,19
332248,2
332249,13
332250,30
332251,16
332252,24
332253,24
332254,16
332255,30
332256,16
332270,24
332306,24
332310,28
332315,30
332327,10
332332,24
332340,23
332343,16
332375,27
332396,30
332399,16
332405,24
332414,19
332421,7
332423,23
332440,23
332443,38
332446,24
332485,31
332505,23
332506,27
332508,16
332509,27
332510,30
332511,5
332512,34
332513,30
332514,30
332515,34
332516,16
332517,24
332518,16
332519,24
332521,4
332522,20
332523,28
332524,30
332525,2
332526,27
332527,24
332528,24
332530,16
332531,4
332533,36
332534,16
332535,16
332537,4
332538,24
332539,24
332540,30
332541,16
332542,2
332543,5
332544,16
332545,38
332546,23
332547,30
332548,16
332551,24
332552,30
332553,34
332555,24
332556,5
332557,13
332558,16
332559,16
332560,10
332561,30
332562,6
332564,30
332565,27
332566,5
332567,16
332568,28
332569,30
332570,5
332571,5
332572,37
332573,24
332574,34
332575,30
332576,27
332577,33
332578,26
332579,26
332580,30
332581,30
332582,27
332583,16
332584,30
332585,24
332586,4
332587,33
332588,4
332589,30
332590,24
332591,37
332592,28
332593,30
332594,30
332595,13
332596,24
332597,2
332598,28
332599,10
332600,28
332601,31
332602,24
332603,5
332604,27
332605,10
332606,5
332607,24
332608,24
332609,16
332610,24
332611,16
332612,15
332613,5
332614,30
332615,30
332616,24
332617,10
332618,16
332619,24
332620,24
332621,26
332622,30
332623,28
332624,24
332625,28
332626,13
332627,16
332628,4
332629,27
332630,24
332631,24
332632,30
332633,24
332634,24
332635,24
332636,26
332637,27
332638,13
332639,24
332640,28
332641,19
332642,24
332643,24
332644,24
332645,34
332646,13
332647,5
332648,30
332649,1
332650,30
332651,28
332652,7
332653,10
332654,28
332655,30
332656,8
332657,2
332658,30
332659,24
332660,16
332661,31
332662,0
332663,27
332664,24
332665,16
332666,8
332667,10
332668,24
332669,3
332670,26
332671,24
332672,27
332673,16
332674,13
332675,24
332676,24
332677,24
332678,10
332679,34
332680,24
332681,28
332682,24
332683,4
332684,24
332685,16
332686,24
332687,24
332688,24
332689,2
332690,27
332691,24
332692,24
332693,8
332694,8
332695,22
332696,22
332697,8
332698,20
332699,16
332700,4
332701,16
332702,23
332703,30
332704,24
332705,24
332706,37
332707,16
332708,24
332709,5
332710,16
332711,10
332712,4
332714,27
332715,24
332716,23
332717,27
332718,28
332994,13
333021,16
333050,31
333197,16
333212,28
333227,31
333231,24
333239,28
333250,24
333267,19
333274,16
333275,10
333276,4
333277,20
333278,25
333279,28
333281,26
333282,4
333283,19
333284,26
333285,26
333286,24
333287,16
333288,10
333290,31
333293,30
333294,28
333295,16
333296,30
333297,27
333298,26
333299,16
333300,8
333301,27
333302,22
333303,8
333304,27
333305,4
333306,24
333307,28
333308,28
333309,28
333310,23
333311,16
333314,4
333316,27
333317,16
333319,26
333320,4
333321,34
333322,16
333323,24
333324,16
333325,27
333326,24
333327,22
333328,16
333330,27
333331,14
333332,16
333333,27
333334,16
333335,28
333336,16
333337,22
333338,24
333339,2
333340,2
333341,26
333342,10
333343,34
333344,16
333345,24
333346,9
333347,28
333348,16
333349,30
333350,16
333351,24
333352,16
333353,24
333354,24
333355,26
333357,28
333358,30
333359,24
333360,24
333361,24
333362,31
333363,16
333364,24
333365,24
333366,2
333367,16
333368,24
333369,28
333370,27
333371,24
333372,10
333373,25
333374,4
333375,30
333376,30
333377,16
333378,34
333379,24
333388,16
333391,24
333395,24
333424,25
333425,10
333427,28
333432,16
333449,16
333461,30
333472,28
333477,24
333482,19
333494,5
333520,4
333528,30
333529,30
333530,28
333539,24
333555,5
333571,24
333576,23
333595,16
333611,16
333627,24
333633,16
333634,10
333635,16
333639,16
333640,16
333641,5
333642,19
333643,16
333644,28
333645,24
333647,28
333648,16
333649,28
333650,5
333651,30
333653,16
333654,24
333655,28
333657,4
333658,28
333660,24
333661,16
333663,24
333664,16
333666,2
333667,31
333668,16
333669,8
333670,23
333671,30
333672,24
333673,24
333674,16
333675,24
333676,24
333677,30
333678,28
333679,16
333680,5
333681,25
333682,8
333683,34
333684,24
333685,16
333686,16
333687,16
333688,16
333689,30
333690,30
333691,34
333692,24
333693,4
333694,30
333695,30
333696,30
333697,16
333698,30
333699,23
333700,16
333701,30
333702,4
333704,24
333705,16
333706,30
333707,27
333708,16
333709,25
333710,27
333711,27
333712,16
333713,24
333714,24
333715,16
333716,3
333717,24
333718,16
333719,16
333720,24
333721,3
333722,30
333723,28
333724,24
333725,16
333726,10
333727,16
333728,24
333729,24
333730,24
333731,23
333732,6
333733,5
333734,27
333735,24
333737,27
333738,24
333739,16
333740,24
333741,30
333742,7
333743,24
333744,36
333745,10
333746,27
333747,24
333748,30
333749,28
333750,30
333751,24
333752,16
333753,16
333754,24
333755,28
333756,16
333758,24
333759,16
333760,4
333761,16
333762,24
333763,16
333764,10
333765,24
333766,24
333767,24
333768,16
333769,8
333770,30
333771,16
333772,5
333773,30
333774,24
333775,26
333776,16
333777,4
333778,24
333779,16
333780,5
333781,16
333782,24
333783,16
333784,8
333785,4
333786,16
333787,28
333788,16
333789,16
333790,31
333791,5
333792,28
333793,24
333794,31
333795,36
333796,36
333797,24
333798,16
333799,16
333800,16
333801,10
333802,30
333803,28
333804,24
333805,28
333806,27
333807,9
333808,27
333809,30
333810,34
333811,34
333812,31
333813,24
333814,24
333815,16
333816,34
333817,34
333818,24
333819,24
333820,30
333821,24
333822,16
333823,24
333824,10
333825,30
333826,24
333827,16
333828,2
333829,24
333830,32
333831,16
333832,26
333833,24
333834,16
333835,24
334045,33
334165,24
334243,30
334312,19
334344,13
334347,24
334354,30
334371,3
334374,16
334382,24
334388,2
334399,16
334402,19
334406,24
334419,16
334420,23
334423,24
334424,13
334425,24
334426,24
334427,28
334428,34
334429,24
334430,16
334431,27
334432,24
334433,16
334434,4
334435,28
334436,8
334437,19
334438,31
334439,24
334440,18
334441,25
334442,4
334443,2
334444,23
334445,24
334446,24
334447,24
334448,36
334449,16
334450,24
334451,24
334452,30
334453,28
334454,10
334455,16
334456,8
334457,30
334458,28
334459,16
334460,16
334461,16
334462,16
334463,24
334464,16
334465,39
334466,39
334467,16
334468,16
334469,30
334470,16
334471,26
334472,30
334473,34
334474,24
334475,24
334476,16
334477,24
334478,24
334479,16
334480,30
334481,34
334482,34
334483,16
334484,24
334485,38
334486,28
334487,2
334488,28
334489,31
334490,28
334491,24
334492,16
334493,16
334494,27
334495,16
334496,16
334497,24
334498,26
334499,4
334500,24
334501,27
334502,10
334503,30
334504,16
334505,16
334506,5
334507,37
334508,10
334509,24
334510,5
334511,24
334512,30
334513,16
334514,4
334515,16
334516,16
334517,24
334518,34
334519,30
334521,30
334522,16
334523,16
334524,30
334525,9
334526,16
334533,9
334541,36
334545,27
334552,24
334559,30
334589,30
334598,5
334600,26
334602,16
334612,30
334630,16
334632,13
334634,16
334642,2
334655,16
334661,18
334662,24
334700,24
334719,30
334735,16
334741,23
334757,31
334773,16
334774,33
334775,16
334776,16
334777,3
334778,16
334779,16
334780,24
334781,16
334782,24
334783,34
334784,24
334786,2
334787,16
334789,24
334790,26
334792,30
334793,6
334794,24
334795,24
334796,2
334797,30
334798,30
334799,24
334800,16
334801,27
334802,16
334803,28
334804,16
334805,26
334806,30
334807,30
334808,30
334809,30
334810,30
334812,16
334813,24
334814,30
334815,30
334816,31
334817,27
334818,9
334819,30
334820,30
334821,30
334822,4
334823,16
334824,23
334825,24
334826,30
334827,24
334828,16
334830,4
334831,24
334832,27
334833,8
334834,5
334835,37
334836,30
334837,16
334838,27
334839,24
334840,24
334841,28
334842,27
334843,24
334844,25
334845,30
334846,24
334847,31
334848,27
334849,27
334850,16
334851,24
334852,30
334853,23
334854,16
334855,16
334856,30
334857,24
334858,9
334859,24
334860,28
334861,5
334862,24
334863,28
334864,16
334865,27
334866,22
334867,16
334868,34
334869,16
334870,16
334871,39
334872,24
334873,10
334874,16
334875,24
334876,16
334877,24
334878,14
334879,16
334880,30
334881,27
334882,14
334884,5
334885,30
334886,24
334887,4
334888,28
334889,27
334890,5
334891,16
334892,16
334893,16
334894,13
334895,16
334896,30
334897,16
334898,4
334899,24
334900,16
334901,24
334902,25
334903,4
334904,34
334905,34
334906,28
334907,5
334908,30
334909,10
334910,26
334911,23
334912,36
334914,16
334915,16
334916,24
334917,24
334918,34
334919,16
334920,22
334921,30
334922,20
334924,22
334925,28
334926,16
334927,28
334928,34
334929,28
334930,10
334931,16
334932,16
334933,24
334934,8
334935,28
334936,14
334937,34
334938,16
334939,16
334940,31
334941,24
334942,28
334943,24
334944,16
334945,4
334946,30
334947,5
334948,16
334949,24
334950,37
334951,8
334952,28
334953,26
334954,13
334955,24
334956,16
335293,26
335315,16
335333,30
335367,16
335409,16
335431,31
335493,16
335507,16
335509,16
335525,28
335530,24
335551,34
335552,23
335559,24
335563,16
335565,34
335568,30
335569,28
335570,28
335571,4
335572,28
335573,16
335574,24
335575,24
335576,34
335577,16
335578,24
335579,26
335581,10
335582,16
335583,28
335584,8
335585,24
335586,5
335587,26
335588,24
335590,34
335591,28
335592,24
335593,10
335594,16
335595,27
335596,16
335597,16
335598,2
335599,16
335600,16
335601,16
335602,5
335603,30
335604,28
335605,16
335606,5
335607,27
335608,16
335609,5
335610,16
335612,30
335613,10
335614,16
335615,16
335616,16
335617,34
335618,16
335619,30
335620,27
335621,8
335622,30
335623,5
335624,24
335625,4
335626,24
335627,24
335628,28
335629,24
335630,39
335631,19
335632,16
335633,16
335634,25
335635,25
335636,8
335637,24
335638,37
335639,24
335640,19
335641,14
335642,24
335643,4
335644,27
335645,2
335646,16
335647,16
335648,2
335649,36
335650,24
335651,8
335652,26
335653,10
335654,24
335655,10
335656,17
335657,24
335658,10
335659,24
335660,16
335661,31
335662,2
335663,2
335664,24
335665,24
335666,24
335668,30
335669,13
335670,30
335671,16
335672,24
335673,24
335674,31
335681,28
335683,26
335707,4
335730,24
335731,30
335745,24
335749,31
335753,24
335757,4
335762,4
335765,30
335770,16
335787,26
335807,5
335811,24
335818,24
335822,26
335823,23
335824,8
335835,16
335842,16
335852,4
335857,30
335869,24
335877,25
335883,30
335898,24
335899,37
335921,23
335935,30
335941,24
335942,27
335943,2
335944,28
335945,22
335946,39
335947,8
335948,16
335949,16
335950,16
335951,16
335952,30
335953,34
335954,24
335955,30
335956,8
335957,10
335958,23
335959,16
335960,16
335961,16
335962,34
335964,34
335965,13
335966,16
335967,34
335968,16
335969,16
335970,16
335971,4
335972,24
335973,16
335974,23
335975,16
335976,16
335977,28
335978,16
335979,27
335980,10
335981,16
335982,16
335983,24
335984,16
335985,13
335986,30
335987,34
335988,28
335989,16
335990,20
335991,28
335992,28
335993,25
335994,24
335995,30
335996,16
335997,24
335998,16
335999,30
336000,24
336001,16
336002,27
336003,16
336004,28
336005,30
336006,24
336007,16
336008,8
336009,27
336010,30
336011,24
336012,13
336013,24
336014,16
336015,27
336016,16
336017,30
336018,16
336019,24
336020,16
336021,25
336022,31
336023,30
336024,24
336025,4
336026,16
336027,36
336028,23
336029,28
336030,16
336031,24
336032,10
336033,24
336034,16
336035,24
336036,24
336037,16
336038,4
336039,10
336040,24
336041,24
336042,30
336043,24
336044,34
336045,24
336046,5
336047,24
336048,24
336049,30
336050,0
336051,16
336052,16
336053,16
336054,30
336055,30
336056,24
336057,16
336058,24
336059,34
336060,31
336061,5
336062,10
336063,16
336064,4
336065,16
336066,16
336067,30
336068,24
336069,25
336070,8
336071,16
336072,3
336073,4
336074,30
336075,16
336076,24
336077,16
336078,24
336079,24
336080,30
336081,24
336082,10
336083,28
336084,25
336086,16
336087,34
336088,10
336089,16
336090,4
336091,30
336092,30
336094,30
336095,33
336096,13
336097,2
336098,30
336099,34
336100,10
336101,16
336102,36
336103,16
336104,24
336105,27
336106,36
336107,16
336108,4
336109,30
336110,24
336111,26
336113,4
336114,28
336115,10
336116,31
336117,16
336118,16
336119,24
336120,24
336121,24
336122,24
336123,24
336124,24
336125,10
336126,16
336127,30
336128,16
336129,23
336130,25
336131,16
336132,27
336133,24
336134,8
336135,24
336136,27
336137,24
336138,24
336139,4
336140,16
336141,24
336142,16
336143,13
336144,16
336145,16
336146,24
336147,16
336148,36
336149,4
336150,16
336151,10
336152,24
336153,26
336154,4
336155,16
336156,10
336157,23
336158,16
336159,16
336160,27
336161,28
336162,34
336163,16
336164,4
336475,25
336646,4
336663,23
336715,16
336738,28
336767,30
336768,28
336769,28
336771,16
336772,10
336773,13
336774,10
336775,4
336776,30
336777,5
336778,27
336779,27
336780,33
336781,24
336782,24
336783,24
336784,28
336785,24
336786,16
336787,24
336788,28
336789,20
336790,34
336791,16
336792,37
336793,30
336794,28
336795,16
336796,23
336797,16
336798,10
336799,16
336800,24
336801,24
336802,24
336804,30
336805,24
336806,24
336807,4
336808,16
336809,16
336810,16
336811,24
336812,25
336813,16
336814,10
336815,27
336816,16
336817,16
336818,28
336819,16
336820,16
336821,24
336823,16
336824,5
336825,8
336826,26
336827,4
336828,16
336829,4
336830,30
336831,24
336832,24
336833,25
336834,36
336836,10
336837,24
336838,16
336839,31
336840,4
336841,24
336842,4
336843,4
336844,23
336845,30
336846,24
336847,24
336848,34
336849,16
336850,28
336851,24
336855,16
336864,5
336878,22
336884,31
336901,24
336912,30
336920,31
336950,10
336981,27
336984,30
336987,8
336989,31
336993,2
336996,16
337024,19
337025,28
337046,30
337048,4
337059,30
337079,3
337080,30
337095,31
337107,16
337110,8
337111,16
337112,39
337113,37
337114,24
337115,16
337116,25
337117,28
337119,30
337122,16
337123,16
337124,30
337125,28
337126,37
337127,24
337128,27
337129,16
337130,31
337131,2
337132,24
337134,26
337135,30
337136,24
337137,27
337138,28
337140,28
337141,34
337142,16
337143,30
337144,27
337145,16
337146,16
337147,24
337148,30
337149,24
337150,16
337151,16
337152,9
337154,4
337155,34
337156,16
337157,4
337158,16
337159,24
337160,30
337161,37
337162,10
337163,16
337164,27
337165,24
337166,16
337167,27
337168,24
337169,10
337170,16
337171,30
337172,16
337173,26
337174,27
337175,16
337176,3
337177,28
337178,24
337179,30
337180,16
337181,16
337182,8
337183,24
337184,27
337185,16
337186,31
337187,24
337188,5
337189,23
337190,27
337191,27
337192,30
337193,5
337194,27
337195,30
337196,16
337197,28
337198,24
337199,30
337200,24
337201,24
337202,2
337203,30
337204,2
337205,24
337206,24
337207,24
337208,34
337209,22
337210,30
337211,10
337212,16
337213,24
337214,30
337215,34
337216,30
337217,23
337218,28
337219,24
337220,8
337221,31
337222,22
337223,24
337224,30
337225,30
337226,16
337227,28
337228,10
337229,16
337230,16
337231,16
337232,3
337233,24
337234,16
337235,16
337236,16
337237,16
337238,37
337239,16
337240,24
337241,19
337242,30
337243,28
337244,27
337245,5
337246,24
337247,24
337248,24
337249,31
337250,16
337251,24
337252,28
337253,28
337254,24
337255,16
337256,30
337257,2
337258,24
337259,28
337260,27
337261,26
337262,24
337263,24
337264,5
337265,23
337266,16
337267,26
337268,16
337269,28
337270,10
337271,24
337272,34
337273,30
337274,31
337275,24
337276,30
337277,4
337278,24
337279,39
337280,30
337281,16
337282,28
337283,24
337284,16
337285,16
337286,16
337287,13
337288,2
337289,16
337290,24
337291,5
337292,24
337293,27
337294,30
337295,10
337296,24
337297,16
337298,24
337299,24
337300,24
337301,16
337302,27
337303,24
337304,24
337305,24
337306,20
337307,16
337308,30
337309,6
337310,16
337311,16
337312,16
337313,2
337314,24
337315,4
337316,10
337317,24
337318,28
337319,16
337648,20
337655,36
337723,24
337788,16
337803,26
337859,28
337865,13
337878,28
337890,13
337904,38
337908,16
337923,22
337939,24
337940,16
337943,26
337944,31
337945,4
337946,5
337947,16
337948,5
337950,5
337951,28
337952,28
337953,30
337954,16
337957,16
337958,24
337959,27
337960,20
337961,24
337962,16
337964,16
337965,16
337966,28
337967,16
337968,4
337969,31
337970,6
337971,3
337972,16
337973,16
337974,16
337975,16
337976,26
337977,27
337978,26
337979,24
337980,16
337981,28
337982,31
337983,24
337984,24
337985,28
337986,24
337987,27
337988,2
337989,16
337990,19
337991,16
337992,28
337993,30
337994,13
337995,30
337996,26
337997,4
337998,16
337999,27
338000,16
338001,34
338002,30
338003,13
338004,37
338005,24
338006,19
338007,8
338008,8
338009,16
338010,26
338011,16
338012,16
338013,30
338014,16
338015,36
338016,24
338017,24
338018,24
338019,16
338020,14
338021,13
338022,30
338023,16
338024,22
338025,24
338026,24
338027,28
338051,24
338052,24
338066,34
338094,2
338109,26
338116,24
338122,16
338124,16
338126,10
338127,20
338137,5
338140,16
338151,20
338170,16
338175,16
338176,36
338183,16
338197,24
338212,18
338214,4
338218,30
338235,16
338250,34
338260,26
338262,8
338263,10
338264,27
338265,8
338266,34
338267,5
338268,16
338269,16
338270,10
338272,3
338273,24
338274,30
338275,34
338276,31
338277,8
338278,25
338279,5
338280,16
338281,16
338282,16
338283,30
338284,24
338285,34
338287,16
338288,16
338289,28
338290,30
338291,13
338292,34
338293,30
338295,27
338296,4
338297,39
338298,34
338299,2
338300,20
338301,34
338302,30
338303,8
338304,24
338305,16
338306,24
338307,39
338308,16
338309,37
338310,30
338311,34
338312,16
338314,34
338315,30
338316,24
338317,24
338318,16
338319,4
338320,16
338321,24
338323,30
338324,19
338325,4
338326,24
338327,26
338328,5
338329,24
338330,31
338331,16
338332,16
338333,4
338334,16
338335,28
338336,16
338337,10
338338,34
338339,16
338340,16
338341,26
338342,4
338343,26
338344,26
338345,28
338346,24
338347,24
338348,24
338349,24
338350,4
338351,10
338352,16
338353,34
338354,24
338355,28
338356,25
338357,30
338358,16
338359,30
338360,16
338361,24
338362,16
338363,28
338364,16
338365,26
338366,5
338367,24
338368,30
338369,10
338370,24
338371,30
338372,34
338373,30
338374,16
338375,4
338377,30
338378,4
338379,16
338380,24
338381,24
338382,27
338383,16
338384,16
338385,24
338387,16
338388,8
338389,24
338390,28
338391,24
338392,4
338393,16
338394,16
338395,24
338396,24
338397,24
338398,8
338399,16
338400,26
338401,24
338402,16
338403,16
338404,24
338405,10
338406,10
338407,24
338408,28
338409,30
338410,26
338411,16
338412,16
338413,24
338414,16
338415,16
338416,16
338418,16
338419,28
338420,16
338421,24
338422,2
338423,5
338424,31
338425,16
338426,18
338427,16
338428,4
338429,16
338430,30
338431,24
338432,16
338433,24
338434,16
338435,24
338436,24
338437,28
338438,28
338439,20
338440,36
338441,24
338442,27
338443,16
338444,24
338445,24
338446,9
338447,23
338448,16
338449,36
338450,30
338451,30
338452,16
338453,30
338454,24
338455,4
338456,24
338457,10
338458,24
338459,8
